8.279130680135221576e-01,8.284573276124329588e-01,8.284240111851920441e-01,8.279226776332850868e-01,8.279361279486231462e-01,8.273240826928019986e-01,8.265413198729089084e-01,8.275777430912927279e-01,8.275891819639134006e-01,8.278675714409954312e-01,8.278245271183110043e-01,8.272699917110621914e-01,8.270663649267609996e-01,8.279188542997454325e-01,8.280114768295699923e-01,8.275136481213598572e-01,8.271886523184670548e-01,8.272847242344433250e-01,8.273241598140740338e-01,8.277546755606529638e-01,8.281185979914315043e-01,8.275861397851567158e-01,8.274427145679149609e-01,8.270589871441978991e-01,8.269821441600985201e-01,8.281602833212207138e-01,8.283433489987784837e-01,8.275824275093701665e-01,8.279357034776880786e-01,8.273182800577083551e-01,8.271363995718143958e-01,8.279188225921026989e-01,8.285851019464989253e-01,8.277234166875644394e-01,8.276391705319435799e-01,8.265888508714438476e-01,8.275665821685781465e-01,8.271674119277809822e-01,8.273245177901352720e-01,8.265143106016519248e-01,8.274627786822428277e-01,8.268419569355731635e-01,8.277221785081039229e-01,8.290150186263375298e-01,8.281827650335545909e-01,8.277070041433762793e-01,8.283767751486554864e-01,8.276396571820563430e-01,8.284068850711515664e-01,8.268908845405149588e-01,8.274191616845527619e-01,8.272147733846958451e-01,8.268421459444178501e-01,8.281669836401479579e-01,8.280909693073179589e-01,8.268265486588844970e-01,8.281242649457394300e-01,8.276888999566196503e-01,8.277352822613934791e-01,8.279579717842825426e-01,8.278822186920098414e-01,8.264838375337680842e-01,8.276385772664131002e-01,8.275882258433268079e-01,8.272670496573565346e-01,8.280607538084265862e-01,8.276859040086930186e-01,8.281885096644415745e-01,8.275015724176902898e-01,8.275281180846760787e-01,8.278591082411621560e-01,8.279064162707361341e-01,8.261549812748214539e-01,8.277639649715388126e-01,8.272425538383741950e-01,8.272177026910888520e-01,8.281728329622650708e-01,8.278829696264419225e-01,8.272429579211930672e-01,8.276987780490477897e-01,8.278815494070588255e-01,8.267113046596468173e-01,8.285280144535022151e-01,8.282114052289997197e-01,8.273409437994243554e-01,8.277610843448459654e-01,8.282771318647814685e-01,8.276764185224988468e-01,8.266908872955227583e-01,8.275421924265412565e-01,8.266673097050970531e-01,8.256557494071582459e-01,8.279493237310348031e-01,8.255295115125198535e-01,8.280718269867141101e-01,8.284831579202550644e-01,8.270942156272061974e-01,8.270244961020603025e-01,8.277712147758466976e-01,8.284829737018323259e-01,8.283070481049505940e-01
8.278737850305941670e-01,8.282647582576114775e-01,8.271642479548590998e-01,8.277894021297802496e-01,8.274392903856334636e-01,8.272086665366671365e-01,8.276185050063498139e-01,8.282215297277268906e-01,8.279360929969661331e-01,8.276819672545413509e-01,8.275276487781954016e-01,8.287199866177863417e-01,8.281558486335742764e-01,8.285586346501321309e-01,8.264874747131824018e-01,8.269292709594207036e-01,8.283770134011717579e-01,8.272465495267030677e-01,8.275416362711831564e-01,8.283202103086132473e-01,8.277304113514137862e-01,8.269179204801417882e-01,8.281352717544470110e-01,8.271373701610071905e-01,8.274293345177798908e-01,8.270199219002496438e-01,8.277780433540508076e-01,8.272298640420012728e-01,8.281008776580186526e-01,8.278350074502861533e-01,8.269407147363514454e-01,8.260794943091448461e-01,8.274257202067881733e-01,8.286683856305906426e-01,8.282666802891531788e-01,8.272724359361447455e-01,8.281035493691706328e-01,8.272709643310756089e-01,8.280190782004988037e-01,8.276846691004823287e-01,8.283775057440558864e-01,8.285770850914869756e-01,8.283772575762793355e-01,8.284149828674287619e-01,8.263725869228162324e-01,8.274172151333961667e-01,8.282584005879971567e-01,8.276812071802658322e-01,8.265473929006552645e-01,8.277590816632519610e-01,8.287172011253298720e-01,8.268365683503836605e-01,8.271749649648724168e-01,8.280133345074510709e-01,8.286216871150762220e-01,8.274996889335559658e-01,8.289203546003336420e-01,8.267777993489560107e-01,8.277103556261614647e-01,8.276113609232419455e-01,8.280657468256825693e-01,8.279011529398306868e-01,8.283645172914663179e-01,8.276061750137151396e-01,8.271625393221025968e-01,8.280889647382077001e-01,8.251716239094869509e-01,8.277784484251989872e-01,8.281205637113991935e-01,8.283004449327308061e-01,8.284345947682283384e-01,8.274881209766440371e-01,8.278054041302828070e-01,8.270507770975663586e-01,8.274221992694025252e-01,8.270759426286153904e-01,8.280911951795082437e-01,8.266512776777190652e-01,8.283861820297155898e-01,8.271089312143454775e-01,8.290449253019487319e-01,8.279960865786998303e-01,8.277701553265878198e-01,8.284939962002729752e-01,8.272685201789929943e-01,8.276145315507400513e-01,8.271346586789113386e-01,8.276345123960533456e-01,8.284877938626951099e-01,8.276072404500322000e-01,8.275050207766000421e-01,8.263238696669225058e-01,8.284154977750713966e-01,8.275357995952060675e-01,8.277534654938420999e-01,8.283150147618598691e-01,8.271618856429726607e-01,8.264799409758972759e-01,8.277540441623435497e-01,8.284628354950612783e-01,8.278601878726185026e-01
8.278525922635480150e-01,8.277868032418982391e-01,8.275575936690465761e-01,8.286104674666627812e-01,8.270044451055474921e-01,8.265237028409337938e-01,8.277715728869714518e-01,8.277403390398890837e-01,8.276129720025278136e-01,8.280157457034400537e-01,8.272090123894462188e-01,8.278957635169507112e-01,8.272076541891846269e-01,8.278968658838939954e-01,8.275631584842405575e-01,8.286213243515205829e-01,8.284489331291600145e-01,8.275845554211822552e-01,8.281743938406860295e-01,8.271041418561011493e-01,8.283820557240731963e-01,8.276639476170999377e-01,8.286353121388180254e-01,8.283492993814298710e-01,8.279117105892075390e-01,8.271161952825143437e-01,8.283434767108903696e-01,8.282700085600445128e-01,8.276230960743832243e-01,8.258389713152834988e-01,8.282347535380206738e-01,8.281088320273812808e-01,8.276215425211782550e-01,8.280917586623555149e-01,8.285349509687134351e-01,8.266151253241240671e-01,8.281625303918270786e-01,8.278894923762689650e-01,8.277437396243452206e-01,8.280950488484046801e-01,8.278038898963177017e-01,8.274998638781460025e-01,8.280625252412318060e-01,8.276626771246640146e-01,8.266824466550357631e-01,8.266598184781200898e-01,8.280834008601367646e-01,8.270226985035656897e-01,8.270065128123408327e-01,8.265999966827483059e-01,8.287888619323200423e-01,8.268647281339763788e-01,8.274735274589241074e-01,8.276673605619438989e-01,8.276885333093159103e-01,8.284748614755954588e-01,8.278947651091391746e-01,8.286005928638831008e-01,8.278453365466202918e-01,8.269722276691459095e-01,8.279785609443686134e-01,8.275024374845543207e-01,8.272371534528869530e-01,8.287389372785749497e-01,8.278474035802603215e-01,8.277681158342821144e-01,8.275882870349212661e-01,8.278071731996619054e-01,8.281179651403738351e-01,8.274708573273434897e-01,8.279037373935469457e-01,8.275938664524445931e-01,8.284213065784592489e-01,8.276578976313718750e-01,8.286565221747983490e-01,8.282592208945550594e-01,8.276052392655890433e-01,8.281005195931835372e-01,8.281048421980898855e-01,8.287947279587981608e-01,8.281754327292029094e-01,8.269705946091084892e-01,8.272707132859296042e-01,8.269074546908063983e-01,8.276723801070383635e-01,8.278314014596075410e-01,8.288475456103014949e-01,8.274389243246094150e-01,8.273382608781583158e-01,8.282328112322607794e-01,8.265068351188511464e-01,8.284744393079205294e-01,8.270739526904624661e-01,8.274145447842861101e-01,8.268984336216305131e-01,8.275619571926757789e-01,8.276891845806093606e-01,8.286901830453075046e-01,8.269569109431784693e-01,8.278118466425812283e-01,8.279385959128086059e-01
8.603859734476799748e-01,8.282635789915753222e-01,8.268074892006638255e-01,8.277419416135542996e-01,8.280705519925704028e-01,8.278832928050465778e-01,8.270596024054611695e-01,8.271770436170681196e-01,8.283694641257552949e-01,8.279299610111310326e-01,8.285764271487056076e-01,8.275895979797235347e-01,8.273627472976846642e-01,8.275589809418524290e-01,8.279043316153292809e-01,8.278156837381382971e-01,8.263591067157327608e-01,8.273534009177961890e-01,8.281460672397565892e-01,8.269208406877401885e-01,8.282219067115280664e-01,8.262897075466054675e-01,8.285190193354767807e-01,8.274762759983643745e-01,8.273468568107360532e-01,8.284894527408479536e-01,8.272661087244754796e-01,8.274970976741221618e-01,8.286538283616380340e-01,8.283789350079318048e-01,8.267552339882081602e-01,8.287455895197125555e-01,8.275312221651376365e-01,8.268523790037619614e-01,8.276368724610603245e-01,8.279949665532764236e-01,8.279333992281068255e-01,8.274203976605249977e-01,8.281421339045255126e-01,8.265992073107949478e-01,8.256265830991631471e-01,8.283886881926685319e-01,8.278466440989062924e-01,8.282134382065459155e-01,8.284655258371256270e-01,8.289604338249904059e-01,8.281232466772950884e-01,8.279605896661931252e-01,8.270463611615721522e-01,8.271682064696657122e-01,8.278209502428797162e-01,8.262125416170715830e-01,8.284623969570142910e-01,8.271788618491900946e-01,8.282576300750977838e-01,8.277831346047718197e-01,8.268793394470234093e-01,8.276877817408262450e-01,8.276698114125113914e-01,8.271941645214698768e-01,8.273347246690119228e-01,8.261172997826597975e-01,8.285933679184622758e-01,8.275587497172232077e-01,8.278776769405322700e-01,8.278611407591754956e-01,8.271209669783310403e-01,8.278878608417420404e-01,8.267509380127161522e-01,8.280600273757966479e-01,8.291764212000888312e-01,8.267008916790866691e-01,8.277969478628360855e-01,8.281436590006359122e-01,8.272112244247006307e-01,8.285924783035594210e-01,8.274079230673132557e-01,8.267348316903232464e-01,8.282819743661338219e-01,8.266667156033519204e-01,8.272858995067580157e-01,8.275965895444921117e-01,8.281368568656967133e-01,8.274604790844247715e-01,8.259612760196425318e-01,8.281639041518309430e-01,8.277354708295486807e-01,8.286746199626972009e-01,8.273587500221718516e-01,8.265117209320207436e-01,8.264442105866757204e-01,8.285035113901594306e-01,8.278769459502884898e-01,8.281308500197358535e-01,8.271305639180721592e-01,8.276343318688768047e-01,8.277454532488710548e-01,8.278360839654452796e-01,8.286044372825623894e-01,8.269783673419631720e-01,8.261823878734796400e-01
8.889198654833870838e-01,8.637505971172597663e-01,8.354246189165965841e-01,8.278392363896949213e-01,8.277577746127852132e-01,8.275264769378247731e-01,8.277819645696038453e-01,8.281745790729965195e-01,8.284036170128584731e-01,8.280657859628497430e-01,8.272516104163486483e-01,8.273220070289073469e-01,8.279007385434502542e-01,8.271607229106240355e-01,8.277303277665736259e-01,8.284102052509706438e-01,8.278917008634314456e-01,8.280430808681598087e-01,8.277457954365146087e-01,8.283872951903440418e-01,8.278309326064774432e-01,8.286620832047750795e-01,8.283386333883521191e-01,8.255546209187329953e-01,8.284392568901608467e-01,8.281678850704292660e-01,8.269495730270088885e-01,8.261388885135190208e-01,8.273101743046318290e-01,8.272104284819493669e-01,8.278445364920323790e-01,8.279036068145977367e-01,8.273902384720821512e-01,8.271663798637647336e-01,8.259253922351227351e-01,8.275725727842694335e-01,8.272037097746774981e-01,8.284205889178021254e-01,8.270935014978612054e-01,8.283925789111684646e-01,8.277158478351523963e-01,8.272388442823125354e-01,8.255454640518644638e-01,8.282866246098007368e-01,8.271507384689161801e-01,8.277473560120423013e-01,8.286973413422695778e-01,8.278992598934807878e-01,8.269647185619394270e-01,8.273781980263693603e-01,8.272568890811003994e-01,8.286669041378931233e-01,8.279003597501451983e-01,8.272414465229290803e-01,8.283673664816672000e-01,8.283028542703287922e-01,8.272454196190369702e-01,8.282324158654965629e-01,8.283537205863441555e-01,8.274463501587260295e-01,8.276337292836096760e-01,8.271448970158579161e-01,8.269891825952498943e-01,8.276342881107089378e-01,8.283125652554957918e-01,8.258405184501738105e-01,8.280680062911253136e-01,8.283615379568851633e-01,8.278698874495268312e-01,8.290749921587203808e-01,8.284725001108406151e-01,8.267981678544404911e-01,8.278125998778586014e-01,8.283702195821678327e-01,8.287237388765427148e-01,8.277470736714925836e-01,8.283121480051640617e-01,8.267158627517361413e-01,8.272081048202515330e-01,8.270044080760399208e-01,8.274884849313265400e-01,8.281207048977949903e-01,8.265189580660716739e-01,8.266576800160762017e-01,8.285592227057224646e-01,8.263932924854933137e-01,8.275910644810846595e-01,8.262898107625291644e-01,8.278353687800056315e-01,8.258248042793554511e-01,8.279396680167008249e-01,8.275882326367824948e-01,8.283054847296097423e-01,8.274190115162269876e-01,8.288142617387063149e-01,8.278123498927763002e-01,8.278673689693486493e-01,8.271086292213261082e-01,8.285472252550752925e-01,8.280388081584522109e-01,8.279545827208621978e-01
9.063691458442173499e-01,8.872008266810315069e-01,8.644877554188541424e-01,8.403533838055042837e-01,8.285276685044334899e-01,8.278757132079388459e-01,8.274727354301861793e-01,8.287105748055888510e-01,8.269417278914568126e-01,8.284080306471501842e-01,8.281368655032800286e-01,8.274436307778401112e-01,8.274982422070843446e-01,8.282707570969353172e-01,8.282111649805660170e-01,8.285632503088495859e-01,8.277232707200490314e-01,8.269533954103021056e-01,8.284700891915544041e-01,8.279781334018082584e-01,8.287636605106437626e-01,8.275083497059974036e-01,8.279497705608344083e-01,8.269153292770665686e-01,8.282128759480635871e-01,8.275142292681675338e-01,8.279293665913866063e-01,8.270830566901675729e-01,8.281791460601588550e-01,8.277883695659915553e-01,8.271597515582869153e-01,8.267819487125842581e-01,8.282270453949016620e-01,8.281978038396132780e-01,8.270858132880960500e-01,8.276346786399443323e-01,8.277759407846457806e-01,8.278534079934805057e-01,8.279809073482959914e-01,8.286578174812379016e-01,8.282350810101610783e-01,8.275028768941032897e-01,8.280304074256400471e-01,8.273718294363014980e-01,8.277278088576497383e-01,8.273853925180963964e-01,8.284147411842615050e-01,8.276952915270052724e-01,8.283152700604167196e-01,8.263082695202175199e-01,8.283103873254872296e-01,8.274614064457658236e-01,8.280286645792316325e-01,8.280937468057990580e-01,8.278089483889939926e-01,8.279161108971908600e-01,8.276386807803717272e-01,8.275014887326923585e-01,8.281523989916599326e-01,8.278324869966975363e-01,8.275516545371766064e-01,8.271377171711974396e-01,8.276493585058358748e-01,8.278404531280625367e-01,8.275304090402579860e-01,8.276774337610949273e-01,8.271504256895600982e-01,8.270528016025699980e-01,8.282885220225169043e-01,8.279425090025231970e-01,8.282549072376528265e-01,8.281889639255533009e-01,8.284549252122517249e-01,8.284971608041891145e-01,8.286095368669574857e-01,8.275622226886363286e-01,8.283993161919951387e-01,8.283351144280581835e-01,8.276371462580418559e-01,8.281861141991164743e-01,8.283191271659220423e-01,8.278158982443281078e-01,8.278281172439789781e-01,8.281679471407099591e-01,8.286566605857743628e-01,8.273014631196025093e-01,8.281801547849357847e-01,8.284143934205770998e-01,8.285460162947376750e-01,8.274327737574348474e-01,8.278375973068640148e-01,8.280760226270337254e-01,8.274480004930118149e-01,8.278544488304433457e-01,8.272337752614968842e-01,8.283121939365639674e-01,8.277056428485499717e-01,8.280882124931213673e-01,8.276563853371655677e-01,8.267813177747771469e-01,8.280984192233529217e-01
9.182055919266189914e-01,9.028323127127305670e-01,8.846332888507772996e-01,8.608718061236285690e-01,8.360803169280680569e-01,8.280456902920869666e-01,8.281855909434178153e-01,8.271805133513376873e-01,8.269447841668841059e-01,8.279058984685291334e-01,8.270006584515724457e-01,8.277713732739948593e-01,8.267815605998255490e-01,8.284739379212053834e-01,8.278851368122910337e-01,8.286353595211550793e-01,8.283578523332425503e-01,8.281082999452639148e-01,8.260808026039202501e-01,8.279831090562828066e-01,8.274382359943993626e-01,8.277761817790297849e-01,8.274748388019714795e-01,8.282548883246519944e-01,8.283716232755545805e-01,8.271491620501112418e-01,8.269486960513080520e-01,8.283496437943660418e-01,8.276948592950804651e-01,8.270363815651065043e-01,8.278850921117375528e-01,8.280535341635311131e-01,8.278385284740582550e-01,8.286667118053478998e-01,8.282246221622477922e-01,8.274061701404216151e-01,8.277995827439930121e-01,8.276270024574339246e-01,8.279704654558613930e-01,8.284131354968735650e-01,8.277174312078048324e-01,8.266544797453683202e-01,8.274259129213359376e-01,8.271379442128025117e-01,8.272092225384909403e-01,8.274185683307948569e-01,8.283992506045382287e-01,8.284407995415182802e-01,8.282945576355424944e-01,8.277159138439172947e-01,8.279184556782578364e-01,8.271886270396913154e-01,8.270678300270131178e-01,8.287238573629003291e-01,8.284575790279760099e-01,8.288497905855305437e-01,8.282550169383017247e-01,8.272393977267671339e-01,8.274903107024189630e-01,8.278667170425564326e-01,8.281443587132318873e-01,8.269440723675621774e-01,8.277283396663807080e-01,8.274346267503801533e-01,8.267664425402486694e-01,8.268937681418079277e-01,8.286813878498773267e-01,8.287730143603886379e-01,8.286263961785297338e-01,8.264015849408979930e-01,8.262996735124901182e-01,8.286045940728362647e-01,8.277600905062851844e-01,8.271285804082961768e-01,8.285071979026469302e-01,8.276041857162951265e-01,8.283008685709780661e-01,8.286390742670891596e-01,8.277020557285745817e-01,8.278607632607478672e-01,8.270857783573825062e-01,8.283090252597992142e-01,8.283450493103379220e-01,8.281989101260908148e-01,8.282352445388991846e-01,8.282978768204776188e-01,8.285106578500260888e-01,8.272285178711789033e-01,8.271906979243992541e-01,8.267426901955278185e-01,8.283901011995149499e-01,8.274928226500644080e-01,8.273154002333007462e-01,8.272342876366863829e-01,8.282156291496056699e-01,8.282118914603548987e-01,8.288136652999580356e-01,8.276766837038568303e-01,8.274431416522329830e-01,8.263400269266039100e-01,8.284656210823174716e-01
9.267719747076648140e-01,9.147063693286361374e-01,8.984110986763886864e-01,8.817702616461587928e-01,8.567320359952868003e-01,8.365480758642904746e-01,8.297377992411267833e-01,8.282635778297759988e-01,8.281093019114931231e-01,8.279389255749226573e-01,8.288586629638481362e-01,8.269286638509489862e-01,8.278517404614379460e-01,8.281743434567547801e-01,8.271939166228173823e-01,8.269272564232190703e-01,8.273622131562571314e-01,8.281192934381880200e-01,8.290789903828565954e-01,8.279039651720273563e-01,8.270582265558408253e-01,8.279141893291351861e-01,8.275875350592614144e-01,8.274067932864358488e-01,8.284687411725664141e-01,8.283398856941878163e-01,8.278384988701733560e-01,8.276663329701711147e-01,8.279063247490043853e-01,8.283142712949159714e-01,8.279545964214949372e-01,8.275036463169314072e-01,8.274548628086936253e-01,8.270110864225308500e-01,8.277403185687342013e-01,8.281260337831342078e-01,8.269824319372773846e-01,8.266264109938529225e-01,8.284598842614318004e-01,8.273220495777178218e-01,8.261986605044028265e-01,8.278559197165114014e-01,8.278572943128823525e-01,8.280753755117572501e-01,8.278054742262558330e-01,8.282614591647480262e-01,8.280571955177893351e-01,8.276466821033795496e-01,8.284891989950865510e-01,8.280197750233235787e-01,8.282081060695120067e-01,8.279578012362236450e-01,8.270341456252655599e-01,8.279120093094463062e-01,8.287422349140369793e-01,8.280434051810118268e-01,8.282721903207544978e-01,8.270789909042209898e-01,8.282211008468510771e-01,8.273832558168168205e-01,8.273251469224001120e-01,8.279409110761831725e-01,8.275111232459307908e-01,8.261148231106276718e-01,8.279229548883435541e-01,8.274080847814164752e-01,8.279113382416486422e-01,8.276604289240051537e-01,8.283277257257034565e-01,8.286158020097528221e-01,8.280363642707553318e-01,8.274208400507001571e-01,8.280942486484937914e-01,8.278862997977981530e-01,8.275598443528818793e-01,8.281920151655052242e-01,8.279309402518068017e-01,8.276351560811392449e-01,8.285426415635563924e-01,8.271291836668696051e-01,8.279333803683567305e-01,8.282593917082143875e-01,8.275055696954265461e-01,8.274502043218058267e-01,8.273557177237617077e-01,8.280448634139154773e-01,8.278281012774486580e-01,8.272323409522741589e-01,8.273766803422580862e-01,8.269179495380165612e-01,8.268900597533499486e-01,8.271206364446536119e-01,8.277210215718742159e-01,8.277920542747413402e-01,8.268548298622226955e-01,8.271399062474751318e-01,8.273450571171088175e-01,8.278967034420058324e-01,8.278903829357759925e-01,8.271993590565309695e-01,8.274772832347074836e-01
9.335258466867270011e-01,9.229399333557691820e-01,9.101004712919009698e-01,8.947600247259773765e-01,8.758337172511332369e-01,8.576767643389310303e-01,8.487513421679422354e-01,8.381289646590448505e-01,8.337607808897610218e-01,8.275259093448360526e-01,8.299178960216880840e-01,8.274635382135542283e-01,8.261302014501535895e-01,8.273787065007544017e-01,8.271727901896482882e-01,8.276602173827746212e-01,8.283345473349473798e-01,8.282463759303635431e-01,8.278683284182453139e-01,8.277393524050711271e-01,8.273295080902723919e-01,8.263963883783770337e-01,8.277420895260939604e-01,8.275612403901523306e-01,8.280092467106823229e-01,8.269439821008194302e-01,8.270867669585881821e-01,8.277213618523282523e-01,8.283108709333728559e-01,8.283092824507610752e-01,8.263282456191959335e-01,8.272355074323481938e-01,8.281413642359025662e-01,8.273068095127004140e-01,8.270601748236330319e-01,8.280745241699931647e-01,8.268911265710208180e-01,8.277615743624475719e-01,8.274306853413713192e-01,8.269582208443373439e-01,8.269129590728102608e-01,8.278557419477254875e-01,8.281493265031122375e-01,8.282712578352980914e-01,8.280945233160774688e-01,8.286234467990570840e-01,8.276424932545409785e-01,8.273235612167357811e-01,8.267320299943857753e-01,8.274540653453260619e-01,8.279860535680333422e-01,8.282612554709690711e-01,8.272875594074119432e-01,8.279544535188330112e-01,8.281341137933345697e-01,8.275649790023504870e-01,8.280910328519850427e-01,8.264607520162357002e-01,8.278338573596772942e-01,8.281357636987664028e-01,8.281830851574008001e-01,8.281594921933265185e-01,8.265255958181589868e-01,8.275004188644271563e-01,8.279445891710156546e-01,8.284717322776162796e-01,8.274518775781849467e-01,8.272789489504072113e-01,8.273975874574339695e-01,8.275911575422864042e-01,8.267055860635048603e-01,8.283722846877276114e-01,8.282987736780856869e-01,8.281796779563626032e-01,8.278328352104875609e-01,8.268236215801576527e-01,8.284938754833148788e-01,8.276552632515822294e-01,8.270710344415224125e-01,8.277313135368780106e-01,8.284600003055549999e-01,8.284907524571807347e-01,8.285911143432678205e-01,8.282967336283875159e-01,8.270632349956773544e-01,8.270960038517916058e-01,8.274351618491574412e-01,8.275558297899678895e-01,8.270371611114686328e-01,8.289146188614165967e-01,8.269923965679021327e-01,8.282727144236514683e-01,8.272910360827495646e-01,8.288602593561003040e-01,8.276046633852797152e-01,8.281926020016279200e-01,8.274673606300341211e-01,8.279155405647554700e-01,8.280468994556366980e-01,8.277772137987361445e-01,8.266809554603821164e-01
9.384050333977405067e-01,9.297170196318285118e-01,9.185854747439456958e-01,9.060725626717404113e-01,8.884781886140745710e-01,8.745860045000614091e-01,8.613652285984533252e-01,8.562695028559383914e-01,8.481193967090523422e-01,8.364391865330685905e-01,8.328391813178004366e-01,8.269414956206985190e-01,8.272821644698510335e-01,8.302232880065105736e-01,8.269299896601157718e-01,8.282583433171971654e-01,8.276122988001907155e-01,8.278084028364713909e-01,8.269451407040890878e-01,8.280795998569824290e-01,8.284565213310105536e-01,8.268652039979236257e-01,8.283304222704288566e-01,8.286333868584297990e-01,8.276974960096397105e-01,8.270555411620509334e-01,8.278043128439235288e-01,8.280930204512546577e-01,8.285607673432064946e-01,8.280702348145438929e-01,8.276097302009087775e-01,8.277625855897138285e-01,8.279122982993649682e-01,8.281201968686455750e-01,8.283079697642961037e-01,8.280053962451876526e-01,8.281326978032227393e-01,8.280848705349082017e-01,8.280613970568921900e-01,8.275739140497069268e-01,8.271685893874145545e-01,8.274720857823407716e-01,8.275806345921128404e-01,8.280667336247213850e-01,8.275528131329790149e-01,8.284665571403428963e-01,8.270708948488383339e-01,8.281340019620619941e-01,8.275933766203925623e-01,8.274172295490803686e-01,8.273359684113538171e-01,8.278999978706272911e-01,8.283526181530088683e-01,8.268977721732916342e-01,8.273852130429054652e-01,8.277659420072089880e-01,8.277242456431804785e-01,8.282793246892040662e-01,8.278649954084823515e-01,8.276111477823195894e-01,8.282957087442227584e-01,8.278677165321728371e-01,8.284649689940744022e-01,8.265174020598062832e-01,8.268101090429662570e-01,8.271101722059409633e-01,8.265596533127812506e-01,8.274522758129456701e-01,8.280525517861500040e-01,8.279457502516937017e-01,8.276619553370077043e-01,8.284738921458238980e-01,8.276363687439411976e-01,8.281998638774774602e-01,8.279063912539179615e-01,8.283216922736386101e-01,8.285830665426686670e-01,8.284489452311091240e-01,8.288707546941231907e-01,8.281079219182256868e-01,8.276358672786818804e-01,8.277365255517298293e-01,8.281436141424766140e-01,8.274653734578663045e-01,8.276868719808331276e-01,8.280696356100628597e-01,8.283837645196555632e-01,8.274263494253412121e-01,8.263574660844552611e-01,8.266203425421025930e-01,8.275723649830465378e-01,8.269193799492755570e-01,8.277532329760984853e-01,8.275623531848183001e-01,8.273571177454809300e-01,8.284183550221098091e-01,8.279061302728699667e-01,8.281401971836198639e-01,8.276550817100482016e-01,8.278703902297975814e-01,8.281116875415557299e-01
9.424348471509402803e-01,9.357046393059067491e-01,9.259855515480122090e-01,9.140404720002774930e-01,9.014957796418139324e-01,8.891442608362635225e-01,8.696881984740366667e-01,8.625491484947478416e-01,8.540459735628479487e-01,8.477573087108755123e-01,8.473004179581938855e-01,8.381596574300056446e-01,8.339726471742556768e-01,8.316260767497201112e-01,8.382744491214324523e-01,8.292775738708669797e-01,8.279833285696477363e-01,8.297696990446128407e-01,8.284993594798454319e-01,8.276882847197538640e-01,8.277636924341428282e-01,8.284239862700499835e-01,8.286957501758823730e-01,8.267683696331818988e-01,8.280787879786362105e-01,8.283900171558298275e-01,8.276959289240173323e-01,8.278548045971843017e-01,8.272796810890181707e-01,8.276247193903438770e-01,8.271330908766482137e-01,8.282769569314386571e-01,8.275045957033034805e-01,8.288341624899523419e-01,8.268939143867888308e-01,8.286203483194307662e-01,8.272423074078159022e-01,8.280540607860348290e-01,8.273756456004133231e-01,8.279366036244649729e-01,8.279567253269657368e-01,8.278935603159848222e-01,8.275623174354629352e-01,8.263867688638386610e-01,8.272862270482298497e-01,8.275965883264538858e-01,8.278727831414776084e-01,8.269398884309770992e-01,8.277397023770260986e-01,8.279683627329521567e-01,8.283952448129915380e-01,8.276739392804217665e-01,8.276042010630019208e-01,8.286560699576495104e-01,8.269417421024743975e-01,8.277251732916457438e-01,8.274546087559775387e-01,8.278740255987360186e-01,8.282482245893494355e-01,8.278194524284916422e-01,8.276439759366474025e-01,8.280070284157668992e-01,8.278811787193430805e-01,8.276554393067061532e-01,8.283090094016963834e-01,8.269250301244263079e-01,8.283353479280495257e-01,8.282920486568027263e-01,8.280915734869648270e-01,8.278955714494571350e-01,8.277304645027121488e-01,8.282071251992340066e-01,8.271688322408118355e-01,8.282212039733670705e-01,8.278824561185942343e-01,8.265078714969784635e-01,8.271206946677429617e-01,8.281519906901566586e-01,8.270899253654930838e-01,8.279955011140731624e-01,8.284901207729181705e-01,8.281890962963993630e-01,8.279243027394909138e-01,8.273784101141171687e-01,8.279139766973738768e-01,8.270207697007581071e-01,8.272872782942076730e-01,8.278046198190456284e-01,8.281316821259516736e-01,8.279832868460655915e-01,8.279383560730577685e-01,8.267948849622939189e-01,8.269298325294812679e-01,8.276161943687502243e-01,8.269550869028776674e-01,8.282191612601798036e-01,8.270661940666951262e-01,8.277670450459101437e-01,8.278676986498280099e-01,8.289646824276676318e-01,8.281155255644563340e-01
9.456704122168670956e-01,9.397274919219684719e-01,9.315708437233526373e-01,9.222144852394659198e-01,9.087999316507174852e-01,8.979200872584466309e-01,8.892331398016827260e-01,8.698913862844644962e-01,8.638784984369440867e-01,8.602641560684145539e-01,8.612891884012386923e-01,8.494176287479163756e-01,8.512034416726887986e-01,8.362514761801973506e-01,8.428726938178173755e-01,8.381477829943881908e-01,8.375627615885469224e-01,8.351475526651137571e-01,8.384290980888312594e-01,8.311011014895919313e-01,8.274245076036240709e-01,8.277369657314533891e-01,8.300528072868316176e-01,8.279207548819519369e-01,8.302812587395319577e-01,8.279967663708626135e-01,8.268210673890709073e-01,8.263626044061841425e-01,8.285578242789235492e-01,8.275749806245181750e-01,8.265286617247217249e-01,8.278732467150186070e-01,8.282509619023511460e-01,8.272265227001515120e-01,8.288513387178969571e-01,8.277212211082126680e-01,8.265822856319872125e-01,8.279494810080259004e-01,8.279481510732399352e-01,8.281800713122503543e-01,8.274836153292174368e-01,8.281372093042967952e-01,8.270891456600202307e-01,8.275601013842341924e-01,8.282722083150676484e-01,8.269051999995675750e-01,8.277775658472705800e-01,8.283064406215518982e-01,8.266753599897281868e-01,8.281301570742958251e-01,8.274586459300371510e-01,8.280540006458402269e-01,8.274810625757080818e-01,8.280352320204449335e-01,8.274974078582394421e-01,8.284492120868233167e-01,8.281507785171764446e-01,8.276181252156266099e-01,8.266475789250844475e-01,8.282779784682358093e-01,8.284232923171884755e-01,8.273389680383553824e-01,8.282415599836707720e-01,8.284220983948855643e-01,8.283769932228673971e-01,8.287104891312486732e-01,8.282074210278003168e-01,8.271222632165187161e-01,8.281757802207875274e-01,8.283201290343614742e-01,8.281126154346384327e-01,8.275305517706056380e-01,8.281253901404446172e-01,8.270216041709400612e-01,8.275193379705382268e-01,8.269702279544790535e-01,8.281299417272844909e-01,8.279964223740506890e-01,8.279319182647699726e-01,8.273833563260509782e-01,8.281180947193879094e-01,8.284783610417923994e-01,8.273075470559737576e-01,8.283152284604966553e-01,8.282824243236780459e-01,8.263793772078755762e-01,8.280753980950456006e-01,8.277707887861461833e-01,8.277640598235778135e-01,8.276445685908906391e-01,8.278509261740668590e-01,8.282110049579881617e-01,8.274315779108316615e-01,8.270549420908949179e-01,8.278403681030099825e-01,8.290586314432222270e-01,8.274647119366036474e-01,8.278238694919440865e-01,8.273835947536113400e-01,8.271307597636399223e-01,8.285022694648170871e-01
9.485615966634395324e-01,9.437514982764423355e-01,9.371589591010643927e-01,9.293439746385533384e-01,9.172241200222903679e-01,9.065696045847496665e-01,8.964300144918183610e-01,8.811411960942959753e-01,8.738663969211505345e-01,8.713740039077380040e-01,8.726627455264284183e-01,8.610337574000509475e-01,8.585180901631360717e-01,8.458359494083452779e-01,8.514621715086918563e-01,8.507677572456016080e-01,8.468088449365960280e-01,8.452798800903846832e-01,8.445882533883510845e-01,8.411741386837374712e-01,8.423995485666128102e-01,8.406399008999830835e-01,8.397855408454469872e-01,8.384899204627228597e-01,8.362048724411595968e-01,8.358539273383729373e-01,8.334724151737572528e-01,8.350404513634765991e-01,8.367142569166107213e-01,8.285844433579504509e-01,8.293756406029234585e-01,8.306676611651766517e-01,8.283215252399311890e-01,8.284083605301078013e-01,8.276349411611155782e-01,8.283350715064762282e-01,8.284979113066666123e-01,8.278022520913275173e-01,8.280917377771808141e-01,8.282792048018720044e-01,8.275512573264788285e-01,8.274093572348871772e-01,8.282993749101481562e-01,8.280971893157836883e-01,8.274870907297412481e-01,8.285250106949895166e-01,8.288912909283270292e-01,8.284702691492086268e-01,8.284890079834797971e-01,8.281908654706551243e-01,8.282041781441498163e-01,8.279974363851769770e-01,8.281753115934261666e-01,8.274288147270065785e-01,8.279286573653291681e-01,8.269671851246224170e-01,8.280599318892946092e-01,8.286853648663022875e-01,8.278478653749183902e-01,8.274739997370526012e-01,8.275201597705161838e-01,8.275156929107501114e-01,8.275228297068701888e-01,8.283136804218476090e-01,8.273892218826079947e-01,8.280675937958968946e-01,8.279284056583341433e-01,8.278333765935665944e-01,8.269049358342726030e-01,8.273763293666914764e-01,8.267784408039297039e-01,8.266508174373893292e-01,8.278477062122812091e-01,8.279753096620584563e-01,8.285030649038838124e-01,8.280551841412239211e-01,8.277394281852585856e-01,8.283505044274673823e-01,8.275070790523407771e-01,8.281488931228798700e-01,8.271282777667010588e-01,8.280312781535164035e-01,8.271246039467295974e-01,8.282951415853472277e-01,8.283609154094403459e-01,8.272670522038937380e-01,8.285505139014464060e-01,8.275862107051645822e-01,8.277404494347454511e-01,8.284151310505424304e-01,8.272483224998495865e-01,8.275015704112643755e-01,8.283343321898913869e-01,8.271393309499853741e-01,8.284712989654116067e-01,8.286852321054363202e-01,8.274368492152491816e-01,8.277942926825859749e-01,8.285907039800263219e-01,8.280737276720185891e-01,8.280994721121577307e-01
9.507876526630144598e-01,9.467156942464614033e-01,9.408007362251993300e-01,9.328873718406174298e-01,9.255936909418264191e-01,9.126687729508832225e-01,9.074572710909424300e-01,8.930891932650033560e-01,8.837827701087974663e-01,8.855336066114881666e-01,8.734616781186343992e-01,8.774690954488437722e-01,8.726063521006682810e-01,8.702108744987675504e-01,8.689477595355026285e-01,8.612546077726613847e-01,8.639448039938096846e-01,8.546947798195173585e-01,8.546311465683552600e-01,8.530510890748874697e-01,8.553892590912636207e-01,8.496731314145183900e-01,8.477853872684437686e-01,8.493741407078695405e-01,8.525063292857619768e-01,8.477839109628253489e-01,8.414702915818190743e-01,8.432734744176955122e-01,8.419630179403142511e-01,8.415938938018598936e-01,8.402861960655948481e-01,8.391030055131427634e-01,8.421067682276910382e-01,8.385733114689242207e-01,8.376334357077999115e-01,8.373987691765436558e-01,8.367801081164565336e-01,8.309420733082730770e-01,8.350783640522189133e-01,8.341661030963558598e-01,8.350032405381007106e-01,8.319979644328450163e-01,8.321816681827891582e-01,8.345631245149269795e-01,8.311985274507440735e-01,8.341767917850212433e-01,8.338879350136589874e-01,8.309144491480330297e-01,8.308122864040943245e-01,8.306824058921200571e-01,8.294827387585692602e-01,8.309264349079874545e-01,8.279642071033944672e-01,8.291031388207612540e-01,8.296218934195639383e-01,8.301051463297275390e-01,8.294194494394822037e-01,8.293481612215269916e-01,8.276335615647332222e-01,8.292617698421475003e-01,8.293329725535895092e-01,8.287932776430720905e-01,8.279540670375431510e-01,8.276582558176402982e-01,8.288537072032489128e-01,8.281432592716785335e-01,8.287054181342169423e-01,8.294314680626704295e-01,8.278289121313469057e-01,8.287315248885110952e-01,8.284874201972365348e-01,8.270380197608065975e-01,8.286281008600213660e-01,8.293682385362248777e-01,8.282885842491141126e-01,8.281026075703182832e-01,8.278575800152634390e-01,8.270782847949622596e-01,8.297533690901880421e-01,8.285159227944666194e-01,8.278102749685277706e-01,8.281320200192174852e-01,8.280618603980548498e-01,8.286997564171290076e-01,8.273998118805598878e-01,8.278998202803510287e-01,8.275857070505503454e-01,8.267337102853954400e-01,8.272081160843263170e-01,8.283660308700817598e-01,8.278626136602806884e-01,8.283567951626256143e-01,8.284402984241867607e-01,8.272752056473471338e-01,8.278648772981374027e-01,8.281743610807500433e-01,8.288119338565125283e-01,8.279501827385865598e-01,8.264091150588512846e-01,8.275042589140122473e-01,8.286524899213181250e-01
9.527251544905905867e-01,9.492951095667531147e-01,9.445673346750211863e-01,9.375255959404973360e-01,9.289229301040208275e-01,9.210814018134027004e-01,9.116560338740172798e-01,9.072259013640491254e-01,8.928754035682621160e-01,8.835304886557476811e-01,8.808779538606509307e-01,8.931263598183518670e-01,8.784849796240628006e-01,8.712854056911260026e-01,8.734960902790146475e-01,8.710618067582771573e-01,8.677865680915308744e-01,8.681396886136912849e-01,8.628182156416198678e-01,8.689367569169781369e-01,8.690376474951539976e-01,8.556394647327215663e-01,8.594934596459586906e-01,8.592059781609129310e-01,8.572379807025476417e-01,8.543725597487540346e-01,8.518224115339227964e-01,8.581099552519440010e-01,8.512260883450670779e-01,8.519273425363382835e-01,8.547434035731518165e-01,8.529166524638693847e-01,8.490868015414743120e-01,8.460088082799128717e-01,8.478368719378397422e-01,8.489539834454000733e-01,8.480442892213995165e-01,8.457363791655603258e-01,8.458284716161117434e-01,8.507162502826196571e-01,8.456613075415110314e-01,8.476546774138182805e-01,8.474882590460712795e-01,8.439558151062191982e-01,8.447146405940507696e-01,8.441185750799425902e-01,8.452941594228247091e-01,8.440200726557876010e-01,8.439617755388079123e-01,8.420977727681763225e-01,8.453221438037371582e-01,8.428685653100939090e-01,8.436092327765933874e-01,8.433839944424196267e-01,8.416378386587110016e-01,8.423638267695872095e-01,8.413722750693198860e-01,8.415278329693092196e-01,8.420620265093485823e-01,8.405502266891471397e-01,8.406718166055492381e-01,8.416064464996160233e-01,8.407156345980394407e-01,8.418643257516345013e-01,8.404298196953164934e-01,8.410704756615408062e-01,8.405375214839062581e-01,8.403705163568208070e-01,8.413175242447895608e-01,8.396173589246971325e-01,8.409807958345814072e-01,8.405724717990643580e-01,8.395661225218369328e-01,8.384708526799450334e-01,8.411239133815736624e-01,8.395769039393408129e-01,8.386192782962673675e-01,8.393932626292539556e-01,8.390291488492672700e-01,8.400597021028872735e-01,8.395216127579909760e-01,8.392580675029488457e-01,8.408892105457224098e-01,8.388827585479288196e-01,8.394384296064132389e-01,8.392568190491610514e-01,8.392839932939302194e-01,8.392200263915156055e-01,8.385261758631784579e-01,8.385534322243796135e-01,8.393169648525338200e-01,8.390884350067965292e-01,8.387007635459078347e-01,8.395138999111020350e-01,8.391522189244249308e-01,8.399803272125201392e-01,8.393862667580456183e-01,8.390254869878873700e-01,8.391680791810839368e-01,8.386557245156339713e-01,8.393545536092227310e-01
9.542805413559969363e-01,9.514342135966348257e-01,9.473213550687274997e-01,9.424652955337659010e-01,9.347167269528739997e-01,9.270024120747626384e-01,9.200837126921563858e-01,9.111949056031414251e-01,9.022849643951054155e-01,8.999387946272683347e-01,8.910777638785418731e-01,8.861291553891058603e-01,8.888997889704660649e-01,8.895047914402470779e-01,8.843373466053031651e-01,8.799572390168486358e-01,8.786486608265329235e-01,8.763662741310934701e-01,8.762016049791409023e-01,8.734080819255335415e-01,8.720800078405268607e-01,8.733651178976995499e-01,8.707178655255956023e-01,8.686308776461134640e-01,8.683169841378274301e-01,8.684458880795691282e-01,8.635599211859219526e-01,8.708035071876946143e-01,8.644967863812859088e-01,8.635593284110075762e-01,8.620288979260419815e-01,8.634848982706492260e-01,8.614156830873903603e-01,8.589682548676021989e-01,8.610575045907802316e-01,8.601578931415958529e-01,8.593296439384804364e-01,8.578651363824824072e-01,8.607347813738716047e-01,8.587446434274323970e-01,8.568530333411107369e-01,8.565876351922254717e-01,8.566346177906066783e-01,8.572723246109907880e-01,8.564929657626424442e-01,8.570316792175947107e-01,8.556827909952380296e-01,8.549510696001547672e-01,8.547001508179653539e-01,8.533467893646607960e-01,8.543293754130997231e-01,8.540251743658541228e-01,8.557860769552182445e-01,8.538232616476248982e-01,8.539059094137684269e-01,8.526200000628159081e-01,8.542415775780689557e-01,8.536812984733095355e-01,8.530724956433997086e-01,8.528715222313327793e-01,8.525380253931789110e-01,8.526470525346729890e-01,8.522753005751988464e-01,8.516498041627923454e-01,8.529237570696097670e-01,8.537718369788928063e-01,8.514909329671930260e-01,8.523924800371439625e-01,8.523953908917182298e-01,8.514036030288123502e-01,8.507237543647431233e-01,8.517745114103276727e-01,8.512074043953293812e-01,8.516317508881594556e-01,8.517819459776799773e-01,8.519980242733181663e-01,8.506515860304358911e-01,8.519361639541382925e-01,8.513470612442282093e-01,8.512147685055677648e-01,8.513312661893082112e-01,8.517474267932595433e-01,8.521440566301433650e-01,8.505606595418422344e-01,8.508004202387172699e-01,8.511633442843682396e-01,8.515450188335523807e-01,8.508295776382425180e-01,8.511710315205798238e-01,8.508679064282488325e-01,8.519689143290710698e-01,8.506512534263211966e-01,8.512170855924087176e-01,8.506012832387551681e-01,8.505753408307419328e-01,8.508420983291270501e-01,8.508738974315496195e-01,8.508529808447604648e-01,8.509422028980258013e-01,8.506845816605977939e-01,8.513252212494155646e-01
9.557798834801951582e-01,9.533691595474502734e-01,9.501420496493859780e-01,9.451005143659229057e-01,9.389876967551725739e-01,9.321648988219461973e-01,9.256299046106996053e-01,9.179379378236041109e-01,9.148168201193402904e-01,9.059274620230641784e-01,9.016270928289304987e-01,9.021309596241365858e-01,8.928785401430302526e-01,8.944133426479475846e-01,8.923346819667902219e-01,8.831528540338152711e-01,8.849654239270188238e-01,8.869542671608100504e-01,8.813423532610816791e-01,8.770491053874374110e-01,8.809318568740509559e-01,8.815049013763336383e-01,8.748272553090717940e-01,8.793028025315671181e-01,8.761249523307864662e-01,8.807744498049230319e-01,8.822884294281648776e-01,8.768776681022396602e-01,8.749464775858649679e-01,8.750657085212729669e-01,8.735022784016075459e-01,8.739075139749474808e-01,8.708296646936313223e-01,8.696327587057204322e-01,8.730198751856815820e-01,8.675121951712319035e-01,8.692700676802099791e-01,8.693076863215877248e-01,8.690853462503567162e-01,8.660512151668871006e-01,8.697661282683090134e-01,8.682450535370184186e-01,8.671255484736736241e-01,8.678488337814675990e-01,8.662349900021850679e-01,8.674605295792349180e-01,8.665539092056876447e-01,8.671993826893629187e-01,8.671578980583434237e-01,8.676185728656529150e-01,8.654280859199022791e-01,8.652182681151956434e-01,8.657803578962368629e-01,8.653873833188953091e-01,8.659550437576862825e-01,8.642601576737432012e-01,8.632948901262966768e-01,8.646684947492577766e-01,8.628843211158845339e-01,8.646817833014597277e-01,8.633179098703496201e-01,8.630419892794048975e-01,8.627382862482005921e-01,8.640030009222685603e-01,8.626145684962578386e-01,8.622399454708520317e-01,8.634903428363839284e-01,8.631167974139062338e-01,8.619545616244315145e-01,8.615097182857246461e-01,8.620576486888898993e-01,8.628042248592953101e-01,8.626806305674077358e-01,8.619442439991216176e-01,8.620250680518285469e-01,8.619291595708719056e-01,8.622676355251510660e-01,8.623420138757192932e-01,8.617482120679631485e-01,8.615161616299278347e-01,8.629151331997841901e-01,8.617152162015248029e-01,8.620112413294352960e-01,8.618340697715677345e-01,8.621031151999841713e-01,8.621342101005139424e-01,8.620602733635158721e-01,8.615710766779366425e-01,8.621325512168204197e-01,8.616598469502366742e-01,8.612170091063424682e-01,8.624150566928002748e-01,8.612088542518592238e-01,8.619027069662450469e-01,8.618424727663464013e-01,8.619792576998945854e-01,8.614574982847150730e-01,8.618989602253455118e-01,8.617162234807806964e-01,8.609045130224906028e-01,8.618202957590683777e-01
9.570154647888426958e-01,9.550267023922929255e-01,9.521445987051567750e-01,9.482069152677138346e-01,9.433038234107178344e-01,9.354398235476909518e-01,9.287335218876161536e-01,9.223206212707875107e-01,9.186153370425453879e-01,9.090583206457847343e-01,9.037323727670220075e-01,9.067753628250596609e-01,9.010539843761153911e-01,8.959344110371713077e-01,8.916793851639646107e-01,8.956364250157571316e-01,8.910892931749981871e-01,8.933048265868110960e-01,8.947204134738090398e-01,8.905891259007746585e-01,8.863360750925020071e-01,8.868315968278552841e-01,8.861538894271209221e-01,8.876134385925660286e-01,8.884324440786812715e-01,8.811722479531735042e-01,8.889472802367935911e-01,8.831815323761076364e-01,8.797545510638583588e-01,8.859295044630585148e-01,8.823918973029353241e-01,8.831894642697558639e-01,8.828592153183424385e-01,8.802568410690899681e-01,8.842182423654488810e-01,8.792667787570594973e-01,8.777275379575345537e-01,8.753898217394180392e-01,8.788592040875708999e-01,8.764814924617039260e-01,8.777051339525783202e-01,8.778746537495059066e-01,8.757124058509779818e-01,8.758888128938011608e-01,8.762769341497619324e-01,8.753889669582863853e-01,8.763097101020619339e-01,8.767992422363295457e-01,8.738303336208568250e-01,8.762234944676938753e-01,8.741856308222319960e-01,8.753549092987114033e-01,8.740634684932391263e-01,8.738419504703653917e-01,8.739184638507385694e-01,8.729373025571223188e-01,8.742489993582259755e-01,8.735954127905593003e-01,8.734375181016090783e-01,8.725916214178041086e-01,8.733038469247506042e-01,8.735795257218452736e-01,8.720461733332846022e-01,8.724671456630035404e-01,8.730478131226303562e-01,8.722696241708084441e-01,8.723751314263503698e-01,8.727004985910105095e-01,8.722555795662093603e-01,8.734512118073988196e-01,8.727211336488660542e-01,8.725925435452152046e-01,8.725029422535277579e-01,8.724591876390695999e-01,8.719184891571436502e-01,8.718778110841540752e-01,8.719259853051543052e-01,8.722911434843136913e-01,8.716983201353392108e-01,8.722876692890284556e-01,8.716273028050555149e-01,8.719110009840101982e-01,8.715134510215000185e-01,8.715425138030161722e-01,8.721212213270759239e-01,8.716333526193225101e-01,8.717337588932614345e-01,8.713354274801815569e-01,8.716047791007502932e-01,8.717025229145843879e-01,8.723232621328267378e-01,8.713168256023741121e-01,8.710832157423437083e-01,8.711297150264468714e-01,8.717801671500302607e-01,8.714951064526705871e-01,8.715569252796681043e-01,8.714846875657054071e-01,8.713385278928572619e-01,8.714798784917318075e-01,8.710366568774517981e-01
9.580949275476925431e-01,9.565012733535794842e-01,9.541675499448358799e-01,9.505153897966720500e-01,9.457097756874879302e-01,9.388809379645466358e-01,9.356966202529040100e-01,9.306035524129717684e-01,9.204907549213436901e-01,9.157809524997782002e-01,9.116996367080725250e-01,9.074707377600969016e-01,9.127119491599838819e-01,9.005936387522757158e-01,9.025880811152240391e-01,9.059460961938140544e-01,9.021292315313712562e-01,9.019895859348687761e-01,8.975604130529396540e-01,8.991490402126975923e-01,9.013238305210796719e-01,8.984221191465430190e-01,8.970550409505031464e-01,8.941039750077893755e-01,8.930418870299280387e-01,8.947026613948960705e-01,8.931341097371450211e-01,8.916418587709945553e-01,8.903508337409813400e-01,8.908511925718934910e-01,8.905892450903601931e-01,8.888511874872194740e-01,8.892764216837169000e-01,8.887582700777949540e-01,8.890204651071613728e-01,8.883885777179273413e-01,8.861668460585007123e-01,8.884527802805023411e-01,8.874066748754093625e-01,8.863961886762145026e-01,8.875297259297530994e-01,8.848984507562286383e-01,8.854289997609732232e-01,8.843836228209945860e-01,8.839753903670169999e-01,8.834423521893808307e-01,8.840411522172605396e-01,8.851928117096775628e-01,8.831319741145776669e-01,8.836040429083360515e-01,8.836488013593245539e-01,8.824751305114685307e-01,8.827495153649688175e-01,8.835768668165582262e-01,8.829643147656207613e-01,8.826342173545036474e-01,8.818742936913079866e-01,8.821294888510854415e-01,8.817034851330229905e-01,8.825174838189738802e-01,8.819839705450900347e-01,8.826936464223998913e-01,8.815835250485892782e-01,8.831300565453236162e-01,8.816768168998905253e-01,8.812060719236259887e-01,8.818394694884810203e-01,8.810417073548520994e-01,8.807912672197975024e-01,8.822551270050752459e-01,8.810616233981621859e-01,8.802693083934371998e-01,8.807579249805229660e-01,8.809714723375452472e-01,8.812402538841862532e-01,8.812020976664978189e-01,8.808518871549740892e-01,8.805312939169391839e-01,8.803694111783552101e-01,8.809226429353222976e-01,8.805809550624199566e-01,8.805801572871543303e-01,8.807339750869173089e-01,8.811204808858029702e-01,8.798619074884608260e-01,8.808776329057098620e-01,8.803832268300443298e-01,8.802337401265060146e-01,8.806053178673250992e-01,8.801506339560704051e-01,8.800420187752938661e-01,8.802360814311412929e-01,8.800407043784573835e-01,8.802693996241351959e-01,8.804031108626710900e-01,8.802948989581435013e-01,8.804063785805495979e-01,8.802869484572426462e-01,8.799424461597006308e-01,8.799524622930156026e-01,8.799976960606830101e-01
9.590380747244729998e-01,9.577021202994226989e-01,9.556293745916433213e-01,9.527319207364481901e-01,9.490598565452674773e-01,9.431429419080109566e-01,9.385294693079296868e-01,9.312366873536439549e-01,9.276268953531189299e-01,9.215050298437827969e-01,9.186824213937455630e-01,9.140668907681495092e-01,9.087397186694232687e-01,9.108896123296813530e-01,9.081122240631428477e-01,9.101751338457779728e-01,9.115926080255556396e-01,9.080449378017089179e-01,9.073306736606674416e-01,9.049848246488150227e-01,9.006508436517247640e-01,9.000545168140852148e-01,9.049227711699613375e-01,9.029924337128605316e-01,9.032417157165734123e-01,8.992542946535228010e-01,8.994408769343107402e-01,8.992232117053180485e-01,8.981984142860668374e-01,9.003475729774705894e-01,8.980928444406103273e-01,8.964560644391125210e-01,8.962562901962768391e-01,8.956690650770227080e-01,8.969342944789417960e-01,8.958146275217573340e-01,8.959552479581087692e-01,8.965498116828547470e-01,8.923460696667064873e-01,8.935571646072036911e-01,8.936703507877774566e-01,8.938300520668220894e-01,8.914923935994286675e-01,8.938652215199169859e-01,8.921983216775024594e-01,8.915929153954287312e-01,8.920928566983716834e-01,8.921777002583713978e-01,8.920615109004589316e-01,8.927728013140605601e-01,8.920154337141318335e-01,8.902473710439950949e-01,8.907256615264752542e-01,8.913179242494385646e-01,8.897213636633114486e-01,8.908765936883384917e-01,8.908881580148368950e-01,8.894029059141450588e-01,8.898353040272982684e-01,8.902235244408209791e-01,8.894865886854731452e-01,8.902098081937475094e-01,8.895820530740765619e-01,8.896717715752140432e-01,8.899448746936171606e-01,8.891911117912423279e-01,8.895567918846944977e-01,8.895563460157511759e-01,8.898601916058765937e-01,8.887647310053486960e-01,8.892229977285492915e-01,8.890660621504102856e-01,8.885150842606868160e-01,8.889830776965200743e-01,8.888376937679089984e-01,8.888101636780466608e-01,8.889440103051078346e-01,8.885581573215048934e-01,8.892767167978131715e-01,8.885742635082855001e-01,8.889300642598514379e-01,8.883734983926665496e-01,8.883782888434664793e-01,8.883602561863205294e-01,8.883538595602211707e-01,8.883027792679452084e-01,8.883140826593828310e-01,8.881249634048208330e-01,8.881823070655644470e-01,8.885663151497401602e-01,8.880219169238895427e-01,8.882321582473303723e-01,8.883699197865092545e-01,8.883105560388466770e-01,8.883250524696905126e-01,8.883452031246631408e-01,8.880411467431120753e-01,8.880769492537623488e-01,8.881391707251019563e-01,8.881980102713070702e-01,8.883165995008656113e-01
9.598096771279598372e-01,9.588446676261921375e-01,9.571887822077830288e-01,9.543504398643912756e-01,9.510233009489287292e-01,9.468977786993970636e-01,9.431648883551043694e-01,9.367775574278063289e-01,9.319754713506853694e-01,9.287889006137878267e-01,9.225244893500541554e-01,9.227623147385531910e-01,9.192787352876448104e-01,9.169226983437037681e-01,9.132320038718364508e-01,9.146464490785084500e-01,9.146882226051991083e-01,9.150748653398358412e-01,9.130016509328072738e-01,9.125945828084073286e-01,9.111452705424525345e-01,9.086295952597819303e-01,9.030818540933640559e-01,9.073294037139989499e-01,9.081020042494700739e-01,9.049602836531822625e-01,9.066942054946788287e-01,9.057882829879412290e-01,9.055951507919429710e-01,9.043431980253777702e-01,9.046206288231424253e-01,9.033995367561238332e-01,9.031010793696574446e-01,9.029432689771539344e-01,9.030928291073823111e-01,9.029698322594016391e-01,9.004131303489145699e-01,9.008421057805311438e-01,8.992022862059702026e-01,9.014082550685241779e-01,9.023611881887546593e-01,9.004274426018170630e-01,9.016623846426172761e-01,8.991138155874454085e-01,8.996363181174186208e-01,8.992628953014936144e-01,8.985166012298739791e-01,9.003691423738957589e-01,8.981304935344321949e-01,8.984726072464306323e-01,8.977992164905518324e-01,8.972546184820278103e-01,8.977060705535859775e-01,8.969298579184653564e-01,8.976764153060986517e-01,8.967416529014596849e-01,8.975048027210967838e-01,8.976944625534051259e-01,8.974225911660630439e-01,8.969722768079160247e-01,8.970757603303397554e-01,8.967265906894189564e-01,8.964852574614110559e-01,8.963008318247173145e-01,8.968947077006543811e-01,8.964259340091065287e-01,8.969388672229939852e-01,8.965379739815665383e-01,8.960369614737530020e-01,8.967551434301137547e-01,8.961889303291153963e-01,8.964715105381643179e-01,8.959191202498089091e-01,8.963011632213414570e-01,8.960952703893779736e-01,8.955455365802006407e-01,8.957932321042059165e-01,8.956609789869151017e-01,8.960606983844396911e-01,8.958051997479633544e-01,8.955713289211351125e-01,8.957684085804887841e-01,8.957029577571709034e-01,8.954339690886650160e-01,8.958827173089259910e-01,8.957198588897311575e-01,8.953361895533769044e-01,8.957246504472311521e-01,8.960338783311827537e-01,8.957012586475556759e-01,8.955067834032484075e-01,8.954320970259533885e-01,8.952949425115024340e-01,8.954930393810536238e-01,8.951903791340413141e-01,8.953043989341340492e-01,8.953052639992372663e-01,8.955228525538511120e-01,8.954408337433413800e-01,8.952965389067151225e-01,8.953207384978388861e-01
9.606130734876543453e-01,9.597605948667138343e-01,9.584079848790993950e-01,9.562165250889046453e-01,9.530979345444867690e-01,9.487163493124702862e-01,9.455800555221226533e-01,9.381707720458610789e-01,9.360155214643753885e-01,9.339229136641192808e-01,9.308289970544921799e-01,9.281024841277901727e-01,9.273293188993679825e-01,9.230535008591965740e-01,9.215232322893192052e-01,9.173877934966770953e-01,9.199095720287637779e-01,9.199678211907541536e-01,9.185879747242573501e-01,9.110829868501266748e-01,9.154623681055227280e-01,9.133757139860818608e-01,9.128996956832944321e-01,9.118675580670043690e-01,9.146144526651274198e-01,9.139757799369846447e-01,9.130685789483464765e-01,9.110301612217424072e-01,9.118638382077786098e-01,9.108178913970843560e-01,9.090394050985506347e-01,9.093503385463859168e-01,9.098379835930947568e-01,9.092887994902817406e-01,9.086169718124879058e-01,9.087091268422420320e-01,9.070580349447774360e-01,9.062226425247987827e-01,9.066132186907238655e-01,9.079593664712050094e-01,9.073859671897830381e-01,9.071948124897062371e-01,9.063041261841161544e-01,9.061663428324187031e-01,9.076465407762622783e-01,9.048564115047141865e-01,9.066946963235839041e-01,9.042184037374326744e-01,9.052171818212157994e-01,9.042729913669643738e-01,9.043763546847949364e-01,9.042099462429459278e-01,9.040065529078579187e-01,9.041799322054235866e-01,9.053666916107664386e-01,9.045706359000295071e-01,9.039259288174241735e-01,9.035752676594325239e-01,9.034181468685679173e-01,9.041073780284011319e-01,9.029323652228155028e-01,9.030834458895583561e-01,9.031732665200203902e-01,9.031709718111129437e-01,9.032250217172810292e-01,9.031758055572868260e-01,9.035227424061816892e-01,9.030884729490512575e-01,9.026966644086029667e-01,9.028998106983201488e-01,9.029031754287453193e-01,9.024422077756295568e-01,9.025626034063943814e-01,9.026709251807660817e-01,9.026710448538426412e-01,9.026681350516139180e-01,9.022702993876169364e-01,9.023553668497865665e-01,9.022831701783844416e-01,9.022462211447143110e-01,9.021300653144211923e-01,9.022263955185040318e-01,9.020871997112734908e-01,9.023692753972363256e-01,9.023275025644701408e-01,9.020382782311295866e-01,9.021041091576055271e-01,9.020243085607749789e-01,9.021538985728787541e-01,9.020826112962703203e-01,9.020779963424263581e-01,9.019459262544248235e-01,9.022792563653374565e-01,9.019259724885040352e-01,9.018017617658107277e-01,9.019683557717000921e-01,9.017653565266027238e-01,9.019852174322642302e-01,9.019278248432940348e-01,9.018052341174691566e-01,9.016988864013300020e-01
9.612598802719424240e-01,9.606769761900306737e-01,9.595696845690153687e-01,9.577312353712876813e-01,9.554432211448923296e-01,9.515198351024894974e-01,9.475726779763347096e-01,9.424817994587545433e-01,9.388181606238464871e-01,9.348469716176882605e-01,9.325059128613359949e-01,9.285827129448770423e-01,9.288554642751485346e-01,9.276430572355129911e-01,9.231699429174474725e-01,9.246946038216998787e-01,9.223017556776159642e-01,9.229564374410901273e-01,9.231118389887198461e-01,9.247416494730760217e-01,9.190721554323638687e-01,9.185448393092837671e-01,9.168131021819538873e-01,9.193031058650589227e-01,9.188153303670389960e-01,9.166589510252640682e-01,9.178240047365290311e-01,9.177811473173511647e-01,9.166497663558818010e-01,9.150286088592862743e-01,9.166376334764717582e-01,9.154307479774895784e-01,9.130728675574656394e-01,9.140445225600700718e-01,9.141628144931519540e-01,9.137302879026385494e-01,9.115911574420800800e-01,9.138769543260838457e-01,9.108890028194661648e-01,9.132587543328021251e-01,9.124354195559670755e-01,9.117978385679893494e-01,9.116495875351082745e-01,9.115527424193404782e-01,9.110078289890811698e-01,9.105430665133362744e-01,9.100314830895616103e-01,9.117001646410612947e-01,9.112547196502356339e-01,9.109382821752403103e-01,9.103345014453045891e-01,9.101106292552296750e-01,9.098422955567707637e-01,9.107926843826323893e-01,9.100433422588750654e-01,9.091903553668758686e-01,9.093232525249175247e-01,9.093448161453686618e-01,9.094013909367020254e-01,9.095008417739979256e-01,9.092332618536744793e-01,9.100625907597356123e-01,9.090804082260999230e-01,9.091940975206906916e-01,9.083587394132627280e-01,9.086838928706338914e-01,9.084932930181531807e-01,9.090889418265044597e-01,9.087149487154705385e-01,9.086164021044086381e-01,9.087735055339620782e-01,9.084426724536701636e-01,9.085971734081490503e-01,9.083620033483800205e-01,9.082672444710297999e-01,9.084181535323765377e-01,9.084311069774073655e-01,9.084093117472117340e-01,9.082437477886726729e-01,9.081300711302112694e-01,9.081593281012729779e-01,9.080112720062675224e-01,9.082019310777971199e-01,9.082205539366061675e-01,9.083495008418347449e-01,9.080713009749615816e-01,9.081538187964431907e-01,9.080227032617983474e-01,9.079774941665180732e-01,9.079783636865395025e-01,9.084141762565923761e-01,9.082207998973660379e-01,9.082449006486504883e-01,9.081324886847551570e-01,9.079384781637983570e-01,9.080303373137844636e-01,9.078465057130755689e-01,9.078930605959416589e-01,9.077009655041717862e-01,9.076805048410079291e-01,9.079652994731347571e-01
9.618693174128165602e-01,9.613945602567546267e-01,9.605057560373214676e-01,9.589555822578901267e-01,9.566530964264557957e-01,9.536187036007963691e-01,9.503332442480043607e-01,9.463726584538343367e-01,9.404741377198879704e-01,9.401101321761058394e-01,9.380400584488640670e-01,9.329406473202952466e-01,9.337979162696988800e-01,9.325024853938717051e-01,9.312103298054762446e-01,9.297474623604884414e-01,9.277973046111128719e-01,9.277139018713047580e-01,9.249736417321610116e-01,9.263589303634124361e-01,9.248222320390405704e-01,9.239105964168909946e-01,9.231216214994699687e-01,9.233266154989727692e-01,9.235105822945464116e-01,9.206435617733964571e-01,9.238121042188504051e-01,9.217824290221622308e-01,9.210414641060382657e-01,9.210247707340869505e-01,9.193446024751323886e-01,9.202849505206676106e-01,9.198986711444715469e-01,9.189034237117885695e-01,9.182083653834335335e-01,9.195647744278346858e-01,9.180094079938189155e-01,9.178066901561033886e-01,9.173379941476897947e-01,9.173756997746866926e-01,9.187728114675725033e-01,9.186236724642765639e-01,9.166149334270321525e-01,9.184540334882916879e-01,9.157252366677601785e-01,9.170023129105495663e-01,9.175113351014286822e-01,9.167408983366687192e-01,9.150481229251991033e-01,9.171947366772460475e-01,9.151499660331359198e-01,9.166035667452432367e-01,9.162911127414778978e-01,9.166257365590725348e-01,9.151301392851476368e-01,9.144560183053698221e-01,9.150789337523437261e-01,9.152073411119546753e-01,9.141897089527927234e-01,9.152597600146298307e-01,9.149390692069814257e-01,9.145640043112769346e-01,9.142996001236093351e-01,9.141520446629211039e-01,9.141930532374433760e-01,9.142801760372223363e-01,9.142325539408914237e-01,9.146873679036344740e-01,9.139080251956022138e-01,9.141565817778795067e-01,9.139533980992838869e-01,9.144885896600303266e-01,9.140400424816355063e-01,9.138854481801541585e-01,9.138295043365638470e-01,9.139345019583182683e-01,9.142098971696502874e-01,9.136855009620558077e-01,9.136485770209268331e-01,9.134689436130409845e-01,9.136357445273732836e-01,9.135438221779742518e-01,9.134629873076900441e-01,9.134746681649338340e-01,9.135652810983896366e-01,9.135251375638049343e-01,9.136472185215543940e-01,9.136446743133948001e-01,9.135867552601735220e-01,9.135704959559498572e-01,9.133751179790727814e-01,9.134079930181441265e-01,9.135296864290890495e-01,9.136617018131991674e-01,9.134125607352201470e-01,9.132555266468296296e-01,9.133041776242152299e-01,9.135387919819070168e-01,9.138831644918800068e-01,9.132558587835782893e-01,9.132375032455294361e-01
9.623674010201875850e-01,9.620423785561788010e-01,9.613779488612869129e-01,9.603212879468512320e-01,9.580477544373109389e-01,9.553697350957248702e-01,9.521664844631257951e-01,9.487905448656988039e-01,9.463856379012312026e-01,9.420543962668753712e-01,9.397759465108697086e-01,9.376925366741911683e-01,9.357084382604804462e-01,9.331366854920380982e-01,9.322135305877753408e-01,9.356108271811701682e-01,9.343885136120944068e-01,9.332739614640488401e-01,9.309455709955060110e-01,9.303982564326693794e-01,9.317575946342375737e-01,9.305605868593470609e-01,9.300861124118044998e-01,9.247571354401113997e-01,9.284800352867129680e-01,9.277911641137432941e-01,9.280210725395899862e-01,9.269789010450537603e-01,9.251326441176508375e-01,9.249413487352114993e-01,9.249922689197203063e-01,9.244654167476434869e-01,9.236274305017991848e-01,9.241684066014451693e-01,9.243536583067196721e-01,9.234616409680117544e-01,9.241021807368309249e-01,9.219575785677507351e-01,9.239833068105318681e-01,9.224021244275015796e-01,9.221257464573179297e-01,9.221354484711338229e-01,9.216945894616356272e-01,9.215987586100257145e-01,9.217837343692802943e-01,9.209628523087803886e-01,9.206263850285870687e-01,9.214850960642584354e-01,9.213709108122009050e-01,9.216039693979292124e-01,9.206090703579374868e-01,9.210480743306291851e-01,9.209864093344648506e-01,9.210918310436277956e-01,9.200085401779160010e-01,9.193137002253169987e-01,9.203623068620646608e-01,9.197014791657639465e-01,9.198618267963286632e-01,9.196854169653757571e-01,9.197882083312546309e-01,9.194946712081235596e-01,9.193835441336735137e-01,9.191149969764081940e-01,9.194033993124811621e-01,9.195963066989378820e-01,9.192679166485406839e-01,9.191797859120782732e-01,9.192630965184132030e-01,9.187853819924641785e-01,9.190967663236604412e-01,9.188976868228073691e-01,9.191737378444500006e-01,9.188810503128960194e-01,9.185677763447128719e-01,9.188957823880108400e-01,9.187666815638002582e-01,9.184250519095200627e-01,9.190234429636069402e-01,9.185393018820983135e-01,9.187625125391641889e-01,9.181836988327362059e-01,9.186001049080548819e-01,9.188557726203397946e-01,9.183781330020782674e-01,9.184992830748455184e-01,9.183233163814221722e-01,9.185475968716789730e-01,9.185679088411714543e-01,9.186784231488982488e-01,9.184706868970036187e-01,9.183375417240816629e-01,9.184412012033950079e-01,9.183508770368757901e-01,9.182200927944919044e-01,9.180993833199363463e-01,9.182273417412306626e-01,9.184225149623733708e-01,9.183684887273116937e-01,9.182770828733416435e-01,9.183205564384502306e-01
9.628459537853757411e-01,9.626267591288530934e-01,9.621491305693129492e-01,9.611196314464953705e-01,9.594295765278809673e-01,9.575172735212069686e-01,9.548509832853382395e-01,9.520647146554952478e-01,9.463436812934861164e-01,9.423460447944554952e-01,9.427699157355106108e-01,9.391442806489276318e-01,9.403566413133883639e-01,9.380330119671772549e-01,9.342188593459056500e-01,9.365150584299060110e-01,9.356258694099878204e-01,9.356104051873005423e-01,9.344692842229591623e-01,9.334774733260537971e-01,9.323427391298743094e-01,9.319933927521073525e-01,9.304673614277748639e-01,9.305194140004059422e-01,9.305263367210602210e-01,9.305008174721465242e-01,9.303591926479839458e-01,9.275006747118701433e-01,9.321885062413233225e-01,9.291540519735127512e-01,9.299799087623906724e-01,9.298280461628161131e-01,9.273199935978345687e-01,9.270907171041400385e-01,9.271815315733220597e-01,9.279410480785290627e-01,9.277829130929134971e-01,9.274813064674632956e-01,9.258794087512032256e-01,9.284565681584098229e-01,9.274799487661318231e-01,9.258456205096851077e-01,9.263541462951434546e-01,9.268116979545146794e-01,9.259946732180107665e-01,9.254164781109617266e-01,9.259848977665019465e-01,9.261797845022343711e-01,9.248862805907467344e-01,9.256360677962436334e-01,9.250286421518494340e-01,9.249620900566429826e-01,9.244649349504676650e-01,9.250263675293510790e-01,9.243641643040149125e-01,9.250998889488051269e-01,9.246479901530983980e-01,9.238751126075582798e-01,9.245126297797351400e-01,9.239711405359255503e-01,9.244581509219456095e-01,9.234439185142911954e-01,9.240542346228428627e-01,9.237672187597462115e-01,9.238468492514131380e-01,9.234192579065301221e-01,9.238373330446897347e-01,9.236711811576725495e-01,9.235979419063865548e-01,9.234895837544919717e-01,9.234321635486634205e-01,9.238556799437813716e-01,9.237965381297413847e-01,9.237858473937916592e-01,9.236405996341428004e-01,9.231318413157242331e-01,9.232734365820643996e-01,9.233697443221322576e-01,9.231276698918873258e-01,9.233199481326508362e-01,9.230450910939285158e-01,9.231246916534577851e-01,9.230413415166545121e-01,9.233765367043601513e-01,9.229488746389425957e-01,9.230433551490073718e-01,9.231005520647872498e-01,9.230645294977262161e-01,9.229126705126404762e-01,9.228832831886094601e-01,9.227064665762690909e-01,9.228810445242821014e-01,9.230571711519351963e-01,9.229294966685388513e-01,9.228077243945892461e-01,9.227808581074563588e-01,9.229802790308292426e-01,9.228311712090879748e-01,9.229023345546812918e-01,9.227403313378309546e-01,9.228131358932342154e-01
9.632795636171956888e-01,9.631468178545035119e-01,9.628157183979189071e-01,9.620559886925987847e-01,9.606192475160594269e-01,9.585712955456924256e-01,9.557033606395726189e-01,9.539312948954554727e-01,9.496738828342807803e-01,9.499045492767858034e-01,9.477311634105514138e-01,9.427566517542301794e-01,9.423261391808182008e-01,9.447811875878525667e-01,9.392870636763626102e-01,9.406368300830061369e-01,9.414112178773342832e-01,9.376006177003819442e-01,9.359522372550599378e-01,9.353594301034121594e-01,9.363990101898117535e-01,9.360248765847026808e-01,9.360669459698116590e-01,9.313229842703810712e-01,9.348903494052831498e-01,9.344142812827608280e-01,9.324842533581032544e-01,9.338745685231011340e-01,9.323930097369733661e-01,9.334733480739032530e-01,9.325929355938329390e-01,9.320849264045747429e-01,9.324663611126479124e-01,9.325924697531294827e-01,9.315379955703352310e-01,9.323655372169901145e-01,9.312647503927934389e-01,9.315281070258879526e-01,9.310811827613622027e-01,9.310190217559984882e-01,9.322533804195168861e-01,9.303149846130029932e-01,9.309986791584683452e-01,9.305806425270756188e-01,9.297963459841340761e-01,9.291043438761070750e-01,9.293215285039815310e-01,9.298018310579927448e-01,9.297647423933084188e-01,9.288775279877685698e-01,9.294636802943270215e-01,9.285654068460499344e-01,9.292670124091694239e-01,9.286673865777652637e-01,9.282139940548566059e-01,9.286900813304544977e-01,9.286852719918574639e-01,9.277776603814317236e-01,9.283565677533023308e-01,9.282597073844468527e-01,9.281749014810132259e-01,9.281483386620505982e-01,9.283828158861032742e-01,9.283696767000975125e-01,9.278657591176766584e-01,9.280084079884477477e-01,9.277514306930457755e-01,9.277628437567381203e-01,9.278240429330611994e-01,9.276293592939296451e-01,9.274970351442728411e-01,9.277463148844132812e-01,9.274008407387452912e-01,9.275701385754555606e-01,9.275761361795997750e-01,9.271156988214279693e-01,9.273909514157161471e-01,9.272849211016435111e-01,9.274773300225592765e-01,9.275670177116966952e-01,9.274141573798643234e-01,9.270315255152919987e-01,9.272106813160764238e-01,9.273116718268287206e-01,9.271297425364412037e-01,9.269905562238198726e-01,9.270764587716985305e-01,9.272116747897044542e-01,9.271465449887525967e-01,9.272601373992418461e-01,9.272196275468145288e-01,9.271992670659602309e-01,9.270156647546431428e-01,9.271784279111655591e-01,9.271113902007425134e-01,9.269222495380639026e-01,9.270087055933297071e-01,9.270028963860519333e-01,9.270513318690857263e-01,9.270685622042164065e-01,9.270629952815877539e-01
9.636418767868127899e-01,9.636053827732210530e-01,9.634004677570735531e-01,9.629468572849284591e-01,9.619166055583419084e-01,9.604695423843854218e-01,9.578648729476830770e-01,9.558726425140278149e-01,9.528073983564602223e-01,9.489910855978882509e-01,9.483652032222910089e-01,9.476225397986045573e-01,9.469104010476334654e-01,9.442192524062794634e-01,9.449504550504791434e-01,9.410947767144542953e-01,9.411528948206998590e-01,9.399763863294249289e-01,9.397460907238698313e-01,9.372753062569748606e-01,9.403087144448660784e-01,9.402430961864141068e-01,9.393891895099912848e-01,9.384157748253362241e-01,9.368994934143818343e-01,9.395016121115823404e-01,9.368289649791964324e-01,9.365057742230237237e-01,9.362902899562023373e-01,9.364009664498125218e-01,9.369781922629866200e-01,9.368305982295035417e-01,9.373229760084091922e-01,9.344649386187324769e-01,9.366034263407194693e-01,9.352914601731658895e-01,9.348598751314840527e-01,9.348803155091328643e-01,9.343542308099398452e-01,9.347659484908390493e-01,9.335834545735889334e-01,9.328186435392996634e-01,9.341030175494861032e-01,9.346930946840581456e-01,9.336231549711300204e-01,9.326923905854270780e-01,9.339653397206997276e-01,9.329281025701533503e-01,9.331672120834662021e-01,9.325468423847794730e-01,9.322524378798010547e-01,9.319040475939845969e-01,9.330725964478681078e-01,9.325523345398084585e-01,9.328798272638456623e-01,9.322607929583115460e-01,9.319885807101564446e-01,9.325930223829672627e-01,9.322774237586906043e-01,9.320458689514751205e-01,9.317131071290808420e-01,9.316509061956854687e-01,9.321554923900826628e-01,9.317775424082984648e-01,9.318588064899703260e-01,9.315144869124398763e-01,9.315421789070360559e-01,9.313919949752030858e-01,9.316281761232048098e-01,9.315449821613731585e-01,9.313697812439566404e-01,9.316100925753070250e-01,9.316296030374416892e-01,9.310590997348846543e-01,9.312666564520134527e-01,9.312444025373132206e-01,9.314631778017461450e-01,9.311893591605984177e-01,9.310940663544594598e-01,9.312755376132422214e-01,9.311927489032022498e-01,9.311091557213329040e-01,9.312374636077832557e-01,9.309894463448402657e-01,9.309385560323044650e-01,9.311301517485568446e-01,9.309801007633634606e-01,9.309553402629450192e-01,9.309043256139181155e-01,9.309028414230392512e-01,9.310892723432954154e-01,9.309483504383522234e-01,9.310108272234106641e-01,9.309696680762428178e-01,9.308258683079305706e-01,9.309836218358090720e-01,9.309373958776774316e-01,9.307644178359778531e-01,9.308925076692671219e-01,9.308878621407875587e-01,9.309490710264247681e-01
9.639854832704256582e-01,9.640122413382085087e-01,9.639789222517333167e-01,9.635417502619648689e-01,9.626425752927642021e-01,9.615475702462510377e-01,9.598038677445900335e-01,9.572788037730416422e-01,9.550700049560749694e-01,9.527637983214266582e-01,9.507225820960748530e-01,9.493475655469584273e-01,9.503262536778046554e-01,9.452765880212126159e-01,9.459934882052527527e-01,9.449124773734405291e-01,9.420360747574733074e-01,9.449524149056276467e-01,9.433875880218229870e-01,9.437181188760426220e-01,9.436467984582393997e-01,9.423169180239588938e-01,9.419515849036912414e-01,9.424119243533394252e-01,9.429553062312575618e-01,9.409861455880078607e-01,9.420741891805749502e-01,9.416169715113841265e-01,9.398569101081420962e-01,9.388472873732268686e-01,9.394658041463926912e-01,9.392897526906928141e-01,9.395455295572177068e-01,9.394934138680989255e-01,9.395476145462464679e-01,9.396525319246873398e-01,9.374829771296672165e-01,9.389790647280351621e-01,9.378645471964097702e-01,9.382102462098903528e-01,9.382591464612508592e-01,9.377510217537269321e-01,9.368136727091282978e-01,9.375943335489332897e-01,9.369781345900634051e-01,9.366066938750131632e-01,9.370921869710291396e-01,9.363797692837553255e-01,9.363012420136438418e-01,9.362903779683067196e-01,9.359070106980061921e-01,9.362377522394469409e-01,9.356127025986915591e-01,9.365211878367102338e-01,9.360562174584859951e-01,9.354509346515169632e-01,9.354894043084405197e-01,9.357793418313790079e-01,9.354604671413252470e-01,9.361057470995715057e-01,9.360883089293775550e-01,9.350478635926993132e-01,9.349697643658546609e-01,9.352552908560705092e-01,9.351467697308802896e-01,9.352437144958548609e-01,9.350353008158839296e-01,9.350041534280447708e-01,9.350624232254122203e-01,9.351926723297319111e-01,9.348250211833272205e-01,9.348707792566797181e-01,9.348309971328752077e-01,9.347340751461623576e-01,9.346510577267715947e-01,9.347348469471354893e-01,9.347734643535110521e-01,9.347588319325091932e-01,9.347459537026341359e-01,9.348119274691211178e-01,9.345239831183523860e-01,9.345385346567151030e-01,9.346546686009002958e-01,9.346014258373651629e-01,9.346134015492044700e-01,9.346049059061466435e-01,9.347725634953285567e-01,9.345474850288596480e-01,9.343363456553314128e-01,9.344047276211062680e-01,9.343292131144218526e-01,9.344038043799873794e-01,9.343773737139241531e-01,9.345570496930030169e-01,9.343458256775858395e-01,9.344341320679845353e-01,9.344183321885063398e-01,9.343760790520745374e-01,9.344599319696036410e-01,9.343776316821285066e-01,9.343405594543842119e-01
9.642818534632253691e-01,9.643798469051708677e-01,9.643950797880549430e-01,9.642397014888328677e-01,9.634692751854029291e-01,9.623462875290427210e-01,9.608500813094235093e-01,9.584957877196498277e-01,9.550798097585732060e-01,9.554203879664180388e-01,9.538657039007997218e-01,9.520842558641362530e-01,9.501749137961144065e-01,9.504703955177845609e-01,9.495984466755891251e-01,9.463789210773245753e-01,9.466618480318562678e-01,9.467872363943575786e-01,9.453247254509582476e-01,9.460600926071793815e-01,9.446857587327841532e-01,9.444927078936035114e-01,9.442286016892980083e-01,9.423972447202469960e-01,9.428526609955868443e-01,9.441004735658665714e-01,9.421164943244066947e-01,9.418373545483893494e-01,9.422385750747349631e-01,9.424000890145606268e-01,9.440775982654188159e-01,9.425788748048422594e-01,9.428850186589616822e-01,9.425407034483467283e-01,9.417034349850140762e-01,9.406746207372534974e-01,9.426659656945477472e-01,9.420904832505293536e-01,9.403615964294266272e-01,9.412183237464455399e-01,9.411147675287776515e-01,9.415872960823201687e-01,9.411565207495630192e-01,9.400355817330067199e-01,9.400986166685116885e-01,9.398003888577254328e-01,9.397685478509154589e-01,9.404703594513275089e-01,9.394363753954277918e-01,9.394633994522001430e-01,9.393086452652182894e-01,9.389654704103023164e-01,9.391579026258828344e-01,9.391843337850154239e-01,9.399356751191598747e-01,9.397716359718896184e-01,9.394285666288133552e-01,9.387451324598785618e-01,9.386851343660462810e-01,9.391020775895020378e-01,9.384591748199244687e-01,9.387152758109025275e-01,9.383712769363373729e-01,9.386274844455708699e-01,9.384702131582669526e-01,9.382492506134610943e-01,9.386178190708619473e-01,9.381375398756504058e-01,9.382494535931619195e-01,9.382077417491540006e-01,9.382908146061461618e-01,9.383049102633370664e-01,9.379574720346026684e-01,9.378560134696419803e-01,9.379875539407800389e-01,9.379523073260549459e-01,9.381269866959387471e-01,9.378346260229903919e-01,9.378544019101786589e-01,9.377960893598715764e-01,9.378766104070175302e-01,9.378123148119121844e-01,9.378287051358478177e-01,9.378692762415564710e-01,9.377767496011037984e-01,9.378174483614449830e-01,9.379504226836371528e-01,9.376844242381205952e-01,9.378994380503437034e-01,9.376953634859579445e-01,9.376029023030300058e-01,9.376289947335558761e-01,9.376592531581349199e-01,9.376610091984790563e-01,9.377696404062934032e-01,9.376481127854456865e-01,9.376571732737397635e-01,9.376525539556915811e-01,9.376509291257564271e-01,9.376237468484580617e-01,9.376311620088080279e-01
9.645372199785055001e-01,9.646816465364090876e-01,9.648051114909935722e-01,9.647640894862942185e-01,9.644513403885995872e-01,9.636192938525445228e-01,9.620582896241509641e-01,9.604883008074298623e-01,9.588041560594211532e-01,9.563931939224640244e-01,9.547293917542610808e-01,9.537443694394599492e-01,9.522108858138673693e-01,9.506191637536776096e-01,9.510123769941379868e-01,9.509675782107598341e-01,9.499839718967757474e-01,9.477072300359975499e-01,9.481154099953070791e-01,9.480996800712975237e-01,9.483122523252851543e-01,9.476873470846460812e-01,9.476297002347863208e-01,9.482771269984167084e-01,9.472713981016702700e-01,9.454639116372531848e-01,9.461624373537225186e-01,9.479777673982811015e-01,9.440162410863058851e-01,9.455583996831528060e-01,9.438104759188007398e-01,9.461535732939736487e-01,9.465045500734858841e-01,9.440947065791663873e-01,9.447813613006246225e-01,9.445077834386556015e-01,9.445983259386915298e-01,9.445391174535138212e-01,9.439567864220732574e-01,9.432635499396336831e-01,9.436388039964352936e-01,9.438378402686103952e-01,9.437375678282492464e-01,9.431075249290268303e-01,9.430276366664588350e-01,9.430715805923042261e-01,9.422658434969344299e-01,9.426172207068997944e-01,9.425919318214350806e-01,9.416578403356014038e-01,9.423983156674041739e-01,9.421685031719245762e-01,9.421158263546268730e-01,9.422380571702952956e-01,9.418149263448385433e-01,9.416775929962690750e-01,9.419275846886785430e-01,9.411136417245731245e-01,9.416867891499955956e-01,9.418588279909123617e-01,9.413857228671460575e-01,9.414445895276881693e-01,9.416831505171504579e-01,9.415289241826800826e-01,9.415680121512847167e-01,9.411725373783074167e-01,9.413778271318711255e-01,9.413963880398849016e-01,9.411286116936620205e-01,9.410789218615533969e-01,9.409119613181043951e-01,9.409721689508472320e-01,9.412487300411939151e-01,9.409089461008349753e-01,9.409313733287408832e-01,9.409715663833043697e-01,9.410508877539166539e-01,9.410617794611649822e-01,9.407933105540523533e-01,9.408777869906904678e-01,9.408510940588797888e-01,9.408680294113703768e-01,9.407842148557463702e-01,9.408741610009729861e-01,9.409733342695453251e-01,9.407267192824179114e-01,9.407844746187649099e-01,9.407344071542966812e-01,9.407727368196341367e-01,9.407554584742269244e-01,9.407898244787983311e-01,9.407668842542739052e-01,9.407520555724617761e-01,9.406073419312173112e-01,9.407989779712554457e-01,9.406608346992729741e-01,9.405752841719273727e-01,9.406552418450745412e-01,9.406799328707268204e-01,9.405917987687290038e-01,9.406808031752561527e-01
9.648003645473843815e-01,9.649724760911027044e-01,9.651781936423042829e-01,9.652317226492773683e-01,9.650511932754440858e-01,9.640202512815873037e-01,9.631603828866290851e-01,9.617519289971346863e-01,9.610330788080269082e-01,9.580568423672330969e-01,9.570835859772455212e-01,9.554644894322321669e-01,9.546349298553411522e-01,9.517962970810083245e-01,9.535877606242922910e-01,9.517612651664546508e-01,9.515365724811104542e-01,9.498148533319005216e-01,9.498439379915097902e-01,9.497018231315413894e-01,9.512612533667611503e-01,9.510628642106092601e-01,9.495848513857623185e-01,9.504249443877028636e-01,9.494071410987399151e-01,9.496941030903026659e-01,9.479185309424886796e-01,9.467355379855731945e-01,9.488381360200438541e-01,9.474350035114440516e-01,9.474003613649039091e-01,9.482551392110643018e-01,9.469162488593850791e-01,9.468648372919818978e-01,9.478866812734501046e-01,9.454651384671880487e-01,9.464703449770450749e-01,9.471085623405055554e-01,9.467232500774062087e-01,9.467385808663457691e-01,9.455623116381463023e-01,9.457599824197089333e-01,9.459913378587225807e-01,9.458433568767229405e-01,9.446054677499347019e-01,9.459451344863092359e-01,9.461909837154951486e-01,9.450526618735149986e-01,9.452899582651673738e-01,9.459036809123426703e-01,9.448642069155248624e-01,9.449874975792806886e-01,9.444637640734860895e-01,9.446835888057742991e-01,9.443027300996149620e-01,9.445455180417394736e-01,9.443641749957347731e-01,9.444286888155672965e-01,9.441873596632510690e-01,9.439121291088201637e-01,9.447182762482075891e-01,9.444877186615170395e-01,9.440649451869248532e-01,9.442082724650768810e-01,9.441285221186683785e-01,9.442231062964639987e-01,9.440133016366228924e-01,9.437738701342689440e-01,9.437977943598585551e-01,9.438503784614793446e-01,9.439660508782671267e-01,9.435407746452179056e-01,9.442369228554007288e-01,9.438493512702814670e-01,9.438813841537850857e-01,9.437166437919032314e-01,9.436264280606694310e-01,9.437445056555863188e-01,9.437065968404175775e-01,9.435780649643902285e-01,9.438394004785654046e-01,9.437077650726333200e-01,9.436976847344356045e-01,9.435965111880448841e-01,9.435863338310093162e-01,9.435475420905596877e-01,9.435497366564420396e-01,9.435188145554525008e-01,9.435891147080096575e-01,9.434201635695106392e-01,9.436901916405667778e-01,9.435607496408410233e-01,9.434092539599678862e-01,9.435749311997904121e-01,9.435557229935299661e-01,9.433627824769073023e-01,9.433948732879897658e-01,9.433777055455385696e-01,9.434614306398581007e-01,9.434423815063478491e-01,9.433359380714548825e-01
9.650184641085525206e-01,9.652075027720951050e-01,9.654659352785432969e-01,9.657029286692853098e-01,9.656590057866335508e-01,9.652114666951553401e-01,9.640866723517796943e-01,9.629126559596457025e-01,9.615324785949473929e-01,9.602161476975958898e-01,9.564649213064194688e-01,9.568028420749510321e-01,9.553875653868422191e-01,9.557921299954820205e-01,9.550366211398323424e-01,9.549179304027234361e-01,9.529264767279060910e-01,9.528453114089807663e-01,9.526930564648422584e-01,9.524246365805422165e-01,9.533922086824756503e-01,9.515895143764874220e-01,9.510520482501508832e-01,9.514652406255988959e-01,9.512711291813862324e-01,9.512021762175781880e-01,9.508411476880798130e-01,9.513005039951756281e-01,9.511967758289254782e-01,9.502095258025414770e-01,9.504107371076753186e-01,9.494311758256372968e-01,9.491560286120309664e-01,9.494696065944373542e-01,9.495789960473899338e-01,9.490110201314559957e-01,9.497303710589397596e-01,9.487725785914794541e-01,9.482788964664802256e-01,9.499531347566713135e-01,9.488901261105654461e-01,9.478460998999606035e-01,9.480632970730757947e-01,9.479558248708889190e-01,9.484298214854317566e-01,9.481327050420369495e-01,9.474872923969109850e-01,9.484035842522621218e-01,9.481318151803176386e-01,9.469504386803189178e-01,9.478876114403308462e-01,9.474293395821227204e-01,9.478235953327507346e-01,9.474823100875626736e-01,9.468418191446598131e-01,9.471967640624323614e-01,9.472262586783694038e-01,9.467303976994310144e-01,9.470098083005038525e-01,9.467473849398604369e-01,9.468233649065724844e-01,9.468508008268987641e-01,9.468270331098098680e-01,9.464658805014218856e-01,9.466720921457245641e-01,9.466835838808091985e-01,9.467653545177716623e-01,9.466011468078883162e-01,9.467051402888312372e-01,9.463554037409922515e-01,9.465283286929797590e-01,9.462930226196187844e-01,9.463793570854108772e-01,9.464906132722523679e-01,9.462311572052695130e-01,9.462997107457866708e-01,9.462061230048629534e-01,9.462692195533540795e-01,9.463471828008672704e-01,9.461999653779550323e-01,9.464789714511157026e-01,9.463112704757424831e-01,9.461839373497699102e-01,9.461474293641680688e-01,9.462993100436611904e-01,9.461753355582125380e-01,9.461931691560245827e-01,9.459859252003168795e-01,9.460087598557263000e-01,9.461734151414502580e-01,9.460552056967110879e-01,9.460481586156846978e-01,9.461369313799237180e-01,9.460001947063410022e-01,9.459341597955236436e-01,9.459634301914620069e-01,9.460621513742962785e-01,9.459010569693735437e-01,9.459977558868521985e-01,9.459700158897019762e-01,9.461442909541808444e-01
9.652052418637648845e-01,9.654347177053401730e-01,9.657656169190189654e-01,9.660664658352240419e-01,9.660940777095089471e-01,9.657832898745786210e-01,9.651372087038043723e-01,9.640668294183035725e-01,9.623240380302467978e-01,9.618724779901028921e-01,9.589922479512854592e-01,9.584492587025619237e-01,9.583156818053928383e-01,9.578239805958440600e-01,9.551870425339541448e-01,9.572881631571584782e-01,9.564588407018453919e-01,9.551728836665073219e-01,9.543175689752473323e-01,9.564850054226620157e-01,9.530714160774930166e-01,9.543676043934742337e-01,9.533960952949561696e-01,9.538244998329085123e-01,9.529266171338869329e-01,9.529802525956223569e-01,9.532882242821064667e-01,9.535581385111021602e-01,9.521827591534807178e-01,9.516676063235171013e-01,9.518784056120402903e-01,9.512505007426500514e-01,9.514620354114927681e-01,9.513654403982720886e-01,9.506031266889268805e-01,9.514687800481896884e-01,9.513761795151935985e-01,9.510201526740357236e-01,9.508704553080761235e-01,9.506726838404800928e-01,9.506585567990368801e-01,9.510891648345097815e-01,9.505294285215057926e-01,9.501785583800290702e-01,9.509355103098573458e-01,9.502182793459286181e-01,9.495578384175803466e-01,9.495406858535682115e-01,9.500574961658512230e-01,9.496374733908820032e-01,9.495118819167820412e-01,9.489598978965367859e-01,9.495215910590582009e-01,9.496057469024773434e-01,9.494030712998683397e-01,9.499087014292826314e-01,9.495094232843112048e-01,9.494208010416670396e-01,9.493968376197430281e-01,9.490497640288836356e-01,9.494176885531974142e-01,9.492563989027135163e-01,9.490959437679031829e-01,9.493232656816974480e-01,9.487890145562087874e-01,9.491606407381186772e-01,9.489127944614297316e-01,9.487069193063903949e-01,9.488462361253445776e-01,9.490087407013819698e-01,9.487882738769067847e-01,9.487711361086944573e-01,9.487261604678763893e-01,9.486682224826821219e-01,9.487477496430049007e-01,9.485910535195946069e-01,9.485588269126804528e-01,9.486187482475298971e-01,9.485916196610426621e-01,9.487588180715351704e-01,9.487336994995095862e-01,9.486385487115814863e-01,9.487769202719533723e-01,9.485909387817232918e-01,9.484317154586088261e-01,9.484799816719351462e-01,9.484340500836272447e-01,9.483906800912577095e-01,9.485790079646946316e-01,9.484819802648875031e-01,9.485411172432915983e-01,9.483698794377849461e-01,9.483910014626534268e-01,9.484333998697975776e-01,9.482975137328943926e-01,9.483615006144617832e-01,9.483815810972530125e-01,9.483652568336452537e-01,9.483513151826066245e-01,9.483841923932280205e-01,9.482732034691866430e-01
9.653897716130503959e-01,9.656318284785609940e-01,9.660154863465796327e-01,9.663561556113736684e-01,9.665408852869731282e-01,9.663682581816207540e-01,9.659750876123260888e-01,9.649603593801820978e-01,9.632569818610597912e-01,9.632558251742383559e-01,9.613671636693026379e-01,9.589237611386360882e-01,9.592269262820584119e-01,9.602592129023211909e-01,9.583723430630319839e-01,9.571422461608918297e-01,9.576054645027073375e-01,9.566833201194049341e-01,9.567987385515915877e-01,9.564466029107133727e-01,9.578700029837419194e-01,9.551549787672868330e-01,9.549710578961709828e-01,9.551421499415455596e-01,9.561437329524465900e-01,9.544879963593606576e-01,9.545690664029470307e-01,9.542827306796953790e-01,9.540891386803375118e-01,9.543624369239506189e-01,9.550047629539745175e-01,9.547812887082494093e-01,9.535807510492113614e-01,9.532462778584903651e-01,9.537880530415343561e-01,9.532484961610060425e-01,9.539098083556757368e-01,9.537467421961476344e-01,9.540671001022296149e-01,9.525239364997051261e-01,9.526433114210456354e-01,9.536406020978711595e-01,9.531630059528466425e-01,9.529416868031526100e-01,9.527868657927016649e-01,9.517905042694989604e-01,9.517268051396553519e-01,9.521597990991892413e-01,9.515269427726248397e-01,9.521237654535787964e-01,9.518723152307154711e-01,9.518147653020773147e-01,9.518616495977925140e-01,9.516418439174110233e-01,9.518274025017648965e-01,9.515334566951747508e-01,9.515967261667398480e-01,9.515802498163418166e-01,9.511929002282661916e-01,9.513394628995844871e-01,9.512683318922020570e-01,9.515605314376762713e-01,9.510679375757917775e-01,9.509906880002532148e-01,9.509934481090133174e-01,9.510430643056574374e-01,9.511112884968312420e-01,9.511498860548935896e-01,9.510983276181758095e-01,9.510804626154287789e-01,9.510227430638653612e-01,9.509215647951329009e-01,9.508352037580766192e-01,9.509182222915623095e-01,9.507552269095589370e-01,9.508292900978448925e-01,9.507793780911407699e-01,9.508873019437902308e-01,9.508164772639342566e-01,9.508300421875509612e-01,9.508294710769118474e-01,9.506991620573543855e-01,9.506176881382518706e-01,9.507097829936700384e-01,9.507194479935056064e-01,9.506432080054619815e-01,9.507021586583959127e-01,9.507046425688525648e-01,9.506559774989509215e-01,9.505810923123080292e-01,9.507888231937614565e-01,9.506395918477318352e-01,9.506505275785740450e-01,9.507124445291998960e-01,9.505900216083715826e-01,9.504598785092985835e-01,9.506649348359883511e-01,9.505600452035857240e-01,9.505520185257193555e-01,9.505409529383846978e-01,9.506123846836337377e-01
9.655260381505018641e-01,9.658117608822027744e-01,9.662287209847891800e-01,9.666524389651739435e-01,9.669853161531426489e-01,9.670080893318773185e-01,9.665811182326916606e-01,9.652833719787653477e-01,9.649087536686296041e-01,9.638362255927306332e-01,9.630264348613626346e-01,9.609758041971946385e-01,9.608139494732540475e-01,9.607519771110313300e-01,9.587594622357374918e-01,9.590892348485386965e-01,9.585346846386095798e-01,9.582378894061656105e-01,9.576532540380847669e-01,9.580979271217239246e-01,9.575897033078493159e-01,9.583583818427225953e-01,9.577647743224241283e-01,9.570076342550382087e-01,9.574117684850064203e-01,9.560293984401948553e-01,9.571639649290432095e-01,9.560777197360755819e-01,9.558463148412899013e-01,9.561632515350911854e-01,9.563638493117995187e-01,9.552449446879925921e-01,9.550617168273436430e-01,9.554351263870092259e-01,9.548888229560728025e-01,9.554656065562240341e-01,9.557071978989793992e-01,9.544094328995853527e-01,9.545436627411070241e-01,9.550188478709691342e-01,9.547582585552593093e-01,9.546559354960174604e-01,9.551694781974606752e-01,9.541774099184976432e-01,9.541188242682945297e-01,9.547814741810083383e-01,9.540432598223622662e-01,9.537744858846011198e-01,9.543496547327543489e-01,9.542850120487527121e-01,9.541004165101767409e-01,9.537983111790356849e-01,9.535220699527772181e-01,9.534406976130713751e-01,9.533716735327422143e-01,9.535537924506894969e-01,9.535224920656844017e-01,9.536327827207478069e-01,9.537311771573473429e-01,9.531429897136528551e-01,9.532394630685364634e-01,9.534942599656723861e-01,9.534063053824090028e-01,9.531985856103595278e-01,9.531890635551443225e-01,9.534767297752498871e-01,9.531544934587466988e-01,9.529734173541828390e-01,9.530999715797833227e-01,9.530675342513548198e-01,9.530484590583941928e-01,9.530359102391148252e-01,9.530852140669522354e-01,9.530156684956186952e-01,9.529153648040821212e-01,9.529408229583019585e-01,9.529648885962437310e-01,9.528462103137644856e-01,9.528633739347762699e-01,9.527065611815876967e-01,9.528834075346617194e-01,9.526377614406384975e-01,9.527826478246802511e-01,9.528442515812338698e-01,9.527237546836502258e-01,9.527761266968710618e-01,9.527425254529009457e-01,9.526834889054867084e-01,9.526339640507973661e-01,9.526891811042773606e-01,9.527168212526622160e-01,9.526098033191029435e-01,9.526757383499908638e-01,9.526047792106508982e-01,9.526927632093885601e-01,9.525948546285124552e-01,9.525497341443894816e-01,9.526111611045042782e-01,9.526642908725251324e-01,9.526262235015670043e-01,9.526654787253702183e-01
9.656855167591402722e-01,9.659651415790274642e-01,9.664160964487537031e-01,9.669053300780982019e-01,9.673179709344423838e-01,9.673737821166290551e-01,9.672742273441389260e-01,9.666042750809050732e-01,9.659080937969464209e-01,9.650116814839273527e-01,9.639086817812437813e-01,9.625200105106144211e-01,9.631637935332980627e-01,9.608978638452870813e-01,9.616193650859363729e-01,9.602534487705483013e-01,9.598040385028153709e-01,9.606492832355509881e-01,9.599979220235446142e-01,9.589620571546566552e-01,9.594871061046521543e-01,9.582921635802185145e-01,9.600253018678591710e-01,9.591865836857603744e-01,9.581481718575508566e-01,9.593451625351937517e-01,9.568763913457327686e-01,9.575042112556007012e-01,9.584470422027701053e-01,9.587131706866987013e-01,9.577271869578564134e-01,9.577873196157061786e-01,9.578284756529901189e-01,9.564402090320743843e-01,9.568309313512276537e-01,9.566252841617619573e-01,9.570414436357366217e-01,9.570636767465626749e-01,9.564933680000413663e-01,9.566072126059319558e-01,9.559289562406562135e-01,9.557918384975587767e-01,9.566333060954604894e-01,9.560675829884139887e-01,9.559876188664802044e-01,9.561209530133172319e-01,9.565347803382721059e-01,9.559662150676017101e-01,9.557658086427756050e-01,9.557225951267872555e-01,9.555024957359347093e-01,9.558997315363726432e-01,9.558702881670946283e-01,9.554158290200449599e-01,9.555191482544942438e-01,9.554004750733485762e-01,9.551789634194506329e-01,9.550998779106733005e-01,9.550699284502244257e-01,9.550672167396220269e-01,9.551787961537179239e-01,9.549796614147024743e-01,9.551410838172295081e-01,9.547024846749113669e-01,9.549940761007943424e-01,9.550006584080924510e-01,9.549198451265757948e-01,9.549145585732367048e-01,9.549665036030557941e-01,9.547577794440613719e-01,9.550564813394676333e-01,9.548104147884053372e-01,9.548049338015945908e-01,9.549679112125170066e-01,9.548991816151664036e-01,9.548040941425931516e-01,9.547073803377312817e-01,9.548001041699402114e-01,9.547422562586450612e-01,9.548051212326675863e-01,9.549329287617309703e-01,9.550253774531491935e-01,9.547794429553158047e-01,9.547106894138249755e-01,9.545608519376933554e-01,9.547285945839645294e-01,9.546676251705438210e-01,9.547651053638671614e-01,9.545673954315178067e-01,9.546354191272610201e-01,9.546651743302843052e-01,9.544936148138803977e-01,9.546046224740422081e-01,9.545194760574539083e-01,9.545243032122511240e-01,9.545816574375589614e-01,9.545569354459353395e-01,9.545208034730550128e-01,9.545212994928422567e-01,9.544508365469868139e-01,9.545136360518388097e-01
9.658060937392793921e-01,9.660762418279582597e-01,9.665556815798044266e-01,9.671443624243468706e-01,9.676062333051009823e-01,9.678644667383587974e-01,9.679426335619897293e-01,9.673359129202091511e-01,9.666387885812293135e-01,9.658442927104688991e-01,9.658324778177193037e-01,9.654054746500346784e-01,9.635786834149046021e-01,9.626073477343823903e-01,9.623467059407800894e-01,9.617811536202487410e-01,9.604679445399690874e-01,9.614978952831804149e-01,9.619360013377563634e-01,9.616400243741977105e-01,9.608094407981159213e-01,9.604087460170572799e-01,9.604772398103986752e-01,9.601373483286291810e-01,9.604033052861694619e-01,9.607361026959266859e-01,9.603521532991774468e-01,9.598569133054359881e-01,9.600331852556369672e-01,9.592631696532140095e-01,9.593805307212839306e-01,9.584936861143057429e-01,9.590926168608921998e-01,9.593165047049911909e-01,9.595618684106468343e-01,9.583711542837946018e-01,9.584432942701404112e-01,9.582587348186344389e-01,9.588633433492170788e-01,9.579919204629581131e-01,9.589179094925512903e-01,9.581841636105713489e-01,9.578199000754744619e-01,9.572759407455353475e-01,9.572974944667833608e-01,9.578491049442109384e-01,9.581167090769558969e-01,9.573276515140553000e-01,9.573048652482634147e-01,9.575523899027439390e-01,9.575042193239400312e-01,9.571682682833446698e-01,9.569843853305042281e-01,9.573657559313630827e-01,9.572021746634262751e-01,9.572715425796940458e-01,9.569336697162605931e-01,9.569163538460437879e-01,9.571602065023268047e-01,9.573214089281404382e-01,9.570225362613770104e-01,9.566178229459663118e-01,9.568747387867582166e-01,9.567385759549107416e-01,9.568370448738749978e-01,9.566130563121852948e-01,9.565839824371293876e-01,9.568758485482011800e-01,9.567096683039503224e-01,9.566875556080788323e-01,9.564926938404532120e-01,9.565496518056538777e-01,9.565221960588077277e-01,9.563456870346191963e-01,9.566210724595270998e-01,9.564767705621572969e-01,9.564039706729008383e-01,9.564486151680811066e-01,9.565160134114314427e-01,9.564844559032900095e-01,9.564771171526288418e-01,9.565446157327032184e-01,9.563336410492427886e-01,9.564885533617152324e-01,9.563122987967236366e-01,9.563642146694099067e-01,9.563703503305037712e-01,9.563189244571552727e-01,9.563066893827594228e-01,9.562809380616829058e-01,9.562837243582477109e-01,9.562791139484733138e-01,9.563252567169538976e-01,9.562458336862954544e-01,9.563372641648391070e-01,9.562843912890482967e-01,9.562982848185151985e-01,9.562825510209695956e-01,9.562747786051284393e-01,9.563644953019247996e-01,9.562593452979704090e-01
9.659210047340985872e-01,9.662070063318970448e-01,9.666434195253166273e-01,9.673441015031730705e-01,9.677899173831241431e-01,9.681952404971252424e-01,9.682746989094956902e-01,9.678293984945731676e-01,9.669456410121040069e-01,9.661062244839309088e-01,9.651526316679566175e-01,9.653914336213793579e-01,9.647379433133593807e-01,9.647406547306397462e-01,9.630244799443855586e-01,9.638581751384052154e-01,9.627416405319968451e-01,9.616361486515532242e-01,9.621555538865170787e-01,9.623597206010947591e-01,9.620065350863455933e-01,9.630259775920910759e-01,9.622225857759374446e-01,9.623828601643436009e-01,9.619308103613571914e-01,9.618055423922363678e-01,9.612218487092942798e-01,9.614514496616664019e-01,9.608208378143413553e-01,9.619734069113633490e-01,9.610176875991459644e-01,9.612613942564887104e-01,9.604388229767082397e-01,9.606459921046976991e-01,9.597727633399748548e-01,9.596086812970253677e-01,9.594932025156013289e-01,9.596616214493898234e-01,9.601307422618180487e-01,9.604985726462781370e-01,9.599001841479792851e-01,9.604120479951032685e-01,9.596396631263073296e-01,9.593369310351442802e-01,9.596392161362709006e-01,9.592270890654128745e-01,9.590425935566045945e-01,9.591648251641544665e-01,9.592958630112085050e-01,9.593344807758689141e-01,9.589081182987851948e-01,9.585214993028148278e-01,9.589539625451848348e-01,9.586351601957276980e-01,9.585067965345540619e-01,9.588782936897005671e-01,9.586732709645906514e-01,9.589264507552244243e-01,9.585134624045095197e-01,9.585767552839081773e-01,9.585529071479266250e-01,9.583428577077620636e-01,9.584094676757887177e-01,9.583400870315549325e-01,9.583728017398368548e-01,9.584223713437646230e-01,9.582081654502324630e-01,9.583734639291290325e-01,9.582995637833277014e-01,9.584843795647912668e-01,9.583267893551274952e-01,9.581570911054008155e-01,9.585363004608578041e-01,9.583735982365578776e-01,9.581450681527534652e-01,9.582111155641225286e-01,9.583524919093088235e-01,9.581136939440649813e-01,9.580450452865616473e-01,9.582064374981044130e-01,9.579894166187762350e-01,9.581980225285474662e-01,9.581350434381797898e-01,9.580478548765057889e-01,9.581126069910805843e-01,9.580805572323992658e-01,9.580054238546285017e-01,9.579493502762054247e-01,9.579059294677151337e-01,9.580199385717871330e-01,9.580017980521798870e-01,9.579685963927694337e-01,9.579515389437360806e-01,9.579560831000540899e-01,9.579514265848101395e-01,9.579382987564160068e-01,9.579683131527833018e-01,9.579745702615656278e-01,9.578907328736324667e-01,9.578644395059273675e-01,9.578877532913829818e-01
9.660244278655568673e-01,9.663131317054155511e-01,9.668161256599924203e-01,9.674612123947972098e-01,9.681138046893050797e-01,9.686489758304190900e-01,9.685876209991935992e-01,9.684648710795223936e-01,9.678112167522118225e-01,9.674050426749909448e-01,9.672905702099546810e-01,9.663474022017476406e-01,9.658263631335102239e-01,9.658587836558044648e-01,9.651818069107049869e-01,9.648971169975365525e-01,9.640777929180949224e-01,9.640555745105067187e-01,9.646855154700734181e-01,9.645737448525522062e-01,9.626643364869871267e-01,9.628689980328600795e-01,9.650876898047634489e-01,9.638333686967415215e-01,9.635466299517121413e-01,9.627668001690520283e-01,9.629209609761333333e-01,9.622373037463962664e-01,9.621219900483933829e-01,9.615343798447889556e-01,9.617144636630949872e-01,9.619210540066981396e-01,9.616260894059791564e-01,9.616626366178779861e-01,9.609555369476242559e-01,9.613542120227019927e-01,9.617487047280158796e-01,9.621158244996615982e-01,9.618353119529817752e-01,9.612997395679494517e-01,9.615423304436139240e-01,9.607099008563686482e-01,9.613531913972388487e-01,9.614536882654343142e-01,9.612410554421129127e-01,9.607464273025640988e-01,9.608332794206385641e-01,9.608815189502973864e-01,9.606484805639801117e-01,9.605944214076168608e-01,9.606325310701425702e-01,9.603412136146955991e-01,9.603467289603766499e-01,9.603480459572436567e-01,9.601207778535304493e-01,9.600782503057269102e-01,9.603529788283041713e-01,9.601325420015648371e-01,9.603746435482969357e-01,9.600612361328466626e-01,9.601163714128537752e-01,9.601144644923366167e-01,9.598613057323155395e-01,9.600169868950729768e-01,9.600335749108327432e-01,9.597066881744854561e-01,9.599898524354508744e-01,9.598169572149286566e-01,9.597689804071911635e-01,9.598235895985806065e-01,9.596945253931411512e-01,9.596786675972197589e-01,9.596367909532339535e-01,9.596334835132139807e-01,9.595945041793376706e-01,9.596828023889554249e-01,9.595039554709637875e-01,9.596412639450960791e-01,9.595618383626639547e-01,9.596008919607205145e-01,9.596470555836915661e-01,9.595208295832384771e-01,9.595809155313773653e-01,9.595701357660556541e-01,9.595864757802313738e-01,9.596329941961064813e-01,9.594576787490336489e-01,9.594549361749027394e-01,9.595629001627291599e-01,9.595207190956817067e-01,9.594582029047807881e-01,9.594984014139725792e-01,9.595057815976965054e-01,9.595490489682706459e-01,9.594960766494018412e-01,9.594508911127068718e-01,9.594608834108515616e-01,9.594267213308392828e-01,9.594240766242316809e-01,9.594485624102366828e-01,9.594325005751351831e-01
9.661135875271997797e-01,9.663882345045160527e-01,9.669249764219099985e-01,9.676218126765454564e-01,9.682748390200763833e-01,9.688753478563885135e-01,9.691876829001532245e-01,9.691705301030970610e-01,9.688876756184682248e-01,9.683780783936367653e-01,9.674801292779221518e-01,9.684800639935946531e-01,9.664370574573123429e-01,9.662384841275489800e-01,9.658679768672223664e-01,9.659849080470430671e-01,9.656457032156922082e-01,9.650819447748755220e-01,9.646785166067161077e-01,9.643313963163258062e-01,9.655069962398030725e-01,9.647220061606688324e-01,9.632469661163538532e-01,9.644702618678797634e-01,9.636287392998699186e-01,9.638260557760736091e-01,9.635139919758447524e-01,9.636513294369456473e-01,9.645008231566086776e-01,9.628378056152391284e-01,9.632831244569868279e-01,9.631894985631955786e-01,9.627855751777337767e-01,9.630071643879151155e-01,9.624371638582397415e-01,9.633331094452072252e-01,9.624525916968674766e-01,9.627005611650730765e-01,9.627937494232583493e-01,9.629188838607709577e-01,9.631384105949000185e-01,9.620147856308404188e-01,9.624601328124948729e-01,9.618200579587630195e-01,9.620936323347230035e-01,9.618646093378402373e-01,9.617556078765884253e-01,9.618931322102263204e-01,9.616264447884197430e-01,9.616011326223443678e-01,9.616296459570671251e-01,9.618577840513437005e-01,9.617967576147854469e-01,9.615881397022937316e-01,9.616061139719233042e-01,9.618809885528456505e-01,9.617598491095165070e-01,9.619544393709049679e-01,9.613514321779084160e-01,9.613850423498806474e-01,9.613686049935662448e-01,9.613309473453935938e-01,9.612866916943941797e-01,9.615841479598100650e-01,9.614136729687513538e-01,9.612948193515338247e-01,9.611517317358061474e-01,9.612902090584434234e-01,9.612002683357466770e-01,9.610884888129160863e-01,9.612098830043959152e-01,9.611985805360028223e-01,9.613177265707207875e-01,9.610978659091088394e-01,9.610956798769646481e-01,9.610605905118486669e-01,9.610126269274377186e-01,9.609757279935111640e-01,9.609552667165168760e-01,9.610725835429093644e-01,9.610582948219462684e-01,9.610375409085923915e-01,9.612147624183386974e-01,9.611538202462458491e-01,9.609438703368695656e-01,9.610698630583044411e-01,9.609452393893814781e-01,9.609423735628302987e-01,9.609315140035742386e-01,9.609698926051961632e-01,9.609584438488641966e-01,9.608765072935022689e-01,9.609656100663870326e-01,9.609182168419553305e-01,9.608822910338078449e-01,9.608488653348481456e-01,9.609209914807042008e-01,9.608742682864235274e-01,9.608970358315506166e-01,9.609247110832851435e-01,9.609016640327322500e-01
9.661933307058727660e-01,9.664791782320014679e-01,9.669985189379546320e-01,9.676831197565936016e-01,9.684742935068533232e-01,9.691456988948732310e-01,9.695836553403226477e-01,9.695480783385057588e-01,9.693407519591556998e-01,9.686964516775126155e-01,9.681157147578669520e-01,9.676054222657199944e-01,9.674715572471174196e-01,9.668806094236316317e-01,9.667270089540229705e-01,9.666337218456448888e-01,9.658344929602337148e-01,9.665912307712816176e-01,9.668126590674234189e-01,9.658742106943120076e-01,9.663681304083135970e-01,9.660167534247889876e-01,9.648356660224253201e-01,9.650415015329527613e-01,9.656862031622818199e-01,9.650063555300940621e-01,9.651715597502423805e-01,9.647349248343687345e-01,9.642842507969379140e-01,9.651415156547404894e-01,9.653576314641796330e-01,9.653609151225172047e-01,9.635081458943171029e-01,9.636178663007168854e-01,9.649843503067667694e-01,9.643034663988342414e-01,9.644128603930522958e-01,9.639649562054770637e-01,9.638393443685814299e-01,9.635634108695887434e-01,9.634345284011248678e-01,9.634873587467452927e-01,9.633338486701270575e-01,9.636298288472099349e-01,9.635742382839010967e-01,9.632442229772401054e-01,9.631198759170560564e-01,9.635075312724080687e-01,9.628397533016952448e-01,9.632763356722381376e-01,9.634161055568174481e-01,9.633225042159406781e-01,9.627723688396663260e-01,9.630389080830690229e-01,9.633815294465083445e-01,9.627341035125277502e-01,9.630771361174365053e-01,9.627935243227111473e-01,9.627824337750924277e-01,9.628780570117828619e-01,9.626118945051490572e-01,9.626533475329718259e-01,9.627468527667233378e-01,9.626899618625174293e-01,9.624693244981697982e-01,9.625319423274777408e-01,9.625542219696076041e-01,9.625182007573299670e-01,9.624669683096379602e-01,9.624342409635039397e-01,9.624314080923070946e-01,9.625652925653723768e-01,9.624622833139571121e-01,9.624692355723974968e-01,9.624833249074785657e-01,9.623164230285121690e-01,9.623376792782626366e-01,9.624215044089016180e-01,9.624123496851534343e-01,9.622453696170443216e-01,9.624183467876243903e-01,9.624297010913633876e-01,9.623183534529595740e-01,9.623564296946776064e-01,9.623198094052827223e-01,9.622339731057532042e-01,9.623279164436562283e-01,9.622810848571365927e-01,9.622741295032268827e-01,9.622601291512211663e-01,9.621913478432878586e-01,9.622307818506368182e-01,9.622239665565273103e-01,9.622573897313151381e-01,9.621920821946366997e-01,9.622617554694252728e-01,9.622305161308983834e-01,9.621908431167014442e-01,9.621643785425562090e-01,9.622134034833109695e-01,9.621980293863582334e-01
9.662584927734766405e-01,9.665397311652926815e-01,9.670654581712585518e-01,9.678312941912196044e-01,9.686965775262403877e-01,9.692417548708699426e-01,9.697065996829001833e-01,9.699577256207325693e-01,9.694663838270962675e-01,9.694795432989637973e-01,9.689746740783385937e-01,9.685763572281971268e-01,9.684573518457707531e-01,9.682523810516328044e-01,9.679597213648425402e-01,9.682638517786540389e-01,9.676928285350132608e-01,9.673307466652828479e-01,9.667595487189712955e-01,9.670111998491951466e-01,9.671283546088340621e-01,9.668304651359804769e-01,9.657136426648694760e-01,9.658880809330656625e-01,9.661296644393426725e-01,9.655725366269138910e-01,9.667471976253210197e-01,9.658736868163529943e-01,9.656752661976486518e-01,9.656972921922643005e-01,9.657802965451791621e-01,9.654780162718620273e-01,9.654940292662942403e-01,9.654521904020826328e-01,9.653496736904721987e-01,9.650168798990774732e-01,9.654274756074978647e-01,9.647413617731774860e-01,9.650588743267149994e-01,9.648842199212908088e-01,9.649795482287129023e-01,9.650435232646175088e-01,9.642015247638748843e-01,9.649100783424831018e-01,9.646682528503761622e-01,9.647026130672279320e-01,9.646310999692004895e-01,9.645883103069212705e-01,9.646219068604174884e-01,9.642348235481815744e-01,9.645583596501026147e-01,9.644807655393553558e-01,9.642055263969879775e-01,9.642061634756025068e-01,9.639780373349023934e-01,9.639080298437489036e-01,9.639977288206812434e-01,9.640674946639393728e-01,9.640946227905168309e-01,9.641161192300963245e-01,9.639540641392576603e-01,9.638794771563488073e-01,9.637300068428232835e-01,9.638169971196772767e-01,9.637344824435646329e-01,9.638178106338750606e-01,9.636532321008414170e-01,9.638235090452366149e-01,9.638279828623036449e-01,9.636143308138116481e-01,9.636594017183963690e-01,9.637771662134582140e-01,9.636184665552224304e-01,9.635448533220559719e-01,9.637755601212265599e-01,9.635675297973134157e-01,9.636134631711366083e-01,9.636601837182907637e-01,9.636918304120812850e-01,9.636509347564387040e-01,9.634879718183543273e-01,9.635976231437837214e-01,9.635821678063219986e-01,9.635965169609522762e-01,9.635714191710397225e-01,9.635846460672280456e-01,9.635646002772538798e-01,9.634781279479694982e-01,9.635243681760827794e-01,9.635140070724118599e-01,9.635183707266957720e-01,9.634798932104559066e-01,9.635306522973852150e-01,9.634279380735156773e-01,9.635383731767597215e-01,9.634994287680329617e-01,9.634129341895228960e-01,9.634619865574042263e-01,9.634459062565544629e-01,9.635817288008245995e-01,9.634740288254072249e-01
9.663231458694424569e-01,9.665902563011488091e-01,9.671034715842600216e-01,9.679272886732194214e-01,9.687539241322278283e-01,9.695428623944281066e-01,9.700806400114357908e-01,9.702999090382686820e-01,9.704282890842114151e-01,9.700155663423365437e-01,9.697488772273953339e-01,9.693566854623162365e-01,9.689973639576676678e-01,9.689343632509551663e-01,9.686147361574534154e-01,9.690462155680864553e-01,9.681531519822732523e-01,9.683899708851609889e-01,9.679385790666243938e-01,9.678758756268769359e-01,9.667824178511813527e-01,9.681048289822018482e-01,9.669839839125891068e-01,9.677510648959293249e-01,9.679802445071473693e-01,9.671265731932294774e-01,9.666670529870809991e-01,9.671371582398506916e-01,9.670525959653960557e-01,9.670662338860186447e-01,9.665151611622050387e-01,9.660794513871552303e-01,9.663968655132022523e-01,9.666043904325579694e-01,9.665475469023422361e-01,9.662707832788076656e-01,9.661201779412427193e-01,9.658765443314524246e-01,9.661766224287287042e-01,9.659304605536607191e-01,9.661131617435779750e-01,9.661114770757339709e-01,9.655374777347186521e-01,9.659301448933946821e-01,9.658960033135621792e-01,9.658310727486474345e-01,9.653011256521082384e-01,9.656133309912686702e-01,9.657303167553932255e-01,9.653732379215194115e-01,9.651252324422091577e-01,9.654230498398709281e-01,9.654485466616908873e-01,9.653198533254752078e-01,9.653665755722434794e-01,9.651964729933031339e-01,9.654301803831757400e-01,9.651220659343745512e-01,9.650261997466884623e-01,9.651256769905447452e-01,9.651348766734608731e-01,9.650340452797854240e-01,9.649582065006634402e-01,9.649525630437167933e-01,9.650522037200128800e-01,9.649410279778224409e-01,9.650061244581860098e-01,9.649440549001642164e-01,9.648466329754536996e-01,9.649214702527930676e-01,9.648425296970895015e-01,9.648726989306756208e-01,9.649274650581227686e-01,9.648311866503885836e-01,9.648016174739639794e-01,9.648070208512907753e-01,9.648633613416421895e-01,9.648034323856339300e-01,9.646976733995376030e-01,9.647968650379951105e-01,9.648229005890510690e-01,9.646704814649419424e-01,9.647235688527280306e-01,9.647128696771355427e-01,9.647231137332374917e-01,9.646478219268623810e-01,9.647430001480227224e-01,9.647511582951253661e-01,9.647131351319978565e-01,9.646595406402344031e-01,9.646545768229799478e-01,9.646257122716854759e-01,9.646237042323696498e-01,9.646326086198251382e-01,9.646753565561663191e-01,9.646406474781626939e-01,9.646848066054523052e-01,9.646206056276150909e-01,9.646007879689934006e-01,9.645875765146303404e-01,9.646472250025931450e-01
9.663802579814810834e-01,9.666388800849092799e-01,9.671709352765048839e-01,9.679500435685151061e-01,9.686024660365341044e-01,9.695678291941877136e-01,9.703086252268606771e-01,9.706863671657365300e-01,9.706885653490615606e-01,9.706021390181692743e-01,9.704135065430845586e-01,9.702435419430653907e-01,9.702634185385164978e-01,9.700019067113330173e-01,9.695052646581036049e-01,9.692386195246461833e-01,9.684435562759173832e-01,9.689523064604336211e-01,9.679193745268215299e-01,9.688061074723176569e-01,9.684750555480465817e-01,9.683320651568593229e-01,9.687602779687015664e-01,9.686151920015029226e-01,9.680685584723938142e-01,9.678878866152998972e-01,9.674723196457236662e-01,9.677043855340545786e-01,9.676197322545684321e-01,9.674238575930991235e-01,9.674263336835986493e-01,9.674482410935655308e-01,9.675214250047248221e-01,9.674607582094481018e-01,9.675396567949183790e-01,9.673300956749747437e-01,9.670102222231085065e-01,9.671211669957239243e-01,9.670999050121866780e-01,9.670300699017295720e-01,9.669448954044852496e-01,9.670846290261135847e-01,9.667816911186711826e-01,9.665246972039850393e-01,9.666558505326000583e-01,9.667150468290841570e-01,9.670008130331342322e-01,9.664539515410330850e-01,9.664570967323552475e-01,9.667883341159827504e-01,9.663966700353847639e-01,9.664536158915869590e-01,9.663794618757434174e-01,9.665924284177248582e-01,9.661286105755988451e-01,9.663643321118547957e-01,9.661975424901165788e-01,9.661642093551836563e-01,9.661535884285133990e-01,9.662158454212430581e-01,9.663127383283030003e-01,9.660745061298581238e-01,9.660334934317905686e-01,9.660646348470426359e-01,9.660092324726741175e-01,9.660746260634458515e-01,9.659733479429791769e-01,9.659424290793707790e-01,9.660023160871369363e-01,9.659645534081825469e-01,9.658071491861757174e-01,9.658305109277353084e-01,9.658394058310635355e-01,9.658251886639053208e-01,9.657926225922943697e-01,9.658768612499366579e-01,9.658688555259756781e-01,9.658782524197548902e-01,9.658237494204514606e-01,9.658332304018881764e-01,9.657712695757888488e-01,9.657990911263056866e-01,9.658020393077911825e-01,9.658517160595831985e-01,9.657955328740470691e-01,9.657922163166339224e-01,9.657902012669746794e-01,9.657483631550798364e-01,9.657219324551457040e-01,9.656812738504316762e-01,9.657549645535159488e-01,9.657619213253556545e-01,9.657268730226499232e-01,9.656779135717491469e-01,9.656992665057605452e-01,9.656905638980006756e-01,9.657366302232270883e-01,9.657421352894973721e-01,9.657347687555390969e-01,9.656858686758730270e-01,9.657537579759805091e-01
9.664260543775210488e-01,9.666589911020321280e-01,9.671732099668644000e-01,9.680607405975664159e-01,9.687464316270311127e-01,9.697120017618034993e-01,9.705600711358879362e-01,9.706816718325466109e-01,9.710012674833515822e-01,9.710362875849628539e-01,9.708149826400707116e-01,9.705412093779043348e-01,9.705608342585685389e-01,9.701724038904717684e-01,9.699053219164229800e-01,9.692755641006287615e-01,9.693021048051400079e-01,9.692896174402880760e-01,9.689225834430632567e-01,9.695974029573750652e-01,9.684437374080991923e-01,9.693521373307386613e-01,9.681470343308423709e-01,9.687723983800851091e-01,9.691726634802059204e-01,9.685440601121412252e-01,9.687035805183437098e-01,9.681914978031920249e-01,9.685473896165881502e-01,9.685110493216888550e-01,9.686453471533105208e-01,9.684262395536026302e-01,9.686339307794620268e-01,9.680283444445393348e-01,9.674521853560199558e-01,9.687091962233417286e-01,9.681352492969029777e-01,9.676423422228515037e-01,9.683190366030423046e-01,9.682052248053995003e-01,9.680407006202600417e-01,9.677467719291936721e-01,9.675510896140485650e-01,9.676110591703260821e-01,9.676913025719235950e-01,9.675233287641489266e-01,9.677535899320496293e-01,9.676056899652933918e-01,9.674674550739288392e-01,9.676319749268329495e-01,9.675165362235672584e-01,9.675421272945772255e-01,9.673637971700155269e-01,9.675093602451119157e-01,9.672488111742930661e-01,9.673276546654409058e-01,9.671726752397524773e-01,9.671467598970278079e-01,9.672977369734193642e-01,9.671462275870388314e-01,9.670806433574904437e-01,9.671671972098302428e-01,9.669431806056043577e-01,9.670963352328864060e-01,9.669957642042166235e-01,9.670981640844348304e-01,9.671189931518656691e-01,9.669489397551184195e-01,9.669973905230591082e-01,9.669127518409658117e-01,9.669509020030910840e-01,9.669655199475201135e-01,9.668318427455246944e-01,9.668563535323795310e-01,9.668115852083485340e-01,9.668781793973809657e-01,9.669212417893530143e-01,9.668010419002657230e-01,9.668534633691767688e-01,9.667611855173072755e-01,9.668258083723503260e-01,9.668865178144318007e-01,9.668130157878662700e-01,9.667639829868764911e-01,9.667769040806856173e-01,9.667573677638716667e-01,9.667566064328148023e-01,9.667403530836380376e-01,9.667431055806521289e-01,9.667135647944902210e-01,9.667460392598761221e-01,9.667100629757683361e-01,9.667847070649948638e-01,9.667113916934795270e-01,9.667302276254798876e-01,9.667379365751211928e-01,9.667528988256285372e-01,9.666851260147953928e-01,9.666895442971594754e-01,9.666755211746785870e-01,9.666667643553381595e-01
9.664681652937258116e-01,9.667137813510051636e-01,9.672257500039568301e-01,9.679809471078598682e-01,9.689811850822106498e-01,9.698692460919621228e-01,9.706025164206809608e-01,9.712055001016126621e-01,9.712881791641430063e-01,9.714290842215916877e-01,9.713941272154914541e-01,9.710106863037302194e-01,9.711263574780579777e-01,9.706575264098031841e-01,9.708369181525204894e-01,9.702968109544209963e-01,9.701452069908165221e-01,9.699722108807238286e-01,9.699722673945649909e-01,9.700784198829860427e-01,9.703117644673645570e-01,9.698781774517573062e-01,9.697095323688417201e-01,9.702667595294758307e-01,9.698293135721047786e-01,9.695763532142557262e-01,9.696030343549884023e-01,9.693208224264244777e-01,9.695043916290444486e-01,9.689279283676189847e-01,9.696786302692950166e-01,9.697666857289766185e-01,9.689322376884541566e-01,9.692250087195526387e-01,9.690882375193425879e-01,9.692224278236437618e-01,9.693120520009569363e-01,9.689077500084356531e-01,9.687214709915632493e-01,9.691738852308293684e-01,9.687236691558840374e-01,9.685675147657286654e-01,9.687213603296471742e-01,9.686740295762351627e-01,9.684722851006426492e-01,9.686105241950793143e-01,9.683341857906105909e-01,9.682881869075670167e-01,9.682425577902733504e-01,9.683426065503633051e-01,9.683019308276916703e-01,9.684853177373204947e-01,9.680913821322828516e-01,9.683123411127115832e-01,9.679667547828323393e-01,9.681579172552889911e-01,9.682933729509834997e-01,9.679250487547925719e-01,9.681620990382237002e-01,9.681465649600675683e-01,9.680202447491633722e-01,9.679090052102850006e-01,9.679891503667354957e-01,9.679053770277213919e-01,9.679495144535752438e-01,9.679371620902047502e-01,9.680270958223224920e-01,9.677534392993490941e-01,9.679536936188134488e-01,9.679003028624046934e-01,9.679022692111034498e-01,9.678381693439612743e-01,9.678922334058939203e-01,9.678470055104929637e-01,9.678138709704601217e-01,9.678599641855449853e-01,9.677887355919004841e-01,9.677701972655586848e-01,9.677877105026436722e-01,9.676755028516486057e-01,9.676740985524706629e-01,9.677484021228808242e-01,9.677288842261941859e-01,9.676910625819516998e-01,9.677004092212757591e-01,9.677521149035014369e-01,9.677628073746668003e-01,9.677069865198058007e-01,9.676949777177010770e-01,9.677368228602322153e-01,9.676280756818667061e-01,9.677673206049257626e-01,9.676743729449506226e-01,9.676294929695506974e-01,9.676897566898031711e-01,9.676648547453499116e-01,9.676504804138417182e-01,9.676780591569402734e-01,9.676562159394896945e-01,9.676377436850703839e-01,9.676226143155288728e-01
9.665021451995692292e-01,9.667330383161663043e-01,9.672372778071698374e-01,9.680197536379282486e-01,9.689726875410791251e-01,9.697758856000961991e-01,9.708346047941873724e-01,9.714700691629054585e-01,9.718173142969070977e-01,9.718149195483991587e-01,9.717384897976640845e-01,9.717270050364998912e-01,9.715245524034387126e-01,9.712503399566635442e-01,9.709352439615928088e-01,9.714687848162129047e-01,9.711050590774192859e-01,9.705259022519424628e-01,9.715101762823681320e-01,9.702783280913380715e-01,9.707927809725032109e-01,9.706477708078385946e-01,9.704265636805476936e-01,9.704389545124005867e-01,9.703907426919653467e-01,9.700592023295712130e-01,9.702912871539366435e-01,9.706012283654189554e-01,9.699366224718474205e-01,9.699155052767810536e-01,9.700505113966844117e-01,9.703915397739976134e-01,9.700471856806653914e-01,9.700213558022795501e-01,9.698480757134548824e-01,9.696526156047753364e-01,9.699354624229583610e-01,9.695869125106233444e-01,9.693163927731321960e-01,9.694145437852498270e-01,9.695624297006972814e-01,9.695406113275101267e-01,9.691833562737720564e-01,9.697248980322535905e-01,9.695624123712208720e-01,9.692638918824973970e-01,9.691934055649693569e-01,9.691295271933969557e-01,9.693679443619330760e-01,9.691356547958847045e-01,9.692141040359228965e-01,9.692794827626254328e-01,9.692293665122777568e-01,9.691154909661153782e-01,9.690374643113289777e-01,9.690169854490250367e-01,9.689186186259255429e-01,9.689632561147942802e-01,9.688696993181682426e-01,9.687170905905213569e-01,9.689796677553275117e-01,9.688509492928670808e-01,9.687959895408633226e-01,9.689543372541584709e-01,9.688919385656415972e-01,9.687506906964512554e-01,9.687205122277278146e-01,9.688393954984800827e-01,9.686663794635589353e-01,9.687674152546642548e-01,9.687219981954845460e-01,9.687459435843536193e-01,9.687456318398973698e-01,9.687091137213724723e-01,9.686272460253502192e-01,9.686257065259120669e-01,9.685855066103905564e-01,9.686387251285804023e-01,9.686353251940541531e-01,9.686692187496376283e-01,9.686432663196840043e-01,9.686189785476745362e-01,9.685888103181389264e-01,9.685892270880208654e-01,9.685649654714151291e-01,9.686272298599247765e-01,9.685659371453021471e-01,9.685855724521141852e-01,9.686045514686825175e-01,9.685729147310196963e-01,9.685876978258625147e-01,9.685359905635715361e-01,9.685698434975213988e-01,9.685973973969089768e-01,9.685425182808643507e-01,9.685436051884201980e-01,9.685354486494083259e-01,9.685401406750764330e-01,9.685685314297082238e-01,9.686063677901387559e-01,9.685271240768489331e-01
9.665346387717977938e-01,9.667499869982187910e-01,9.672350053364709987e-01,9.680662720569769286e-01,9.689451664763356620e-01,9.700618603868249590e-01,9.709602057021180510e-01,9.714279642473289123e-01,9.718459274851883878e-01,9.721037113831536569e-01,9.721759197714041623e-01,9.719169916580977509e-01,9.719532075272124816e-01,9.719827379421377422e-01,9.715132133259015701e-01,9.710908117239065440e-01,9.718140648307661555e-01,9.710785308381397751e-01,9.716342339100927372e-01,9.712890249478786098e-01,9.710787233034749999e-01,9.712948374926284600e-01,9.711271455477009651e-01,9.713501280844676344e-01,9.712833086982745057e-01,9.706906976980133051e-01,9.710453102208915777e-01,9.706626831690702284e-01,9.707614024997840430e-01,9.704687406483013534e-01,9.705027185647729926e-01,9.708133092970515632e-01,9.705095962490475348e-01,9.704380554234006695e-01,9.704655548987740632e-01,9.703468499392162716e-01,9.704506080791981404e-01,9.702698465027681518e-01,9.705235010348673974e-01,9.699627437814223319e-01,9.701792896188727866e-01,9.699659641206125338e-01,9.701164330353182486e-01,9.703387803325178584e-01,9.700831544140625651e-01,9.700715977598132200e-01,9.702027024848040027e-01,9.697787322171930180e-01,9.700371576652283556e-01,9.699869097163624776e-01,9.699454730618818354e-01,9.697991732406074927e-01,9.698919298617184603e-01,9.697657285891829737e-01,9.697152173848709866e-01,9.698813935977981249e-01,9.699896018736759995e-01,9.696080703806114753e-01,9.698208754312830360e-01,9.698766196616529500e-01,9.697565005048024434e-01,9.697573670925043743e-01,9.695892510411640020e-01,9.696860346442960354e-01,9.696555626589957733e-01,9.695616815951260126e-01,9.696184151642177618e-01,9.696865851586493612e-01,9.695380571149618820e-01,9.695715478598962989e-01,9.695391261443313535e-01,9.695354137865634936e-01,9.695200363953122569e-01,9.694851272346446391e-01,9.694386898108133810e-01,9.695561907661057743e-01,9.694468101416071626e-01,9.694091154132837840e-01,9.694776735799274237e-01,9.694675142064579365e-01,9.694658747223533490e-01,9.693667450510615735e-01,9.694066220381805099e-01,9.694043619261286659e-01,9.694524318417074848e-01,9.693971937971823660e-01,9.694057205263563182e-01,9.693667006053492408e-01,9.694156488569416474e-01,9.694177785747938314e-01,9.693736782163455690e-01,9.693821376071266593e-01,9.693657306688772124e-01,9.693715974166233762e-01,9.693604377244698922e-01,9.693913614881237706e-01,9.693381513526921900e-01,9.693812282843344841e-01,9.693705019608060969e-01,9.693918633783777938e-01,9.693871303012739915e-01
9.665600729217316278e-01,9.667564409940259118e-01,9.672423857192058438e-01,9.680927015434883653e-01,9.690629593589689117e-01,9.700227849746241304e-01,9.711075145773494510e-01,9.718959025122408946e-01,9.721375020395328637e-01,9.722573402365202178e-01,9.725020911236302856e-01,9.723126717011072451e-01,9.726065142550618381e-01,9.724219192671023082e-01,9.722719960318516597e-01,9.723325458358624829e-01,9.718609250683692968e-01,9.720177090361131755e-01,9.721312201329190827e-01,9.716296017104422145e-01,9.715144829159251261e-01,9.718938298356286642e-01,9.714968575380481530e-01,9.714968625813034109e-01,9.714371951659011017e-01,9.717031961089444003e-01,9.720462537220556642e-01,9.719345319274943495e-01,9.714589192768514625e-01,9.714317026585375103e-01,9.716127892590585846e-01,9.714228018123870489e-01,9.709348324817653753e-01,9.709995040067630478e-01,9.710970640647268448e-01,9.709730641272606988e-01,9.714209765866396173e-01,9.712854131433050764e-01,9.711250221086399348e-01,9.710626330503564496e-01,9.712152305373288330e-01,9.708656306533143265e-01,9.709305243726302770e-01,9.708109554765677052e-01,9.707783960116168620e-01,9.707002447281403157e-01,9.707685327532991071e-01,9.707297665982173029e-01,9.707071249715721883e-01,9.707730596007897450e-01,9.705092880861982962e-01,9.707056190970354548e-01,9.704192712324467562e-01,9.705950434332430987e-01,9.705254758266336212e-01,9.704221070872759425e-01,9.704962896153671581e-01,9.704387814863405515e-01,9.705812257314289093e-01,9.706186328135936181e-01,9.704321899307150057e-01,9.703986760595050276e-01,9.705045400515247556e-01,9.704642094341267011e-01,9.702901439154367758e-01,9.703386003452066921e-01,9.704151373465783603e-01,9.703518105146136108e-01,9.702654235440030250e-01,9.703241880746912296e-01,9.703317937222131206e-01,9.703063633377232433e-01,9.701982109760707296e-01,9.702441244524560027e-01,9.702912411712775187e-01,9.702427935163757677e-01,9.702055943549475758e-01,9.702444464174380112e-01,9.703091975052012819e-01,9.701847650471456808e-01,9.702751888321818896e-01,9.703717384733888673e-01,9.702730895693685298e-01,9.701649044595802573e-01,9.701761139032645254e-01,9.702144242326650181e-01,9.701806976388538395e-01,9.701390778939372739e-01,9.701836218543090640e-01,9.701775432510324482e-01,9.701356212733065476e-01,9.701651426805928402e-01,9.701460948488269675e-01,9.701278958842238787e-01,9.701323601725474477e-01,9.701306744916116109e-01,9.701131477820755800e-01,9.701097476580785584e-01,9.701172447307002678e-01,9.701239623978787918e-01,9.701261008257140439e-01
9.665851109352320281e-01,9.667690591332894767e-01,9.672539252950113076e-01,9.680001154760163873e-01,9.691333699683591929e-01,9.701956328205849633e-01,9.710355295874739667e-01,9.719907075779548045e-01,9.722273524715080439e-01,9.727005281939672399e-01,9.726991293446212161e-01,9.728040168848448577e-01,9.726751300196622152e-01,9.727945296782611884e-01,9.726623088984587273e-01,9.726350763379087994e-01,9.728332259358094536e-01,9.723393901122762140e-01,9.725819207659772703e-01,9.725356367445370243e-01,9.721270175036270667e-01,9.721837197651698181e-01,9.726152596443674581e-01,9.723829843986527832e-01,9.721525162116350094e-01,9.722019351425781331e-01,9.718732723796190687e-01,9.716654870084322493e-01,9.719814606445855709e-01,9.718888086542341043e-01,9.719686093009890504e-01,9.718690803123088973e-01,9.718328770065980393e-01,9.718941553575526360e-01,9.719001962558120322e-01,9.714995073476818677e-01,9.717033052807595439e-01,9.716741523710991091e-01,9.715335727415472800e-01,9.717696809879390329e-01,9.716011863403040127e-01,9.713566415112958596e-01,9.716737983277659030e-01,9.716739124736664124e-01,9.715436429428152554e-01,9.713333801273209556e-01,9.714832379430946574e-01,9.712504359720831593e-01,9.714412897087733034e-01,9.712792485666054132e-01,9.713206973143374556e-01,9.714825177833997794e-01,9.711337256090025738e-01,9.712043285938781745e-01,9.710532230937809484e-01,9.713125271596081411e-01,9.711717082578391613e-01,9.711913647206684708e-01,9.711901093326613665e-01,9.711660000818870264e-01,9.710966607254403193e-01,9.711514974573325354e-01,9.711990095551583657e-01,9.710960185945376466e-01,9.710206153495363202e-01,9.712254720673700881e-01,9.710469962832337654e-01,9.710391594061833498e-01,9.709777438183095910e-01,9.709932069986112468e-01,9.709386216432196459e-01,9.709787574475277072e-01,9.709412511426291914e-01,9.709164184470604475e-01,9.709278592998387136e-01,9.709645243286669780e-01,9.709721162903903746e-01,9.709589245761159892e-01,9.709365089411662320e-01,9.709475195344819953e-01,9.709260370697881948e-01,9.709249235643424569e-01,9.709232773934788341e-01,9.709512253826276806e-01,9.708896003254615659e-01,9.709021267236677133e-01,9.709289144239952041e-01,9.709004686422951780e-01,9.708744915641382978e-01,9.708551518190250418e-01,9.708781809218204328e-01,9.708710877790156513e-01,9.708555393017092028e-01,9.710103248927591801e-01,9.708408256544325265e-01,9.708854881626775013e-01,9.708939176916916436e-01,9.708540587534929545e-01,9.708540532607423668e-01,9.708882323521854651e-01,9.708540019715283798e-01
