4.973232364097895198e-12,4.973232364097895198e-12,4.973232364097895198e-12,4.973232364097895198e-12,4.973232364097895198e-12,4.973232364097895198e-12,4.973232364097895198e-12,4.973232364097895198e-12,4.973232364097895198e-12,4.973232364097895198e-12,4.973232364097895198e-12,4.973232364097895198e-12,4.973232364097895198e-12,4.973232364097895198e-12,4.973232364097895198e-12,4.973232364097895198e-12,4.973232364097895198e-12,4.973232364097895198e-12,4.973232364097895198e-12,4.973232364097895198e-12,4.973232364097895198e-12,4.973232364097895198e-12,4.973232364097895198e-12,4.973232364097895198e-12,4.973232364097895198e-12,4.973232364097895198e-12,4.973232364097895198e-12,4.973232364097895198e-12,4.973232364097895198e-12,4.973232364097895198e-12,4.973232364097895198e-12,4.973232364097895198e-12,4.973232364097895198e-12,4.973232364097895198e-12,4.973232364097895198e-12,4.973232364097895198e-12,4.973232364097895198e-12,4.973232364097895198e-12,4.973232364097895198e-12,4.973232364097895198e-12,4.973232364097895198e-12,4.973232364097895198e-12,4.973232364097895198e-12,4.973232364097895198e-12,4.973232364097895198e-12,4.973232364097895198e-12,4.973232364097895198e-12,4.973232364097895198e-12,4.973232364097895198e-12,4.973232364097895198e-12,4.973232364097895198e-12,4.973232364097895198e-12,4.973232364097895198e-12,4.973232364097895198e-12,4.973232364097895198e-12,4.973232364097895198e-12,4.973232364097895198e-12,4.973232364097895198e-12,4.973232364097895198e-12,4.973232364097895198e-12,4.973232364097895198e-12,4.973232364097895198e-12,4.973232364097895198e-12,4.973232364097895198e-12,4.973232364097895198e-12,4.973232364097895198e-12,4.973232364097895198e-12,4.973232364097895198e-12,4.973232364097895198e-12,4.973232364097895198e-12,4.973232364097895198e-12,4.973232364097895198e-12,4.973232364097895198e-12,4.973232364097895198e-12,4.973232364097895198e-12,4.973232364097895198e-12,4.973232364097895198e-12,4.973232364097895198e-12,4.973232364097895198e-12,4.973232364097895198e-12,4.973232364097895198e-12,4.973232364097895198e-12,4.973232364097895198e-12,4.973232364097895198e-12,4.973232364097895198e-12,4.973232364097895198e-12,4.973232364097895198e-12,4.973232364097895198e-12,4.973232364097895198e-12,4.973232364097895198e-12,4.973232364097895198e-12,4.973232364097895198e-12,4.973232364097895198e-12,4.973232364097895198e-12,4.973232364097895198e-12,4.973232364097895198e-12,4.973232364097895198e-12,4.973232364097895198e-12,4.973232364097895198e-12,4.973232364097895198e-12,4.973232364097895198e-12
3.047539287700309110e-10,1.544166569244152317e-10,1.082502496279117393e-10,1.063080274575336018e-10,9.147702403114067929e-11,7.212924012027104136e-11,6.829917026052861032e-11,3.478747741301181077e-11,3.531516756041499016e-11,2.833970485843888860e-11,3.813089770776122213e-11,3.746319876548765060e-11,2.804387943535312535e-11,3.086659229970479322e-11,2.939030796774414195e-11,2.195444823348418536e-11,3.418779434660498112e-11,3.655834821229574637e-11,2.236499150890461228e-11,3.313107581723813400e-11,2.324191410494929808e-11,1.895997633101083722e-11,2.194664262458637958e-11,2.982395510975182498e-11,2.487549975030521090e-11,3.384975686489602190e-11,3.075033782704953462e-11,2.645869614135093503e-11,3.074981966364134056e-11,2.534075119316831585e-11,2.554684041300911155e-11,2.713063082172094211e-11,2.390799596466847094e-11,2.409983571158263689e-11,2.900905233619150165e-11,2.401008118129090454e-11,2.538231579485140778e-11,2.732046675886413081e-11,3.155783449237781420e-11,2.833755379167598691e-11,2.889026925803014197e-11,2.365653720654751915e-11,2.833128791567359368e-11,2.305940959828538460e-11,3.119727520789736814e-11,2.602107332839678105e-11,2.627370352362701411e-11,2.420656518015726590e-11,2.674994357872455707e-11,3.492098340410664765e-11,2.245675450704202744e-11,2.825758323410510768e-11,2.552407857045753687e-11,2.491345973898358579e-11,2.849489779378910793e-11,2.880261497865033011e-11,2.687760690665390875e-11,2.465222834821286227e-11,2.817610133583000821e-11,2.686860661681934472e-11,2.251552112554090707e-11,1.800581622121559574e-11,1.956567056635184538e-11,3.239710638980029700e-11,2.352616371855305096e-11,2.342052138715776134e-11,2.771180478822720551e-11,2.732734006377558661e-11,1.753964139555753743e-11,1.975504493024197907e-11,2.864443251038940504e-11,2.407855325289851123e-11,2.425881882312355810e-11,2.226328759189532028e-11,2.711664152955980559e-11,2.895661937347098602e-11,2.135373363051941616e-11,2.724813333741452094e-11,2.335024858839997148e-11,2.676050264557563793e-11,3.022478070844104572e-11,2.406890568109172619e-11,2.688289189209730127e-11,2.821033461736828027e-11,2.543426870703742171e-11,2.613054117918370598e-11,2.954615113454634717e-11,2.479393874888396509e-11,2.726722781606798246e-11,3.221958850702171446e-11,3.051580549701227576e-11,2.670267554546468879e-11,2.442929036485304471e-11,1.421903925404633485e-11,2.571126896284324397e-11,2.810491605646212670e-11,2.886281951094173200e-11,2.636114052659966875e-11,2.724546359955964726e-11,2.157286018938426729e-11,2.059340985173016690e-11
1.479676261786823746e-09,4.623121391071366960e-10,3.687340752875884001e-10,2.558768771839074012e-10,1.985034455017283694e-10,7.074627157025535513e-11,1.272975127039973677e-10,1.078386630301658388e-10,5.256485639520802254e-11,7.025322812986652130e-11,7.922376212871719951e-11,3.463187715162256690e-11,8.161597174401531054e-11,7.028800213836093125e-11,6.292264853077865532e-11,9.105813608812764484e-11,3.769552981294381362e-11,3.877545651324549295e-11,7.504792395737316550e-11,1.200128356527011014e-10,4.658792175814826043e-11,7.412427184959717013e-11,7.099157992491286034e-11,4.257586135360807809e-11,7.102083353524364277e-11,4.821622671806708399e-11,9.087402746881435431e-11,4.249559226296802910e-11,5.417652627687128879e-11,5.990573159543826165e-11,7.575401088284779805e-11,8.011229322608550327e-11,6.773348499925926980e-11,8.239609693147670394e-11,8.385551867753110862e-11,1.070082246102014796e-10,8.524287828337466994e-11,9.218782569072153014e-11,5.794282709788136683e-11,8.104773016084242872e-11,5.813606279190473329e-11,1.088676133894799492e-10,7.253946806344186325e-11,8.147510362476593305e-11,7.687026323985420682e-11,6.213769959473898413e-11,4.431146333611574737e-11,9.311616288569766168e-11,8.324920852527590150e-11,7.702785630915799888e-11,7.504391901235598517e-11,6.912487489397027589e-11,8.060805787690920165e-11,6.779982142987121876e-11,4.198070323025476953e-11,8.621223309235120815e-11,9.089205866303071187e-11,8.990863423591819478e-11,7.786805858040080408e-11,4.796415962717865283e-11,7.894545296043844732e-11,7.195353107203543444e-11,5.280018229383102251e-11,5.818023183504145587e-11,7.792571904281586362e-11,8.526360493766526360e-11,7.239354227837636246e-11,5.018589821456813755e-11,6.132838613783612528e-11,7.228334025634864573e-11,6.794861320548924429e-11,6.414573206810135119e-11,7.799894019624157984e-11,6.102168467593020057e-11,7.989521857659450060e-11,5.079753856216862575e-11,4.746476663643245475e-11,7.822640328945395030e-11,6.638523444365191547e-11,5.653202226363464438e-11,7.065439997616478088e-11,6.541978756781314756e-11,8.711822295480738190e-11,9.372276146047999387e-11,7.359553070713806940e-11,7.310682118502674528e-11,8.176766642318056317e-11,8.098537078818066133e-11,6.720594588439642244e-11,7.119295660619627674e-11,7.705746261426005637e-11,7.721815819431384010e-11,6.635268579336717640e-11,6.326410917674831837e-11,5.588117228169231522e-11,7.724493589301777399e-11,9.030451097374804099e-11,8.650165817772979634e-11,6.284922741217175075e-11,7.964175299445328195e-11,5.298486560889438078e-11
1.894799555118632517e-01,2.911525084647210559e-03,7.151619223327306097e-10,4.015961162271939392e-10,1.898596302592941454e-10,1.156188519306646420e-10,1.955415556637305025e-10,4.170585098481193626e-11,8.322743921723353397e-11,6.843522022012314446e-11,9.116798102831578623e-11,7.549377570461200467e-11,4.788733803343929674e-11,5.051583037928526556e-11,8.032147672547504612e-11,8.131525616810906448e-11,3.631595172566689372e-11,7.492159915287482630e-11,1.347193325453966029e-10,9.073458513607670068e-11,1.130879600995346745e-10,1.558649798529107153e-10,6.437124987836471053e-11,1.178336451040064065e-10,1.059408619340409844e-10,1.592017757865851219e-10,8.872362413063796845e-11,1.275488119462569907e-10,5.832746914386376901e-11,1.692180907478916358e-10,1.601149009469435066e-10,8.918922361733748144e-11,1.544105031458141828e-10,1.411707387861512279e-10,1.005502822728614603e-10,1.315710727523786854e-10,1.264243821348359434e-10,8.497869467849693547e-11,1.533937786812000846e-10,1.401847100684780880e-10,1.700975481484839792e-10,1.090742812898704277e-10,1.655360935283253926e-10,1.337046229711571175e-10,1.015252606750098445e-10,1.704596044887708937e-10,1.712547632715249245e-10,1.515771375823876287e-10,1.823190736420280439e-10,1.245899860854055562e-10,1.789728523121947348e-10,1.092077359502214229e-10,1.410874330512364578e-10,1.919576866916889943e-10,1.303733391831435065e-10,1.419334985240032382e-10,1.608386043563137931e-10,1.167507567553973177e-10,1.059453807132728552e-10,8.633143773702784854e-11,1.295838908930771966e-10,9.019674926858323136e-11,1.548029764938914331e-10,1.625889569255137201e-10,1.311032970604941497e-10,1.314762686071237755e-10,1.059098991469563510e-10,1.842606077716072459e-10,1.831194071883368603e-10,1.446459492280203430e-10,1.068981262369272405e-10,1.406698181429879421e-10,1.182480895213029294e-10,1.333891925376621408e-10,1.721325337930940888e-10,1.195010143948327756e-10,1.264012520381631375e-10,7.730512671883077665e-11,1.219601263799993479e-10,1.404519882490696151e-10,1.509071843295397365e-10,1.216869669354662984e-10,1.236913429189666161e-10,1.679723079459000393e-10,1.103733154282254416e-10,1.455545187984394609e-10,1.376660098737740336e-10,1.331675982780259894e-10,1.248040770165605882e-10,1.189225279600455740e-10,9.832845295093073168e-11,1.500463367706935531e-10,1.741543948789009634e-10,1.723874039151321345e-10,1.167327111761531665e-10,1.043998379160171598e-10,1.526802255149683766e-10,1.220510061079931403e-10,9.932170598446013446e-11,8.687263007849328714e-11,1.595777403291066221e-10
3.559396249390403000e-01,1.982435260059805526e-01,3.681739245964328611e-02,1.029061545807351147e-09,3.482930973803052477e-10,2.372073918964463393e-10,1.216587056839395734e-10,7.113928866005638440e-11,5.836132391644164709e-11,7.644118056003481997e-11,5.072735385419552280e-11,7.695506342547935865e-11,4.055875218342457066e-11,2.178443169683341803e-10,1.112942176753128328e-10,1.111279119404814904e-10,1.201585060169275844e-10,8.580076531663045597e-11,1.092234613120734409e-10,7.654412117229687056e-11,7.334669897949673706e-11,1.599191083907909637e-10,1.930425407361422314e-10,1.846437487918629088e-10,1.232667322605800700e-10,1.360778919896440944e-10,9.478670641596249369e-11,8.194911137096669354e-11,2.109736877350811456e-10,2.216951250158506847e-10,2.578917604148005835e-10,1.100619189972981133e-10,1.737446517448063892e-10,1.945124212365780276e-10,2.062112863796350175e-10,2.771377785051115166e-10,2.317595562137178909e-10,1.311051686312173145e-10,1.913587236685399775e-10,2.739978142084268982e-10,1.683119177460207268e-10,2.710702479628049595e-10,1.861450844737358015e-10,2.387444869091967197e-10,2.004821748160000679e-10,1.326944548411797221e-10,2.843552904400543434e-10,2.211221620272653485e-10,1.186277786389351447e-10,1.754944084795460352e-10,2.040526222399389205e-10,1.848454981872417788e-10,1.831667078903545073e-10,1.811487230857986197e-10,1.811090763723444363e-10,1.630433774741654835e-10,2.266175350205679950e-10,1.715685027298504411e-10,1.477753720399642714e-10,1.658272329206150983e-10,1.544919475040601038e-10,2.782130537837739864e-10,1.647454559968435438e-10,1.209052468618975458e-10,1.932859502108890642e-10,1.000792799394868038e-10,2.327340591576431807e-10,2.041145971384604357e-10,1.950793634409781923e-10,2.855938082627780331e-10,1.558781833181070648e-10,1.654511535114526434e-10,1.587058526069392737e-10,2.399616822376254599e-10,2.540469305052874545e-10,2.090335345057930390e-10,2.390480655580493146e-10,2.230182281616885361e-10,1.802192132401741692e-10,1.794736339193423608e-10,2.063447052656003828e-10,1.657409644867080852e-10,1.792089473506651911e-10,1.862414314720276441e-10,2.235890460965014288e-10,1.223174803275599456e-10,1.880652493093392025e-10,1.802477290730194708e-10,1.920883810585682858e-10,1.616896606854814688e-10,1.902408628137913764e-10,2.556358888382067880e-10,1.230900526509841265e-10,2.233537679439593280e-10,2.168791628433582225e-10,2.027176930541293600e-10,1.530826969760352099e-10,1.971301779370938528e-10,2.222607138227905402e-10,2.207045505959674245e-10,2.481058635792536770e-10
4.614340654565604050e-01,3.281300593501799701e-01,1.883693009609882785e-01,6.432108174531299405e-02,2.055403481599312715e-09,1.751552627083569286e-03,1.834808168880981238e-10,1.983523603329605764e-10,1.268745741189884199e-10,5.565559529626799228e-11,7.982213929896049832e-11,6.413335006079129728e-11,8.454833360468673016e-11,1.018203947509295382e-10,1.073309347782184112e-10,1.572206701348905784e-10,9.732511915743884486e-11,1.152513242362571079e-10,3.884003350448653237e-11,1.108117365757808922e-10,7.271197904569362380e-11,9.272248038399320329e-11,2.578738331647298586e-10,2.459816094371211178e-10,1.236891193832893914e-10,2.598725247467915168e-10,1.744211028463285577e-10,2.295213115356216902e-10,2.432019382626213320e-10,2.489899587940229479e-10,1.796047253955597199e-10,1.704477065457605048e-10,2.624738044929144694e-10,1.944788295501215065e-10,2.939615141017795275e-10,2.748371567541000236e-10,2.193374258823565534e-10,1.551400073557976309e-10,2.008195734641014862e-10,2.828410765658871333e-10,1.825232801920742464e-10,2.605624591874250977e-10,2.917356321348074122e-10,2.673069234647817161e-10,2.204800510365388242e-10,2.270637520636537809e-10,2.577223442619546313e-10,2.705083360516598080e-10,2.491050575072146561e-10,1.931851826168922803e-10,2.045003371374029704e-10,1.168331507240958084e-10,2.535919756038333778e-10,2.652553304847396804e-10,2.398334945212230488e-10,2.897712285280698116e-10,2.538973008036227048e-10,1.702539239936195136e-10,2.458465940447151814e-10,2.275527755705235917e-10,2.653493139765281538e-10,2.467041165409180722e-10,2.053349858189326707e-10,1.804530330943397363e-10,2.436828179698816208e-10,2.920332538075392178e-10,2.406673177948450657e-10,2.090079284630322131e-10,2.813143986746252963e-10,2.990858851399205159e-10,2.363799731167080688e-10,2.200603280347623905e-10,2.845086948536145299e-10,2.332377619542471422e-10,2.631685941427187801e-10,2.969846400005263791e-10,2.523901368947984607e-10,2.429660760242596293e-10,2.815659169368238531e-10,3.038868347052865971e-10,2.777203989798529589e-10,2.356521204231468186e-10,2.455941147303040224e-10,2.514764261175047141e-10,2.079638231281020898e-10,1.805823251217990134e-10,2.789846926325345163e-10,2.622984611970300518e-10,2.407605853837297833e-10,2.314798039252496800e-10,2.516356565824825924e-10,2.519580689521780182e-10,2.964564543740787429e-10,2.449900144462837092e-10,2.648722249033643896e-10,2.325155254210300305e-10,2.143308258659032661e-10,3.043239955938978451e-10,2.773874724402154399e-10,2.813030209933191785e-10,3.021896945207248878e-10
5.337164402734427826e-01,4.204668836557766687e-01,3.004769071047245221e-01,1.575993183523475838e-01,4.221402015105908678e-02,5.248441784025639672e-09,9.652131934473651203e-10,2.680478430135285873e-10,1.409384207285483968e-10,9.755031275023852378e-04,1.606138623423807264e-10,1.068190218069485336e-10,6.596178719725071841e-11,1.382879516455947786e-10,1.357837927943008942e-10,7.830756523760744563e-11,1.886482642042616238e-10,1.569605301807852882e-10,1.550769177765404537e-10,2.674485989331179144e-10,1.510157043684289985e-10,1.435969109538138091e-10,1.508529213197495875e-10,1.802687800633395540e-10,2.679775899200009393e-10,2.798349530917361533e-10,2.581453198335439845e-10,1.319076901580545026e-10,2.369278621652324257e-10,8.683142111865414604e-11,2.412175544813759917e-10,1.978678585797087254e-10,2.825881481817824462e-10,1.678957560505645322e-10,2.586297594294233052e-10,1.849937732368191721e-10,2.910258221041748234e-10,3.031546174220239854e-10,2.993036087103461639e-10,2.538354622417394014e-10,2.961978457519211731e-10,2.613938345235375424e-10,2.256318557428399252e-10,2.585899505150396326e-10,3.053533991018870818e-10,3.104429483802318038e-10,2.274985049399873996e-10,2.967058288737936854e-10,2.263173631456737273e-10,3.041350266546352933e-10,2.688611602123865195e-10,3.251064151188681101e-10,1.353891218875390904e-10,3.400814143959430078e-10,3.261216931089779136e-10,2.264682971867802646e-10,3.261008450638376446e-10,3.233935979752323805e-10,3.236362002652396609e-10,3.358573266145074994e-10,2.883970722850477544e-10,2.556348914543114123e-10,3.211721936552021185e-10,1.548522005432053373e-10,2.577164636758133814e-10,3.078268802376284336e-10,2.945488040313158054e-10,3.337070322392958254e-10,3.073690778711167222e-10,1.783464041851117525e-10,1.750156930496403448e-10,3.193401793615515330e-10,3.223440955038815038e-10,3.208196312700426595e-10,3.110951297801762968e-10,3.178091655074368048e-10,3.323246214508287313e-10,3.310150058387244769e-10,2.812515538062588331e-10,3.020117148957893184e-10,3.217226128175535587e-10,3.529121487272407012e-10,3.282935729735893888e-10,3.175102095563913893e-10,3.225085728170127882e-10,2.825355125437877414e-10,2.752224663273685882e-10,3.182730453132819358e-10,1.972211557420167007e-10,3.140701872515049040e-10,7.033019403238121285e-11,2.396442212833833790e-10,3.228047953258902605e-10,3.547395427059271679e-10,3.097418256440684884e-10,2.990604668082595766e-10,3.042800214679088151e-10,3.267753146862538040e-10,3.284883045060799793e-10,2.846083879368446439e-10,3.016775547418493413e-10
5.861640112370882782e-01,4.867007951781101571e-01,3.726041079434415093e-01,2.675930458568139270e-01,1.315520392880540346e-01,4.348140657100976747e-02,7.778479771886563816e-03,2.075954639008922679e-03,7.550666106599112036e-10,1.200434430946359808e-09,1.782499978391904962e-10,4.301248844921083179e-10,2.927827232631701978e-10,9.344368130077098875e-11,1.702958772252798875e-10,1.995985626885360667e-10,1.432168249503265829e-10,1.496929871736284944e-10,2.140109045048564757e-10,1.441672512632238129e-10,8.308796057276625413e-11,3.425288325883330409e-10,2.021868080886455803e-10,8.411050350492573525e-11,3.752568304430234061e-10,2.841646141225832217e-10,3.305136950342280599e-10,2.717275205685699011e-10,2.015025333986726829e-10,3.934141156456908973e-10,3.296713581325287381e-10,2.687790473385875659e-10,3.077520331752427891e-10,1.790810645995781550e-10,2.568211494055992334e-10,2.901790252675902649e-10,2.827434246476916317e-10,3.440700384949482919e-10,3.971585559176434378e-10,3.641473442089626207e-10,1.723953597031272343e-10,2.213207072280302679e-10,3.821160967279093647e-10,2.905853011884648533e-10,3.946961264347360841e-10,2.452906561473793943e-10,3.107066490815070980e-10,3.190826273515219779e-10,3.818799423384558459e-10,3.629259572240528998e-10,3.137058241583609508e-10,4.312808478959364986e-10,4.082763178957102236e-10,3.535915264782685205e-10,3.043293849597538096e-10,3.052713501352061222e-10,3.672377089359160486e-10,2.225923832658112486e-10,3.738782143226956895e-10,3.959368125540403784e-10,3.767148381230972431e-10,3.927705708111518530e-10,3.596885490532249721e-10,3.149177006733260786e-10,3.142380068112151393e-10,3.095295189773834892e-10,3.905197979549280260e-10,3.442330488884359850e-10,3.860086034653765639e-10,3.931697470311365133e-10,3.638245918784557399e-10,3.696790626976238608e-10,3.882301248559611281e-10,3.900877659971705868e-10,4.078814905832891605e-10,3.598256232195933431e-10,3.211750958366277277e-10,1.641990548501746784e-10,4.019208693349750067e-10,3.065557435463565725e-10,3.911156258590867689e-10,3.705410912527654932e-10,3.565167580508213335e-10,3.812431907081819053e-10,2.110174394949520888e-10,3.560997714523228256e-10,3.156590742072921277e-10,1.370442359734216160e-10,3.824556967220596442e-10,2.132939934662396209e-10,4.208628207364519604e-10,3.379778589027152790e-10,3.343639007168259028e-10,3.088434664206631277e-10,2.378225288896150917e-10,3.267853541389585977e-10,3.874539170943023603e-10,2.475744572841791260e-10,3.935934185635792737e-10,3.783412402733782301e-10,3.334089852855394559e-10
6.258550894964508560e-01,5.356772168876949847e-01,4.346019029458482175e-01,3.327804280097735323e-01,2.227320967304279586e-01,1.304174108909415541e-01,8.858779137668890136e-02,4.227193515555817405e-02,2.446834385083282090e-02,7.466960609298962216e-10,7.726130465637046606e-03,4.988595313975025650e-10,5.624298865719147843e-10,8.442636970201836682e-10,2.356146370765337319e-10,3.165607611148962757e-10,2.708109289142580569e-10,2.840091577789160534e-10,4.255666628517656700e-10,2.382544519380241025e-10,1.864732526029817797e-10,3.850578732032609394e-10,3.377752802847589015e-10,2.489917815789741081e-10,3.404314436353538808e-10,1.502946492111079894e-10,2.453316633971750149e-10,2.886990420583595552e-10,3.293306405296900646e-10,3.437151318058353626e-10,3.082071224853673471e-10,3.557562998563463132e-10,1.985383647065908682e-10,3.463709153199886226e-10,4.760517838482074680e-10,4.474654709385881822e-10,4.460375863352777388e-10,4.132181516219108010e-10,4.780632819753774400e-10,4.986423283028038317e-10,2.507660171741097043e-10,4.363227065806657943e-10,4.741601251361722126e-10,4.396270180770071374e-10,4.642250432837447384e-10,2.155458968929252418e-10,4.193776700064618471e-10,3.676990456173785726e-10,1.856622443153112052e-10,4.979269927085359018e-10,4.055911664657629201e-10,3.799829593701901798e-10,4.999132189595106586e-10,4.054773636518244633e-10,1.984604677192901240e-10,4.149822330534728720e-10,3.944238637531517028e-10,3.421763976765156180e-10,3.965387608653886179e-10,4.231110265736092852e-10,4.234653910757311973e-10,4.109058552569735036e-10,4.176569511716808058e-10,4.732883326202545788e-10,3.715166198356220102e-10,4.114034371437043131e-10,2.651320146651932443e-10,3.930980099222270247e-10,3.936567027127676625e-10,4.624085910119080179e-10,4.575176613676882455e-10,4.393220467081168489e-10,4.404858585963972433e-10,4.653977811641767354e-10,4.398390752464536223e-10,4.872516159402928108e-10,3.926309364708537353e-10,3.144197008163569991e-10,4.040486161513717183e-10,2.802819130428997576e-10,3.948454909350509676e-10,4.702910521560095192e-10,3.980620595975014554e-10,4.489768135153561905e-10,3.945408458648239529e-10,2.307351711809307990e-10,5.037162884140746425e-10,3.306570627348905164e-10,2.869316226174976983e-10,4.534802543039136263e-10,3.123229159590988303e-10,4.139985545202578804e-10,4.190556958872315998e-10,4.551796051580478198e-10,4.347994960058382992e-10,4.261979685061848546e-10,4.634079036436420981e-10,4.637578647143498855e-10,3.970540872794307895e-10,4.241999786369258338e-10,4.286133176568817560e-10
6.568639873579819044e-01,5.758190998495940072e-01,4.820885662820809658e-01,3.916842991261094697e-01,2.800447475880138426e-01,2.063239629966250044e-01,1.393446050835765726e-01,1.157915117360828472e-01,8.053346713235122467e-02,3.361200611990067949e-02,1.992719654144329416e-02,5.368947704790345869e-09,1.267920764841992267e-09,7.404590187170342550e-03,4.648496323087379016e-04,5.750138936683568217e-10,5.129069838280865427e-10,4.358993281637707898e-10,6.070027407984245859e-10,6.028691909922471072e-10,2.337165981960763489e-10,4.860053538226773991e-10,3.166777231799792981e-10,4.625458147640916978e-10,2.997440422458561055e-10,5.879488674173439693e-10,4.349849506436692571e-10,5.475583581700292135e-10,1.896307363062850319e-10,5.079628925882002869e-10,5.917561355772441442e-10,6.062126392873776905e-10,3.442439137228465855e-10,3.740630694867052978e-10,5.058846072465918906e-10,5.078108823733683460e-10,4.540977559222591213e-10,5.560356036168475577e-10,5.904136707915530571e-10,5.869870819859586763e-10,4.912908943230116281e-10,6.295361435594743424e-10,1.316198408399141969e-10,4.422720589710232890e-10,2.574637226884038735e-10,4.069564577221060044e-10,4.434328005424239982e-10,5.387482730499746391e-10,4.490095488954126279e-10,4.274734999835886357e-10,5.022125191492955316e-10,6.407636188694227365e-10,6.125772570587873440e-10,4.800791547166794941e-10,3.986401947103616960e-10,5.211661783019432824e-10,5.322033357829441832e-10,6.000868675278615080e-10,3.215025435488676328e-10,5.774686698892396292e-10,5.246032106884914347e-10,4.505767134585198804e-10,5.825025992530979960e-10,4.879724708578700088e-10,5.524907335565648560e-10,5.785965841993626153e-10,5.708815825242527963e-10,5.859675097572822192e-10,5.885736310917399638e-10,5.512068548024419236e-10,5.723421881012116040e-10,5.004099136970805880e-10,5.889685571990389360e-10,5.242916897010477625e-10,1.526314182165381242e-10,5.942253184801220694e-10,5.611704791573720013e-10,5.590831110553295321e-10,5.364416976705865872e-10,6.356296544910076654e-10,5.265902509584295831e-10,5.547154093138819594e-10,5.456933295737336173e-10,5.021138318073970178e-10,5.821346966971485509e-10,5.092371861051913257e-10,5.446688569500260876e-10,6.231781340690372523e-10,6.327418459294139093e-10,4.169884451852231874e-10,4.445348265091105863e-10,4.222265978547630201e-10,5.549297069601982230e-10,5.232664320730949536e-10,3.629600721569094889e-10,5.889988901802796208e-10,5.597016183055383204e-10,5.432561464649465172e-10,4.605974398953186003e-10,5.588129601849960584e-10,5.735892108661232189e-10
6.816966056453835909e-01,6.098981303571209267e-01,5.241273684742876471e-01,4.307278210884089020e-01,3.468928589131698992e-01,2.754804389008940202e-01,1.771798476362464181e-01,1.407203518179072077e-01,1.027428916696030425e-01,7.619586188093990797e-02,7.515095855101124045e-02,4.117900496656906606e-02,2.482199071299307988e-02,1.309253652845388839e-02,3.549518937265903895e-02,5.241553317716155826e-03,7.663429584830359719e-09,7.100814939729181187e-03,1.702387362867937524e-09,2.071022403157256290e-05,1.676713376242306925e-09,1.483823887080593941e-09,8.215827620929404106e-10,7.744783825808466465e-10,2.204148554304923397e-09,6.281478671694121083e-10,5.386940602743710731e-10,9.415591159201700759e-10,8.411693776310368549e-10,8.248091208601189208e-10,1.085013117750733375e-09,9.112865121856966876e-10,6.062736709171880248e-10,7.832842204968950340e-10,6.020882102701087197e-10,5.747052558391449847e-10,4.119221568102956735e-10,7.919137618934273899e-10,6.769148856486635988e-10,4.456418708347131572e-10,5.844585254843794008e-10,8.505325229133499856e-10,8.583793328514673480e-10,8.578358469641465746e-10,7.998973578230924706e-10,9.698265241201458481e-10,8.084867207404298758e-10,9.110924279879231473e-10,6.910623188562182675e-10,7.612144227916749518e-10,7.055047894464265706e-10,8.099660925239221266e-10,8.171597829190934477e-10,8.093238777994767170e-10,8.268690767612589898e-10,6.637023586070719589e-10,7.159902917113990250e-10,8.529403201611991297e-10,5.678601767630177011e-10,8.077877429123598577e-10,7.229681279844210782e-10,7.352388981713470608e-10,5.839086575189674262e-10,7.414375367018128088e-10,6.192784438476933142e-10,8.198480743773224473e-10,6.686659120252063599e-10,7.646000036653437176e-10,6.287626624787803657e-10,8.153366687882527316e-10,6.238499928258372888e-10,7.804835819753823705e-10,7.172562191237004485e-10,7.439823635832403451e-10,2.278555888003333168e-10,5.367638835013325224e-10,5.163419232383961434e-10,6.819146011592306529e-10,6.955586891633730687e-10,5.922442072709772539e-10,7.253614891455032830e-10,7.218530354544469486e-10,6.528196484030479196e-10,8.224610275098931297e-10,7.014041647289629208e-10,6.992403827970051491e-10,7.374720497355995444e-10,3.960729240708901702e-10,5.894155624151829156e-10,7.104472521268508384e-10,4.928701010033896311e-10,8.219701768128981027e-10,7.313668234746947181e-10,8.091996271807788034e-10,6.704303898979757605e-10,7.432652193925610184e-10,7.542870381488757047e-10,5.347211299102583053e-10,7.040309447180338461e-10,6.992899251563834045e-10,7.223064997231971205e-10
7.019787370984501562e-01,6.351976192123349740e-01,5.549952163057926269e-01,4.750569571823383686e-01,3.783682993941377415e-01,3.124541769387954027e-01,2.639896982975366013e-01,1.664570786259921276e-01,1.406463933059096394e-01,1.246715438676404969e-01,1.287283910746205295e-01,8.221533280330863003e-02,8.956542813942512671e-02,3.333661244404994423e-02,5.545264090230166143e-02,3.341439254759660804e-02,3.406673345119551333e-02,2.698441194229100198e-02,3.431341239275955551e-02,1.302213528564437686e-02,4.529262948628235768e-09,3.702050297402806053e-09,4.942675435806552844e-03,1.253794967213254282e-04,6.316730794562322622e-03,1.923728160526229565e-09,2.636697276008091386e-09,2.930264774199409567e-09,1.521579135498602766e-09,1.377971154034143204e-09,1.287541472107383660e-09,1.655095117930361618e-09,1.298610408419853101e-09,1.619547431671982844e-09,1.558511368448036838e-09,1.683417085493977274e-09,1.488278060059164089e-09,1.169454437208721269e-09,1.231958950741911971e-09,1.743968036508536894e-09,1.417924340079928083e-09,1.505958603039945213e-09,1.432316560164120545e-09,1.364978563324357168e-09,1.445831367636646827e-09,9.786482266628733058e-10,1.174394253077684934e-09,1.307738245143424447e-09,1.194311210837655198e-09,1.261437042989806673e-09,8.620723610079515981e-10,1.201874312802388525e-09,6.826599182393293710e-10,1.344304984666211506e-09,1.264771855055948696e-09,1.278576957318362186e-09,1.152917321124279527e-09,8.833025678603397805e-10,9.718680776038050069e-10,8.066147188668625507e-10,1.075593470604926854e-09,1.101563476621061974e-09,1.065599149671909831e-09,1.129117995248057597e-09,1.040967132445100819e-09,1.106145962658485020e-09,1.155645756790141730e-09,1.185681136898685743e-09,1.062434593024661592e-09,1.008425378119203973e-09,8.419883463641841721e-10,1.159793040216716234e-09,1.185958587076196155e-09,5.508245204915646314e-10,1.142162405591715974e-09,9.210085052369492636e-10,9.240437984202736452e-10,1.121566136023744507e-09,1.132906196392481092e-09,1.117526753935312348e-09,1.156896088244707397e-09,1.134774767009925049e-09,1.096916272346009228e-09,1.123502587303141660e-09,1.089564747886706329e-09,1.230774885288442250e-09,1.122037935551376664e-09,1.029032450972692299e-09,1.107824223030241744e-09,1.081097385671089928e-09,1.008895841790828012e-09,8.249017373833299493e-10,1.194484527516087785e-09,1.216741477165755850e-09,1.085361360651076882e-09,1.031768720792898247e-09,1.143522837662435806e-09,1.209379451592743141e-09,1.111928938885094888e-09,6.585637148438729204e-10,9.219096313750727696e-10
7.188104152351842968e-01,6.595122074086612329e-01,5.891955561465825886e-01,5.157465624219672584e-01,4.203536832332964157e-01,3.507762344452182712e-01,2.906559546713216591e-01,2.126078297533992856e-01,1.773455736844636310e-01,1.665624208636408699e-01,1.739051088853184879e-01,1.237005507267774362e-01,1.141300890425021169e-01,6.023362858075813342e-02,8.283260812223339209e-02,8.074923420372559502e-02,6.809668174236920002e-02,6.186315947970081469e-02,5.842203385386479653e-02,4.976465155992750716e-02,5.066601413622000283e-02,4.247942437588378417e-02,4.058054834908597641e-02,3.907963557268905042e-02,2.760881289856913223e-02,2.744667125971641392e-02,1.828138007947727184e-02,2.287866980669591918e-02,3.182131824181218954e-02,5.322706704585511428e-03,6.701008566739913297e-03,1.068590400891836906e-02,1.757859210607268902e-08,2.941771516844644482e-03,3.405419841771928533e-09,3.528116520890878152e-03,5.338579113172257036e-09,9.305782312570596771e-09,2.922131750407504179e-09,3.303350471374792787e-09,3.296619018978706478e-09,4.331480418284212164e-09,3.354902700612771777e-09,3.546996156717857045e-09,3.106151103528398471e-09,2.580096233503063335e-09,2.610757568107703911e-09,2.599612749725660927e-09,1.980761715418921880e-09,2.971934434490272799e-09,2.366612659773265885e-09,2.415601615369657990e-09,2.699055832343851646e-09,2.939805215969051072e-09,2.666689559504483374e-09,2.359319940289637517e-09,2.397361217815749085e-09,2.418689803170466229e-09,2.105467128120427691e-09,1.939840696934733771e-09,2.220605055911011896e-09,1.466539721632748213e-09,2.391113877507576956e-09,1.944196223429838733e-09,2.030871613101587713e-09,1.676071132296766493e-09,2.385517272876363299e-09,2.354039850407197259e-09,2.415446048053637350e-09,1.857384781482362504e-09,2.095226945619595036e-09,1.354274996956708289e-09,1.932129588638617938e-09,2.007085049243832034e-09,2.151297935433619873e-09,2.191312339696433851e-09,2.163330990776039219e-09,2.040143201842963094e-09,2.068510089645548261e-09,1.643542457876949029e-09,2.166026506628617976e-09,2.234245006253125888e-09,1.372174973814683644e-09,2.021577001954962214e-09,2.045369119392581991e-09,2.094310820225706065e-09,1.792621359411078029e-09,2.151398633665359854e-09,1.931743942357910974e-09,2.078075826197725098e-09,2.157625478496861711e-09,2.201002539428434629e-09,1.805499098495325733e-09,2.198187639740684739e-09,1.591591147816422925e-09,2.020276176231512697e-09,2.295623303547971824e-09,2.122262657683258111e-09,1.897593740797727578e-09,1.921547127413755794e-09,2.089388001043176643e-09
7.329633354869459216e-01,6.771062358309571927e-01,6.078615059000653797e-01,5.297627013213225267e-01,4.686959199332512149e-01,3.785596794315071456e-01,3.450737710035862715e-01,2.628306903951940221e-01,2.173062395949180159e-01,2.229362756204751050e-01,1.718814228278072731e-01,1.862494433680389194e-01,1.668467954344485804e-01,1.561560890260627610e-01,1.549215096173147399e-01,1.174981374917557775e-01,1.301874521791140105e-01,9.055172988956941560e-02,9.180467030787528571e-02,8.784088866593080247e-02,9.449244239676241053e-02,7.540039162862594013e-02,6.934105536088655541e-02,7.204552073672801371e-02,8.365477183524339111e-02,6.867842359838968735e-02,4.734858174702303441e-02,5.102805700669322403e-02,4.736569672294722172e-02,4.389243606431094541e-02,3.960767363981587685e-02,3.767493399681315358e-02,4.416531735168519740e-02,3.573213198694861342e-02,3.013046552254268484e-02,3.142118848280714416e-02,2.937604231550177900e-02,1.006891850009994198e-02,2.430701055907104682e-02,1.897649878675397583e-02,2.436941954644914615e-02,1.357096082762902604e-02,1.480318168274040100e-02,1.992819690307629302e-02,8.988493015379355952e-03,2.244048455136599812e-02,2.029837236079646071e-02,1.188842230438510485e-02,6.576260584371560261e-03,8.638473940681344262e-03,7.569546681929603844e-03,1.191774242715367554e-02,1.605694897617383158e-03,4.779047295943400671e-03,9.248139336740675981e-03,7.260557986768025746e-03,3.201389128289116974e-03,4.621548338899747303e-03,9.877238890026025669e-08,4.435496218318860963e-03,4.260885885949377942e-03,3.702563200993550657e-03,7.069287466598379941e-05,2.621050418438743452e-05,7.527002460667131696e-03,3.237621529538905274e-08,6.531199187927863060e-03,5.784638432358113654e-03,8.332402052964718369e-04,4.477008044506430862e-03,7.837102446597917372e-04,9.784395536128456072e-08,3.341966634210077718e-03,3.495909769531041923e-03,2.119693215968878491e-08,9.011480612076632314e-04,2.053156913388131641e-05,3.409173790996181141e-04,4.807925429846805071e-03,1.292254146138480992e-06,2.281811960153503054e-03,1.801182015375220127e-08,2.058161383308974037e-08,1.468235645342234135e-08,2.858067693923825290e-08,1.431655768552586928e-08,2.266023086670202136e-08,3.802813903243480011e-07,4.113725956622351037e-04,4.547652441938785164e-03,4.007080187479164370e-06,1.195220944829252701e-08,1.102035181727891466e-08,2.306653596171490324e-08,2.218258662210793191e-08,1.607741679166191965e-08,1.407068344245533683e-08,1.713120532667227071e-08,2.664902425763250591e-08,6.003022517501802172e-08,1.526503434565119875e-08
7.449945799473838282e-01,6.934283044506054372e-01,6.320372053378153776e-01,5.559852057092318223e-01,4.777041538575478308e-01,4.207757014094796744e-01,3.600087842261806559e-01,3.326099205584074348e-01,2.526230947336283172e-01,2.060788914188826371e-01,1.975672559112599258e-01,2.549733690555920362e-01,1.846769874210685003e-01,1.533277527960795195e-01,1.645487996129901820e-01,1.508156297300924931e-01,1.366314457979737607e-01,1.429933073534034038e-01,1.199727302400015044e-01,1.455050031765075247e-01,1.422946652749642327e-01,9.331435666392944028e-02,1.067967254476158284e-01,1.042708898032963516e-01,9.950474436393452748e-02,8.763762779005197789e-02,8.023050323594052569e-02,1.003961172290189496e-01,7.708981100924176821e-02,7.797776607456813336e-02,8.823227606639953702e-02,7.985958427399589277e-02,6.783027860182892776e-02,5.585864562303610725e-02,6.907558038752215079e-02,6.782082753188378721e-02,6.812912662085496285e-02,5.825151228547587740e-02,5.531809350313704465e-02,7.433802629264968376e-02,5.954793124447395336e-02,6.276141244577479461e-02,6.472748994304332315e-02,5.466918984141019844e-02,5.370716020659838802e-02,5.043109846421360565e-02,5.374944673038797860e-02,5.078959028637958922e-02,5.220040915165388012e-02,4.928059380204851542e-02,5.534734419135780431e-02,4.661062711655041685e-02,4.689755727990260747e-02,4.842357401390131461e-02,4.250206112953706927e-02,4.699072793119490887e-02,4.564996383576470224e-02,4.230291000907248494e-02,4.307634880804431243e-02,4.122169897316134424e-02,3.980103216058019505e-02,4.134036554422517579e-02,3.888111058252516350e-02,4.291005426780549609e-02,3.794135391994706008e-02,4.193466288509739570e-02,4.129614492141579080e-02,3.947596471400936086e-02,4.547964788596136482e-02,3.604225826480042527e-02,4.228550390561321148e-02,3.985725165800260011e-02,3.899565906236319990e-02,3.525206866912967973e-02,4.055658939594487117e-02,3.578508486904366515e-02,3.206685716658523588e-02,3.395881350762430112e-02,3.432035051441324064e-02,3.691760846150352049e-02,3.584581627014120364e-02,3.575068244578063353e-02,4.008385626936877139e-02,3.358914841529189732e-02,3.543508730743333279e-02,3.605135094987724220e-02,3.817622419819297758e-02,3.572921944018336154e-02,3.441135200465002264e-02,3.359876793719544091e-02,3.609922684850144087e-02,3.468851384117246917e-02,3.376357601974341177e-02,3.984412304842586267e-02,3.670872335188669899e-02,3.643309651673565241e-02,3.524018650977777528e-02,3.544598914174374588e-02,3.302651585856040267e-02,3.521572270303161001e-02,3.683251652383997404e-02
7.553163663573907449e-01,7.069710233642731989e-01,6.485798789379867424e-01,5.895656469890900864e-01,5.120807190636651463e-01,4.500582916520731724e-01,3.983252965009175806e-01,3.421860091411285665e-01,2.925662302953286331e-01,2.796201874542433297e-01,2.351768799076076888e-01,2.125078695473965329e-01,2.238231951043762602e-01,2.267399080380883558e-01,2.043704706088519951e-01,1.855979614214883777e-01,1.777273909490647563e-01,1.695683034095676334e-01,1.695501783232923332e-01,1.561978359220505264e-01,1.502592832834096503e-01,1.549365727081842559e-01,1.471342653217609653e-01,1.350332788948384044e-01,1.340172857528197092e-01,1.336881982648832345e-01,1.180563264207263319e-01,1.441144682515898001e-01,1.198618195978631285e-01,1.179357772840288338e-01,1.125390229886465282e-01,1.177424565698808184e-01,1.087519982953014941e-01,1.002738967687226423e-01,1.079634305297561825e-01,1.059112168589269876e-01,1.032483763610066996e-01,9.287409922009637331e-02,1.066262155092464053e-01,9.933244457976055097e-02,9.061423471737611868e-02,9.064757829677226597e-02,9.230604662808271355e-02,9.607091129496886373e-02,9.172886764098578394e-02,9.183520546787818373e-02,8.757744814908756392e-02,8.557242300214104591e-02,8.636613515696296706e-02,8.048186016851203994e-02,8.551850909303095050e-02,8.078433328520499834e-02,8.904392135956140653e-02,8.029642622720858935e-02,8.146575632203700845e-02,7.570575899859113833e-02,8.375898680419141540e-02,7.941434807527733564e-02,7.954480226922081010e-02,8.220918984980983557e-02,7.769153344751873747e-02,7.848144542837404147e-02,7.588145795935137550e-02,7.663573402440831961e-02,7.767890667853247222e-02,8.184764695916260657e-02,7.411976915631568463e-02,7.732434360126809458e-02,7.636505633112027069e-02,7.267644643617185429e-02,7.309101960342630211e-02,7.537280585923905596e-02,7.251594920413494127e-02,7.283814097263051346e-02,7.338175329921023393e-02,7.546128291729573001e-02,7.132869414507894690e-02,7.443529956070993325e-02,7.245361059993390973e-02,7.378265693597578501e-02,7.458469005390937212e-02,7.285287897826032977e-02,7.620003733193722595e-02,6.942672027330307194e-02,7.221405364214950051e-02,7.229552360677078682e-02,7.530081212081986275e-02,7.397163359456616905e-02,7.307426257791919955e-02,7.226840748486998423e-02,7.362589640431325966e-02,7.012862191899366104e-02,7.551992730557167965e-02,7.115291306598772736e-02,7.104401697137964489e-02,7.237336730502554050e-02,7.301014180809196896e-02,7.126180520003172481e-02,6.967834267590056196e-02,7.017366462585811204e-02,7.382073174178702124e-02
7.642410366515818287e-01,7.189086219388554078e-01,6.662504368029523727e-01,6.005220664833499367e-01,5.329792776218017503e-01,4.750222179485011353e-01,4.238894000919574134e-01,3.711289026922435230e-01,3.521272288800274541e-01,2.998837854263582403e-01,2.779800370552349409e-01,2.805350138099960700e-01,2.333953439252466622e-01,2.431372257279856564e-01,2.309374102168199883e-01,1.925665109239458328e-01,1.979557506642034004e-01,2.072546026964083299e-01,1.835351186401560919e-01,1.670869464024679341e-01,1.806163808023257544e-01,1.826619347521488412e-01,1.555314747932965147e-01,1.738931803195542525e-01,1.606865139176689994e-01,1.801187668791045526e-01,1.865366025129053806e-01,1.640297243594720511e-01,1.550879911683108736e-01,1.550255233213005956e-01,1.480906277837744922e-01,1.511900462700031256e-01,1.376832639574623873e-01,1.344558708742883135e-01,1.473635659913915541e-01,1.284058831849251570e-01,1.318726871489165342e-01,1.332357365731283994e-01,1.320588415675399974e-01,1.200318271267412640e-01,1.372504395366118402e-01,1.286849873926923515e-01,1.252755785612557626e-01,1.298356675283767747e-01,1.224667580087120955e-01,1.258350980113850381e-01,1.234602345546494395e-01,1.246641736878175560e-01,1.252883564167866504e-01,1.278415697739051227e-01,1.227033402466690126e-01,1.182504064115004611e-01,1.213951344046676623e-01,1.184620443026003084e-01,1.246586829910841659e-01,1.137059183264930717e-01,1.126321442665738776e-01,1.151967539910368626e-01,1.114804363682287691e-01,1.164398891822570753e-01,1.110933515732790144e-01,1.105569960171098737e-01,1.102677224645969706e-01,1.144077375582103068e-01,1.078088899602880346e-01,1.061973955818718562e-01,1.115914421547445912e-01,1.110505364351715568e-01,1.065951803956251692e-01,1.048157993942735178e-01,1.056042076041542599e-01,1.095956218920682568e-01,1.069629128141722368e-01,1.065510873493060312e-01,1.100842100698912474e-01,1.061748102178001751e-01,1.077428308112373390e-01,1.099525410506955597e-01,1.049819126544614539e-01,1.051373807425314416e-01,1.104156566265690753e-01,1.062615942382861556e-01,1.100008837438266746e-01,1.074014588349157390e-01,1.067812164108402767e-01,1.059017467563377890e-01,1.076950415365929281e-01,1.040663456546797039e-01,1.069348881496179071e-01,1.068632270784723171e-01,1.027235208203002709e-01,1.081811014904932866e-01,1.049193669015249103e-01,1.083869652765904606e-01,1.068734894641515110e-01,1.084092865674868705e-01,1.040041416729366869e-01,1.049248669488169194e-01,1.062266563258632973e-01,1.039973884033344176e-01,1.081140344296998429e-01
7.720086906515128966e-01,7.301599147929725975e-01,6.791578093348724643e-01,6.202549390297654730e-01,5.628840429021084724e-01,4.866982260311579767e-01,4.319957516363553407e-01,3.887499593473156545e-01,3.647947770441873905e-01,3.067235918891739188e-01,2.801912449897943636e-01,2.955148409926433017e-01,2.683166313094953459e-01,2.411279269809826487e-01,2.218604152088013981e-01,2.372259212038880238e-01,2.191844094473010540e-01,2.283312955881407202e-01,2.352600481428193946e-01,2.146987916874974200e-01,1.961576413742261715e-01,1.995685646915568157e-01,1.945759214083710720e-01,2.016913758606211082e-01,2.052433431881371395e-01,1.736329528705374547e-01,2.073551049554749059e-01,1.831179270423248795e-01,1.701257255847631322e-01,1.938127518965626073e-01,1.789695392663715190e-01,1.815097496400129296e-01,1.814368733892502417e-01,1.707958007553212754e-01,1.888294530233480262e-01,1.659687695852709033e-01,1.615939772079935111e-01,1.532791268381262784e-01,1.660876534787644188e-01,1.543934618870548281e-01,1.600099616651482759e-01,1.610707573492147215e-01,1.534941438030791860e-01,1.549977147646403042e-01,1.569647757537532551e-01,1.521694880770448344e-01,1.545449822297178533e-01,1.578497179024412889e-01,1.463363059558167867e-01,1.559016349023998882e-01,1.463408815615548919e-01,1.502741279774216510e-01,1.458953593122259695e-01,1.458387927501501036e-01,1.468025068642435371e-01,1.426191222603700182e-01,1.473689795152472726e-01,1.450621683623294911e-01,1.437180992955447434e-01,1.420603016398888918e-01,1.438146845255547646e-01,1.449531597747424627e-01,1.406940427560348650e-01,1.400874202132472712e-01,1.428513872409087615e-01,1.396508314357709224e-01,1.391118948371346531e-01,1.415131108899797818e-01,1.412454857624791116e-01,1.441965592422425058e-01,1.415165319995740634e-01,1.406686932275896806e-01,1.408303132193579887e-01,1.400228061033691185e-01,1.396055002151387059e-01,1.397348786679793453e-01,1.388356968627039723e-01,1.398196431250139371e-01,1.383432144954953036e-01,1.388166664453797106e-01,1.372682513068318733e-01,1.370204338985330783e-01,1.361670400737311493e-01,1.355663961718784061e-01,1.388287233036079593e-01,1.377921722605867927e-01,1.379193470278909650e-01,1.343016392811033910e-01,1.390074283403484046e-01,1.359074310164329058e-01,1.405941542346539341e-01,1.350150216857846364e-01,1.355296683986410011e-01,1.343922783821960010e-01,1.398980194157116164e-01,1.357568837759869085e-01,1.379313496151851615e-01,1.359530375886239539e-01,1.371516176511408114e-01,1.370844622932331780e-01,1.345094925619421677e-01
7.788077405655094987e-01,7.395479463333879400e-01,6.928408154907214067e-01,6.336231387242479141e-01,5.699150090569371496e-01,5.019130496915497064e-01,4.725213376380125174e-01,4.334922865952159921e-01,3.625435640530446091e-01,3.339841385281800412e-01,3.107364042162720219e-01,2.883433806969787905e-01,3.194465492671633711e-01,2.537563337930538454e-01,2.621408324096847209e-01,2.804541371328120869e-01,2.604301399691999475e-01,2.608535044573819794e-01,2.401014068024295289e-01,2.456782985099076333e-01,2.575384713884049104e-01,2.417828184923304369e-01,2.373809789550607174e-01,2.228701314696167057e-01,2.182698040870224565e-01,2.258070919757743100e-01,2.189141284882872296e-01,2.122894792122131946e-01,2.059064048909081401e-01,2.081706585848029922e-01,2.070257617669450934e-01,1.984990944495533816e-01,2.021899193670081141e-01,1.992565256776101246e-01,2.005203249320452186e-01,1.974576491735358930e-01,1.907633875369542376e-01,1.967205628618811653e-01,1.938031643154737860e-01,1.878297278372055568e-01,1.939970222653068233e-01,1.832549462146061403e-01,1.856523537951407787e-01,1.820370420985821525e-01,1.785223598726296546e-01,1.776855870066813836e-01,1.805456920554830147e-01,1.847389257980146804e-01,1.757343965030002397e-01,1.804140384598217628e-01,1.786357410797633216e-01,1.739886760363459350e-01,1.737066793331909498e-01,1.766943575541483347e-01,1.740619635136194943e-01,1.756981236898561838e-01,1.693133637260507696e-01,1.729832510280571167e-01,1.692752787488815969e-01,1.730676465019218846e-01,1.721396274796516968e-01,1.757895684425639649e-01,1.690305289018444734e-01,1.765209586163792865e-01,1.695079040888322897e-01,1.690777080958655865e-01,1.704364095452221839e-01,1.691083270584142761e-01,1.668875629609292144e-01,1.732399523094817206e-01,1.683404923534553843e-01,1.657056947422116677e-01,1.661625203252922733e-01,1.686135800235329663e-01,1.677674724346153168e-01,1.683904808463051184e-01,1.688184994555135265e-01,1.651867519658115901e-01,1.646022218965652595e-01,1.675899324647145416e-01,1.665613479283301890e-01,1.668679792100579151e-01,1.680986731549895530e-01,1.696692740419181444e-01,1.641897145870274133e-01,1.660479632901330771e-01,1.669050182881074151e-01,1.680400633429468271e-01,1.654544641898345880e-01,1.648982507028583788e-01,1.661200042469471450e-01,1.647561947519754766e-01,1.650569492633746638e-01,1.662089695731582273e-01,1.661034973683452876e-01,1.648520613347681796e-01,1.653560007935455933e-01,1.662240729933933681e-01,1.638998445325612618e-01,1.624297074198556290e-01,1.648780471430894567e-01
7.847879531782393503e-01,7.479237328726966449e-01,7.000568373545382750e-01,6.462405982527085202e-01,5.941741480998818936e-01,5.261025000872907587e-01,4.814304657364887330e-01,4.237575450322072501e-01,4.012373171877557931e-01,3.574785508144233681e-01,3.415376313799066699e-01,3.160069386902896738e-01,2.860736971192784361e-01,2.974158447174024555e-01,2.850717626357782697e-01,2.940109700269298854e-01,3.009028784654537159e-01,2.833473328033246363e-01,2.773712922167849149e-01,2.670213382499389554e-01,2.443361615249786123e-01,2.422174863850706517e-01,2.656344057179113594e-01,2.555701558140554552e-01,2.582653650756299157e-01,2.383778422021777810e-01,2.391336658371208956e-01,2.400543478581146084e-01,2.328566638421295243e-01,2.419720620796175503e-01,2.354615119854251704e-01,2.270811213431709052e-01,2.229053948007116148e-01,2.205042896911053318e-01,2.270717605124314975e-01,2.218582998469085521e-01,2.227027153095481604e-01,2.266736517287431252e-01,2.075352459234059976e-01,2.134669794856333958e-01,2.152016219465205660e-01,2.132419252539174137e-01,2.050920765752489994e-01,2.131383796630141325e-01,2.073274571589170945e-01,2.042137041552536669e-01,2.072629883066544332e-01,2.086017732869060448e-01,2.056054978398678956e-01,2.093464339045467415e-01,2.063512898087046799e-01,1.982584838978016240e-01,2.014387963964325290e-01,2.029436501050622677e-01,1.961587559482919907e-01,2.005328071299950499e-01,2.004322991023589351e-01,1.931803045740912994e-01,1.974985547135029995e-01,1.993012750485218809e-01,1.952339581384403278e-01,2.002820618931982211e-01,1.955451137275169282e-01,1.954486662929543483e-01,1.974498151369804555e-01,1.938990229794261277e-01,1.946380377785875693e-01,1.985712551483093391e-01,1.987406022147600038e-01,1.920593813433959796e-01,1.935001668689037280e-01,1.934800588671355126e-01,1.923145883787957811e-01,1.939719023741024728e-01,1.924457978655864654e-01,1.950845248496132500e-01,1.936529113689461901e-01,1.910853507623623271e-01,1.949934505857730538e-01,1.928391041743628964e-01,1.934026143187181912e-01,1.910652764692523098e-01,1.908821248826177430e-01,1.904821717555605087e-01,1.915743947830131910e-01,1.907878563413813455e-01,1.909800181366090033e-01,1.893950279970633976e-01,1.906823413319733707e-01,1.909435688252195673e-01,1.885998378235924644e-01,1.893540976695864131e-01,1.909070275080778367e-01,1.903161946878461630e-01,1.903796631521164906e-01,1.907588942553334055e-01,1.901367340409176598e-01,1.899494325248834159e-01,1.894741249012102113e-01,1.894239406505572598e-01,1.911604459991943505e-01
7.900697366483987460e-01,7.551508854877468924e-01,7.124853952001912738e-01,6.534856796654533451e-01,6.009734026591256884e-01,5.495024363766360942e-01,5.097743666668779206e-01,4.516333453406193854e-01,4.149786394640318510e-01,3.923541129075626688e-01,3.525088586969707394e-01,3.536504986611586632e-01,3.349867922863020708e-01,3.192630694655608781e-01,2.984808427916043061e-01,3.081583446778561886e-01,3.063626412072954497e-01,3.094447227822231250e-01,2.981817003600987226e-01,2.957010114682733226e-01,2.882850419010511978e-01,2.754306429300487635e-01,2.481940422554949899e-01,2.696323748451760483e-01,2.724404057236399779e-01,2.565281608974943617e-01,2.659052249174427840e-01,2.616788093872587373e-01,2.606411974676072774e-01,2.545116950373174647e-01,2.571640059330696504e-01,2.499980061891173555e-01,2.472130905986108518e-01,2.472847141631451251e-01,2.466612125350416684e-01,2.484790044125362862e-01,2.359255193772324954e-01,2.366028038072020279e-01,2.295692069878655373e-01,2.410895278681028375e-01,2.446351471410501965e-01,2.354629361048594383e-01,2.401300386380414154e-01,2.306847370571426525e-01,2.311638351215838660e-01,2.318976794991054746e-01,2.287698927853369091e-01,2.355069722130282150e-01,2.262596609551355553e-01,2.268912814890169383e-01,2.233640349658256585e-01,2.210129630338087681e-01,2.233145911025366526e-01,2.210228948346333044e-01,2.234757724242036336e-01,2.188022820402710511e-01,2.212559814636896605e-01,2.243442698695804483e-01,2.215394451302383771e-01,2.202230246316826678e-01,2.210516288171576471e-01,2.189199848664163395e-01,2.180185636554534678e-01,2.177419952680257620e-01,2.207810782753590606e-01,2.180107952284164041e-01,2.202633629473305932e-01,2.184453461236396388e-01,2.155683708970315138e-01,2.180061957745558499e-01,2.165287321357010075e-01,2.182946256795256224e-01,2.167274117714027559e-01,2.183421497667486499e-01,2.155774598961514299e-01,2.143459410636259221e-01,2.146604639154170990e-01,2.145068471337903682e-01,2.158690681538635026e-01,2.151444713722345525e-01,2.144067634382285370e-01,2.157228682632559569e-01,2.141639138094690586e-01,2.131909125050969189e-01,2.151531366320655059e-01,2.146302390271320748e-01,2.128619442415209395e-01,2.154378340076885945e-01,2.175683746589350542e-01,2.155247169315461508e-01,2.135619398257577739e-01,2.140708292593985484e-01,2.126874646863637364e-01,2.134593621138782260e-01,2.120594661483463095e-01,2.141439814793321128e-01,2.131663675931218804e-01,2.135519461096287153e-01,2.154145932150519360e-01,2.126862695013564120e-01,2.129052919916436526e-01
7.947513520071572968e-01,7.623631612641418309e-01,7.197840967594956174e-01,6.687898573536589231e-01,6.124396226265624854e-01,5.536130611301762761e-01,5.198235605406630322e-01,4.502159692998644602e-01,4.347709977621559418e-01,4.185817528630219053e-01,3.955089517156071266e-01,3.776850943126343063e-01,3.756751513600334880e-01,3.460443121791796361e-01,3.358467995428405795e-01,3.132965828839779365e-01,3.256485349370485949e-01,3.264853882480863723e-01,3.181867285849256377e-01,2.779312583878701393e-01,3.026322150204381334e-01,2.919813943431186498e-01,2.868472729914809949e-01,2.834726885802457130e-01,2.979979650812577541e-01,2.931680092411846905e-01,2.876730357642234281e-01,2.777043361104107322e-01,2.813149283587641492e-01,2.759075289954520671e-01,2.696203313768807397e-01,2.684729050116361759e-01,2.728105684290619837e-01,2.690805273776340489e-01,2.639772836053343452e-01,2.656517857189170662e-01,2.586299435124631008e-01,2.528866506860222296e-01,2.563286527343252019e-01,2.624760197172965603e-01,2.605065945053148813e-01,2.579439912994016537e-01,2.544973744397063808e-01,2.532209588570209502e-01,2.606763304264314018e-01,2.483430515766638924e-01,2.563983190160673553e-01,2.464870273622684904e-01,2.493174253961096265e-01,2.445973192928066753e-01,2.463929366189213377e-01,2.439576226519794555e-01,2.444726987906575000e-01,2.445889817220992524e-01,2.494227837633893330e-01,2.470034624966567227e-01,2.441600080416806984e-01,2.412432547322486132e-01,2.405540982918605297e-01,2.445748916441686238e-01,2.390039403637394255e-01,2.404817152636088973e-01,2.397520530954805329e-01,2.402573734100695857e-01,2.405279795663328446e-01,2.398776526015546917e-01,2.414422153341009014e-01,2.390693711867670213e-01,2.371082745028179894e-01,2.382174999512980396e-01,2.395308897799076076e-01,2.375485130811512136e-01,2.367460771433425870e-01,2.378638670920141529e-01,2.370396770183775537e-01,2.387689103076715558e-01,2.372141911366386913e-01,2.360795919504009577e-01,2.351342470327295042e-01,2.367526445587227746e-01,2.348302578964850118e-01,2.364889186139596811e-01,2.372398416954720757e-01,2.360765684653655661e-01,2.356146845813200386e-01,2.369304547696277907e-01,2.348033980424975575e-01,2.349058691650669217e-01,2.370059507818536582e-01,2.343808316181303364e-01,2.361303861921160152e-01,2.339531884152202257e-01,2.361149068403342599e-01,2.341258471157561805e-01,2.351602855824856397e-01,2.343999304151859753e-01,2.333456673650062263e-01,2.345829845561238636e-01,2.360764387073235326e-01,2.337613427635010788e-01,2.330232314056435161e-01
7.989134847226909697e-01,7.692864881422610823e-01,7.298114399807361652e-01,6.805810693556341162e-01,6.308757574750484265e-01,5.735018038201292745e-01,5.240513193524535263e-01,4.757778723184420411e-01,4.414694928586789247e-01,4.108422738106856098e-01,3.963349082905868737e-01,3.683660995969793572e-01,3.706761797681313864e-01,3.618025522703315899e-01,3.339143174308973894e-01,3.414788517382753019e-01,3.302391057614386116e-01,3.326735290332924477e-01,3.353662965712355670e-01,3.421177404274003964e-01,3.109693426137278283e-01,3.090654824118749255e-01,2.986266644046577379e-01,3.121784919585373075e-01,3.083174417665364153e-01,2.986290803689119477e-01,3.059192080565757421e-01,3.037329445318322496e-01,2.973915120190817607e-01,2.878356153455821631e-01,2.980968550933961736e-01,2.898558053087384456e-01,2.786513502716335688e-01,2.834409782211075868e-01,2.845623005386628268e-01,2.814879735188482446e-01,2.708913188206099609e-01,2.823995408675166185e-01,2.680650270016911585e-01,2.786977274414140227e-01,2.753953328535573841e-01,2.718833235883248434e-01,2.709598111514817109e-01,2.721137060849669886e-01,2.681472704453322642e-01,2.663940138413528613e-01,2.666092744063693343e-01,2.719532414731586356e-01,2.699165759346213722e-01,2.685363437397269570e-01,2.652650720814546670e-01,2.644583207535841640e-01,2.640482095995894118e-01,2.676860947929155521e-01,2.638563098363511106e-01,2.599374758222195436e-01,2.607371811215141166e-01,2.604514639129927867e-01,2.598740625538700777e-01,2.607955870825486300e-01,2.608249519623456192e-01,2.642959196029912028e-01,2.590574407927294098e-01,2.605848207040499243e-01,2.557737962973403723e-01,2.572034694862310733e-01,2.573708607359703193e-01,2.585716862380643688e-01,2.560634160607940246e-01,2.574836203897342690e-01,2.575254468222469284e-01,2.575801866955595987e-01,2.568580859284320117e-01,2.556246252207932668e-01,2.553575109959508871e-01,2.553786634354985319e-01,2.561195681009421077e-01,2.561300135732431649e-01,2.563145757888903309e-01,2.544580001799930935e-01,2.545628588924006563e-01,2.536244411552845412e-01,2.546627577769348116e-01,2.560374892211364495e-01,2.548010411954664822e-01,2.546023056754884717e-01,2.547937425148137924e-01,2.536964326630525846e-01,2.552319947729334015e-01,2.546421654533038148e-01,2.560669633265009737e-01,2.545503057824667903e-01,2.557027373817660210e-01,2.549204406483503993e-01,2.535791156847861938e-01,2.541809042507151561e-01,2.532545330832491892e-01,2.536320840319661318e-01,2.538013615114058652e-01,2.529675500167551938e-01,2.526948711204314302e-01
8.026234728341777869e-01,7.739624259133951467e-01,7.346026355786581252e-01,6.872516936580183033e-01,6.344794068653133445e-01,5.833570892940204144e-01,5.401455802551331509e-01,4.965841997792512230e-01,4.415222631757517169e-01,4.370748317456430443e-01,4.212489107011564982e-01,3.857143498572351281e-01,3.930836322654519543e-01,3.835281277159138802e-01,3.766912570225188772e-01,3.634541923794759599e-01,3.523953445238157678e-01,3.505491788920418461e-01,3.343949243027825036e-01,3.443819304556388072e-01,3.334527794408870816e-01,3.293539056531891718e-01,3.237034808193939850e-01,3.242817656775993651e-01,3.250072740001738736e-01,3.095508637036065158e-01,3.268175533856866877e-01,3.147700782432963917e-01,3.122954183228334735e-01,3.117531370052520345e-01,3.014023375516384218e-01,3.079491505057974088e-01,3.039894564327623727e-01,2.988835434391378110e-01,2.959447610084821045e-01,3.028064829976129801e-01,2.947900263187069325e-01,2.946195968301100754e-01,2.911895976500122329e-01,2.913278736563690852e-01,2.986211705133067218e-01,2.991310891059507093e-01,2.873902076761062907e-01,2.973139960761926881e-01,2.834777320897153285e-01,2.898992669469280248e-01,2.914757578116292103e-01,2.889806954279510731e-01,2.803435754224598009e-01,2.900945424990464261e-01,2.803457634389721620e-01,2.882768601740167691e-01,2.861666725075300843e-01,2.879131101645468482e-01,2.798390669082205795e-01,2.767458428029562767e-01,2.796001916814547794e-01,2.810302920712844377e-01,2.754261262943780708e-01,2.803437904273207160e-01,2.794864539985874585e-01,2.774552338305814603e-01,2.769022906254765548e-01,2.756879720247868981e-01,2.751721863666886647e-01,2.777288681701056694e-01,2.750091545958940897e-01,2.776520404932696917e-01,2.734367130147241087e-01,2.750761830430825672e-01,2.747949568961008393e-01,2.767572979730964500e-01,2.740647294615223273e-01,2.747755772805870467e-01,2.740444450839294444e-01,2.742486602218909830e-01,2.758761594793935901e-01,2.734748320708197400e-01,2.721997391677039024e-01,2.725817202097705061e-01,2.735272710799710461e-01,2.719257506771926014e-01,2.722361262600612730e-01,2.722321786360183959e-01,2.721225825698436185e-01,2.708930987196117579e-01,2.723396706665443534e-01,2.731849073239122072e-01,2.735592698305490122e-01,2.719341672753515793e-01,2.714795101934058263e-01,2.718553650275630229e-01,2.718870005912167320e-01,2.730808982101454729e-01,2.710698182575598247e-01,2.700434805434124841e-01,2.717100702783657451e-01,2.719380907925002533e-01,2.750997711034564031e-01,2.703254009517215839e-01,2.705721119971777888e-01
8.059373947339629751e-01,7.792552446819245304e-01,7.441227659969475994e-01,6.983815282204087760e-01,6.438590967844183277e-01,5.939906949215577603e-01,5.461183600865991972e-01,5.053809346632227584e-01,4.812930419710600982e-01,4.424700626756605248e-01,4.237311751131542792e-01,4.063273389919027645e-01,3.928857640178586297e-01,3.775607496782276695e-01,3.702447371748961436e-01,3.909343638934291154e-01,3.836150526197792399e-01,3.749155989876872819e-01,3.598322968757109441e-01,3.563272516003517798e-01,3.663437014977627415e-01,3.583083944183376723e-01,3.550714737744806171e-01,3.226180230692017870e-01,3.448562818733901247e-01,3.396614025092576927e-01,3.404747371473419992e-01,3.357605800089487613e-01,3.238729758414511384e-01,3.237862556100450373e-01,3.230618589961998244e-01,3.196676468719559794e-01,3.160352715271281254e-01,3.195996801025793310e-01,3.192595000389486515e-01,3.157621309426342227e-01,3.190383305496565791e-01,3.070111925582327816e-01,3.185074046801844583e-01,3.087653100130337003e-01,3.076237414728306141e-01,3.080542850682031486e-01,3.051638901469768683e-01,3.050887383022977684e-01,3.057038467584047847e-01,3.011082583206212138e-01,2.995239359458075623e-01,3.042047973335026412e-01,3.040888868859894512e-01,3.043316108577813206e-01,3.002796115179135472e-01,3.023244954642473337e-01,3.020473848873843070e-01,3.015978059392257493e-01,2.957933287585469695e-01,2.926302459417718382e-01,2.978758626885280592e-01,2.948083516666107906e-01,2.953288038384808689e-01,2.946943258692699130e-01,2.952139996222235552e-01,2.932241458871503448e-01,2.922502002410682920e-01,2.916567726279437611e-01,2.935287106507877830e-01,2.938766276123642718e-01,2.926206491643423835e-01,2.921305390531364621e-01,2.924893547722337006e-01,2.904977996400554541e-01,2.910648956499341522e-01,2.920820048472720365e-01,2.926795927166713773e-01,2.898992617964928353e-01,2.891265399443221362e-01,2.898006471225558767e-01,2.890073893391468252e-01,2.892806051279973034e-01,2.914971980002147300e-01,2.887287590922895109e-01,2.906234769907017901e-01,2.878233285889873483e-01,2.890054768814976915e-01,2.908616514314723567e-01,2.886905466724534186e-01,2.888860246853688363e-01,2.881134473000356300e-01,2.892417603478347754e-01,2.885123716544751304e-01,2.900527245989602543e-01,2.887121748217002515e-01,2.879564520842696207e-01,2.879389383534663449e-01,2.876385489388892380e-01,2.871774607847360494e-01,2.869314641505929520e-01,2.876360754879422887e-01,2.881090399973378346e-01,2.881337690095870929e-01,2.870720428268675462e-01,2.876794626251667486e-01
8.089031354426867715e-01,7.828605755710692504e-01,7.479942528194046814e-01,7.027872814306381777e-01,6.512182766969104586e-01,6.110693465734855501e-01,5.640020438188018126e-01,5.285186860575605827e-01,4.673473039116155525e-01,4.313396518928934720e-01,4.356827360620873502e-01,4.079292081548552829e-01,4.151284798891347605e-01,3.987836434179831691e-01,3.732406023089669400e-01,3.895093029176872612e-01,3.807787525796541561e-01,3.805659378590510733e-01,3.728436659653294738e-01,3.667230489087084933e-01,3.586799100841966403e-01,3.549760912390936829e-01,3.472986886089159397e-01,3.463923478063513639e-01,3.456978900740949046e-01,3.463033998997444574e-01,3.455514235556034763e-01,3.280068047534925868e-01,3.569537860860637624e-01,3.380233811500229502e-01,3.430797719715705796e-01,3.419355160374139557e-01,3.277728137954808441e-01,3.254394205700537612e-01,3.267838241874949090e-01,3.307179446016575985e-01,3.305119711449380215e-01,3.279924241081287328e-01,3.189432991275906737e-01,3.340051663086353595e-01,3.277053807729972124e-01,3.186370231075053017e-01,3.222648724375294926e-01,3.238741624454283263e-01,3.189627583706604597e-01,3.157352260853216741e-01,3.196796197189230582e-01,3.209326105247359284e-01,3.136236506348741293e-01,3.186598444521994145e-01,3.140925088053855285e-01,3.133943995988717757e-01,3.113338832504264908e-01,3.150426612300483153e-01,3.102991333152111952e-01,3.139934297724362722e-01,3.121721390350424286e-01,3.086911944303233346e-01,3.113020191028813555e-01,3.074523539438183684e-01,3.110073425815585990e-01,3.063065220480991058e-01,3.083190850376181791e-01,3.081702202876583363e-01,3.089027822864134909e-01,3.054181366346544468e-01,3.070951707440087719e-01,3.071302172328466695e-01,3.062507644077432922e-01,3.060528575525084949e-01,3.047371889674659884e-01,3.084149961580856525e-01,3.091121693932352699e-01,3.075181493642909492e-01,3.063326472674708367e-01,3.058001934212687956e-01,3.042418101387720508e-01,3.049691323400617327e-01,3.041217115571233642e-01,3.043740845996921740e-01,3.031304763274194625e-01,3.035492669622821271e-01,3.025893519048267755e-01,3.048480902243120294e-01,3.031857883635495354e-01,3.036994119447901652e-01,3.036370548281615567e-01,3.040792868197934040e-01,3.028335267310548473e-01,3.015295966909344871e-01,3.014100811757154941e-01,3.038905705731524409e-01,3.032338679237137069e-01,3.029147793894688689e-01,3.015546710324008006e-01,3.025870879473713804e-01,3.028779575691684101e-01,3.017707543185337293e-01,3.020820796281688536e-01,3.015732885319193368e-01,3.022538821453831792e-01
8.115608321224893063e-01,7.874765515528971971e-01,7.527904760259640504e-01,7.108353295556714135e-01,6.602656251565072187e-01,6.111437485849592344e-01,5.608222867006600332e-01,5.367561460475260837e-01,4.852620581477224970e-01,4.906047687789893419e-01,4.670284681279982530e-01,4.225353064049373608e-01,4.186955949854586634e-01,4.387038965749042729e-01,3.971790537051954617e-01,4.069893868929513325e-01,4.125306185647271140e-01,3.838021655616842276e-01,3.718901096005396978e-01,3.675908694239414243e-01,3.750901536659222435e-01,3.710046645425943979e-01,3.710213006521363432e-01,3.422629043142907945e-01,3.645014243497802786e-01,3.619279808387637076e-01,3.494580179029259104e-01,3.583077073019050873e-01,3.484271882842303047e-01,3.551241600175235602e-01,3.490242608136122637e-01,3.440880928533249783e-01,3.470771269987100172e-01,3.482723061638998141e-01,3.421029276582563949e-01,3.476486850411937835e-01,3.406678616923944913e-01,3.420068722863451316e-01,3.394699093459340178e-01,3.389292539316411945e-01,3.457877120408591742e-01,3.362753233688248189e-01,3.388736457868253837e-01,3.369802292591662640e-01,3.317299831413337285e-01,3.273576694414993549e-01,3.294303899022905657e-01,3.317071061431536294e-01,3.325199239986249000e-01,3.267021925690088424e-01,3.296247073037262831e-01,3.249938914691496983e-01,3.284523949342744165e-01,3.250756556713759737e-01,3.232706894757439442e-01,3.256156904908472649e-01,3.254929203157598816e-01,3.195630786622644104e-01,3.230733734288740999e-01,3.241835785301914741e-01,3.222788746402045490e-01,3.218451432012263691e-01,3.235608700841446916e-01,3.238029020525705626e-01,3.205400986484434611e-01,3.208988502229235262e-01,3.205951341054935066e-01,3.201433004291094342e-01,3.204836426654982251e-01,3.197332513391833442e-01,3.191009312645735618e-01,3.195912118601640373e-01,3.171023146202844867e-01,3.202342052093095637e-01,3.188499164492658022e-01,3.163850264652691147e-01,3.178589492454598764e-01,3.172879633003515276e-01,3.179031755670688741e-01,3.190224492785384558e-01,3.178691910254587416e-01,3.165010916451068135e-01,3.173296091928707874e-01,3.170325628776156091e-01,3.169778222703050208e-01,3.157884198965429379e-01,3.178154916575099964e-01,3.162200730104063329e-01,3.168718319990367349e-01,3.177961514080999694e-01,3.169244921483340138e-01,3.160957304321911354e-01,3.167314130040813080e-01,3.164174465266912373e-01,3.167532861502186381e-01,3.166141176417968106e-01,3.156873408762283506e-01,3.152273329379257638e-01,3.161053413202345452e-01,3.174601808495548516e-01,3.155555113489659780e-01
8.139453959991266307e-01,7.918099414115996604e-01,7.581468718589495781e-01,7.210593944869484462e-01,6.756004214429954802e-01,6.324003724140859761e-01,5.789755523873819643e-01,5.463067548653548489e-01,5.065570683721007939e-01,4.648274730899420448e-01,4.614102758740735166e-01,4.515683056639487325e-01,4.457505852662659307e-01,4.234511570869247676e-01,4.285903257371632136e-01,3.959130985989344209e-01,3.977855944602745608e-01,3.918560500565576588e-01,3.866303002534947075e-01,3.699161590206853090e-01,3.909174934892372666e-01,3.925633116778991516e-01,3.842264352579908837e-01,3.782599828258186303e-01,3.653886166717405515e-01,3.851026101870707596e-01,3.665953151379845454e-01,3.642436902450231218e-01,3.627293280697745370e-01,3.636108260805025472e-01,3.661482907089727012e-01,3.659872515596233611e-01,3.695762023927924300e-01,3.502238049655667651e-01,3.641130009247025567e-01,3.552108867802516445e-01,3.525487626174463873e-01,3.530674504442266048e-01,3.507427715557867587e-01,3.520417553843155911e-01,3.449116837480883380e-01,3.398354110601128908e-01,3.500810599163807768e-01,3.514718397474672629e-01,3.449042095697716359e-01,3.404949489533361517e-01,3.473083313720456422e-01,3.409207374411262759e-01,3.421751489631995602e-01,3.390111053144548303e-01,3.368229208328179514e-01,3.344985038846589598e-01,3.423869052082711972e-01,3.380316604576886208e-01,3.406608089913507609e-01,3.368291279722785969e-01,3.351684769258403418e-01,3.386240378915019722e-01,3.364720501574946510e-01,3.356500611200597395e-01,3.340404999935684405e-01,3.331705309933435388e-01,3.359424561362128192e-01,3.339400903957632227e-01,3.335940399469556894e-01,3.332762164652111059e-01,3.331715624878587856e-01,3.314678078484268875e-01,3.329716057620579761e-01,3.318234058332377723e-01,3.314298407056059936e-01,3.328501736062025040e-01,3.333945514395600940e-01,3.302775531858616054e-01,3.315257676449515079e-01,3.307812228469381166e-01,3.321128014503639259e-01,3.309893556457001451e-01,3.291469120277825122e-01,3.313638784485246624e-01,3.298483883626806556e-01,3.293567900752645827e-01,3.310395441052937371e-01,3.286608291367977830e-01,3.301139018191437957e-01,3.305956086303680763e-01,3.288367512160261241e-01,3.289026939197121080e-01,3.296758834474867172e-01,3.285695087939216052e-01,3.300750669642720236e-01,3.289449639908870737e-01,3.292480688888336782e-01,3.295369281289188268e-01,3.289388592229173791e-01,3.287321080705140064e-01,3.287703964090033515e-01,3.277073031071573439e-01,3.292059626494809321e-01,3.293026615450035388e-01,3.296646756461797390e-01
8.160868646885302002e-01,7.943887513459736427e-01,7.653891468716318425e-01,7.249212950358234764e-01,6.753475660964263216e-01,6.335795871489152686e-01,5.953675475680383355e-01,5.531680636405019724e-01,5.218740501530596543e-01,4.882732195549797649e-01,4.708901144103704306e-01,4.552835229086464874e-01,4.626662155321563108e-01,4.179782924424850221e-01,4.267455091561180303e-01,4.185704150396026280e-01,3.931317941019139006e-01,4.176202335364840312e-01,4.035304563486816209e-01,4.067210582842101241e-01,4.040713621621783158e-01,3.966560923471652012e-01,3.921948953981172492e-01,3.948649918887092714e-01,3.997751093051146176e-01,3.834917897339971682e-01,3.920121884289196057e-01,3.881936329631339722e-01,3.775277406336318142e-01,3.690201286871643838e-01,3.735730113719590295e-01,3.721865969080511705e-01,3.736400208329013206e-01,3.733462214815520541e-01,3.742343076029970850e-01,3.752414955408916453e-01,3.601358889130166774e-01,3.696707198844957354e-01,3.620644299506864394e-01,3.646428656362932230e-01,3.656496519147111601e-01,3.615542482343006014e-01,3.553633002373781102e-01,3.604544560031632816e-01,3.561328070068592866e-01,3.550786056791467860e-01,3.566270208168843547e-01,3.527158269683088876e-01,3.512928633532244604e-01,3.522006442322930808e-01,3.498619462973562300e-01,3.515270504781045635e-01,3.477192703959939291e-01,3.536521340636740729e-01,3.501504452638340426e-01,3.464946993898045946e-01,3.474379676488517088e-01,3.483150137458359552e-01,3.470981291606484720e-01,3.509321573947823958e-01,3.504390721469037850e-01,3.436632486074969184e-01,3.430829862435638145e-01,3.455367286845277830e-01,3.452897215816861931e-01,3.453718266314170782e-01,3.444633371213208783e-01,3.433713941894302457e-01,3.436064460729852388e-01,3.449965510753222886e-01,3.424964660188766219e-01,3.428265156465004071e-01,3.424333142824367848e-01,3.419826355294549036e-01,3.413679653032498096e-01,3.419901100610985845e-01,3.419859250759022529e-01,3.418474139327196126e-01,3.427386428245478012e-01,3.426115945903043802e-01,3.407172357805208218e-01,3.427129844426122784e-01,3.411227140058744611e-01,3.417780342739293320e-01,3.417283752940561969e-01,3.418203081556746015e-01,3.431795507753554464e-01,3.410630091475502224e-01,3.401664781103954649e-01,3.408314602682260275e-01,3.393033051707742276e-01,3.406204370311678442e-01,3.402793790860634826e-01,3.409016660541912547e-01,3.398090444247838793e-01,3.404155601053119318e-01,3.402904621054838596e-01,3.397557654442025510e-01,3.410343569831837951e-01,3.410163898929123860e-01,3.391596253931831728e-01
8.180109424318774414e-01,7.979133592685606624e-01,7.690358682523836809e-01,7.318082053286518729e-01,6.810446411643329423e-01,6.359854411903178573e-01,5.944934466941856899e-01,5.540887003241176112e-01,5.029903751543970403e-01,5.115900767893335477e-01,4.906661938604491846e-01,4.691663802514468018e-01,4.512993246957923144e-01,4.524936633707297151e-01,4.452279677032994765e-01,4.170731090901061422e-01,4.168671154606122808e-01,4.182794689477163375e-01,4.071177629939300990e-01,4.133474749538519899e-01,4.028697267689178019e-01,4.002331047257216556e-01,3.986104112668263366e-01,3.853170984994471748e-01,3.879839154457176975e-01,3.951217703263772418e-01,3.814916426260667737e-01,3.793693877586292729e-01,3.823107355610664837e-01,3.841607475768785140e-01,3.971794026713860726e-01,3.859935731715516960e-01,3.863147235093684628e-01,3.849029488514583153e-01,3.789760373118529757e-01,3.714830404019198729e-01,3.852752147969116248e-01,3.816780101094077726e-01,3.681770210542301136e-01,3.748584509897821548e-01,3.737624338666483692e-01,3.771392267039500035e-01,3.744586317198392300e-01,3.661114908391079337e-01,3.668596180459101630e-01,3.652363862620239821e-01,3.651007990287463700e-01,3.695579561688464576e-01,3.622788380846425627e-01,3.631389717934574990e-01,3.607769893397826388e-01,3.604497126117269801e-01,3.600441068619633644e-01,3.608757312347526391e-01,3.656945538859868172e-01,3.641009225838236496e-01,3.625528394389037623e-01,3.579906493743522100e-01,3.578028829474284578e-01,3.596451349207451798e-01,3.558401066919944511e-01,3.571515304076072761e-01,3.555307056942978994e-01,3.572308898528110954e-01,3.561004480213584844e-01,3.542578998188033457e-01,3.572130396511233319e-01,3.534136204590390684e-01,3.550845319790116861e-01,3.536721225635502952e-01,3.547308650245792339e-01,3.549561532862137714e-01,3.529571482938845817e-01,3.527989650352207907e-01,3.536484773458725694e-01,3.525588850669633123e-01,3.534242232729432054e-01,3.522588173725927363e-01,3.518882798200738682e-01,3.517692960890074771e-01,3.521042619603035329e-01,3.517683402150538763e-01,3.515458880066660297e-01,3.521004924872150332e-01,3.517342555140007820e-01,3.519216124412904434e-01,3.523762727943144935e-01,3.529930593303324815e-01,3.525349278628779337e-01,3.507703425957239829e-01,3.501537318312549774e-01,3.500719806224020791e-01,3.504685830834269322e-01,3.507901662703412082e-01,3.510331378023131554e-01,3.509080035865524416e-01,3.507145904408941472e-01,3.508835542733962365e-01,3.512750769669655271e-01,3.502880679682361387e-01,3.505307703963096988e-01
8.197404712018188100e-01,8.011560224640666972e-01,7.744219600742838772e-01,7.327829165958992252e-01,6.934449736002312736e-01,6.518454108782485434e-01,6.023991945836363326e-01,5.703044161362278430e-01,5.424379700374736268e-01,5.028595931558011989e-01,4.867809114964168904e-01,4.734923340353263677e-01,4.565816972642190996e-01,4.419321413367168772e-01,4.470903607187725615e-01,4.459219257182496232e-01,4.380725285654031853e-01,4.131233525413852692e-01,4.195809476366599844e-01,4.195325711996432672e-01,4.223270490085709872e-01,4.157557003791312877e-01,4.144611877937150468e-01,4.176183135860408457e-01,4.112868892808376753e-01,3.969308084985563312e-01,4.018427260068776485e-01,4.148121300674255107e-01,3.858956542755967445e-01,3.975869485898719802e-01,3.825767639599365055e-01,4.022287961162110959e-01,4.044583302817788550e-01,3.847441778029512816e-01,3.895748086047747250e-01,3.894116702190954515e-01,3.895207738583364443e-01,3.888996387092040208e-01,3.844107151136945122e-01,3.785993057974087472e-01,3.809742668623680162e-01,3.830878636438622142e-01,3.818576710135010988e-01,3.779386962632099722e-01,3.762853527561433875e-01,3.770889989808494658e-01,3.722187658598245519e-01,3.742275163475092259e-01,3.736448448962830238e-01,3.671941864675000167e-01,3.725613083753565591e-01,3.705020060716281982e-01,3.707577348380559079e-01,3.713178008245180961e-01,3.681047601426585270e-01,3.674265735639292707e-01,3.699034719217958456e-01,3.640064892212152570e-01,3.676521030247522637e-01,3.686121665303349615e-01,3.652131819191496986e-01,3.661037905634110801e-01,3.676182830125304668e-01,3.663072718920706294e-01,3.662182416256646866e-01,3.641600710573893451e-01,3.655631138933514990e-01,3.654936605904609559e-01,3.639056699066870459e-01,3.644193322851391748e-01,3.625871084798205080e-01,3.630124911286591316e-01,3.644482052346418866e-01,3.632076161266596381e-01,3.623707172505995500e-01,3.625653954691753222e-01,3.637562691341134080e-01,3.634350956912286712e-01,3.611863702127406373e-01,3.628911833942510268e-01,3.616870777679457860e-01,3.616481799655117957e-01,3.615556334791493742e-01,3.625275328124610286e-01,3.627467701164210911e-01,3.610633792873417791e-01,3.614772341981171144e-01,3.612089434020177015e-01,3.616431819008089077e-01,3.620100744826251771e-01,3.613541286767510963e-01,3.618482610197297222e-01,3.614195836706881049e-01,3.606132076522605701e-01,3.611639167975539411e-01,3.605920725435842744e-01,3.600346925933369802e-01,3.605178891823437870e-01,3.605596148709506732e-01,3.604120299569163466e-01,3.609395328037096617e-01
8.212951949325170142e-01,8.035489246533914498e-01,7.753299136145044290e-01,7.407575479959137565e-01,7.018673957857464174e-01,6.400299069616918191e-01,6.105636298739347545e-01,5.806155359202100907e-01,5.645074969539239929e-01,5.150566695656436655e-01,5.022247906256970262e-01,4.813048863998283800e-01,4.704969927538714125e-01,4.423872239701845399e-01,4.640150800989233937e-01,4.386811437345103371e-01,4.371241586646778532e-01,4.214556773447535876e-01,4.232859013459788766e-01,4.209629487841134443e-01,4.339541502684228780e-01,4.321032005361742923e-01,4.185238777400442922e-01,4.287075434877893332e-01,4.168815748687879630e-01,4.206083305947047046e-01,4.038305065788829196e-01,3.943561390997147864e-01,4.135062063563705870e-01,4.009074275422885858e-01,4.000329021245698224e-01,4.063744013031495572e-01,3.959100480173871062e-01,3.951955158643874477e-01,4.040081458777885492e-01,3.844528865560941644e-01,3.925576786293798470e-01,3.985071209818256688e-01,3.933098863973245596e-01,3.945643366383868034e-01,3.855446932678654459e-01,3.862292987608706984e-01,3.889790301571842690e-01,3.873599149860781909e-01,3.788475053395036207e-01,3.890970475201032674e-01,3.912504263378683289e-01,3.811050485503810759e-01,3.827821135384709694e-01,3.876710414855342735e-01,3.799942907708965811e-01,3.814587034550220301e-01,3.769730358682011340e-01,3.783977170226587861e-01,3.761798891626236263e-01,3.773944496028807105e-01,3.767777751291457311e-01,3.773044268842356552e-01,3.750217665297701508e-01,3.735166075921401152e-01,3.788553738121407388e-01,3.776430199277680533e-01,3.739668264988063040e-01,3.751426522834971355e-01,3.748012231822749896e-01,3.752636918268592581e-01,3.735115925779966539e-01,3.718834640896739874e-01,3.721685712610380281e-01,3.726215367197762696e-01,3.734658559171840642e-01,3.701283603815183065e-01,3.755387132153015228e-01,3.730354634159549487e-01,3.726534439776094110e-01,3.715596454179933006e-01,3.708886345146961139e-01,3.719164692899455948e-01,3.712506183190630860e-01,3.708439664035438343e-01,3.724718886687881647e-01,3.718614405779361309e-01,3.721174386700311643e-01,3.710129263705478353e-01,3.709425486009054196e-01,3.708095959641461437e-01,3.704379856302306151e-01,3.704289727803663501e-01,3.717134052832095636e-01,3.697771426980477893e-01,3.715206110771962500e-01,3.710694871929666183e-01,3.693960993688679695e-01,3.707235498594010914e-01,3.705639527372031061e-01,3.703466659989162468e-01,3.694517937459305124e-01,3.695142622994066484e-01,3.697132567351330557e-01,3.700207485832203158e-01,3.692532866356663113e-01
8.226926297200510829e-01,8.054575750871175721e-01,7.794981855799519854e-01,7.463967999037325329e-01,7.042813226469148979e-01,6.634312145570325780e-01,6.174234492128496399e-01,5.841147210034915993e-01,5.536906338009037754e-01,5.280956304003692203e-01,4.806596005834227192e-01,4.801231561327949926e-01,4.688429670403850280e-01,4.683627209696520355e-01,4.596123640616809891e-01,4.630305414519058083e-01,4.398742687034278287e-01,4.373114901558162737e-01,4.381873079961620676e-01,4.361548337244904872e-01,4.418598123484078211e-01,4.252295188766503919e-01,4.209843745918654401e-01,4.252170095278829387e-01,4.227451871695770969e-01,4.220012900302049230e-01,4.176897355346004814e-01,4.228368622909849939e-01,4.213428013019385743e-01,4.124510235034273276e-01,4.128471173921326454e-01,4.051270465484410055e-01,4.041615196692363021e-01,4.069950510416374678e-01,4.067502874467859852e-01,4.014540146194430226e-01,4.079585492931579460e-01,4.003131192095179536e-01,3.950117376333323604e-01,4.096512807135194167e-01,4.007610475625347224e-01,3.927932224260917149e-01,3.942722090046493211e-01,3.927412578330244930e-01,3.965765649302694928e-01,3.943344193055565161e-01,3.892232810372149854e-01,3.969191416816441609e-01,3.943506350833928531e-01,3.861832946668524724e-01,3.923343916401181297e-01,3.891043485539739666e-01,3.916978991736290716e-01,3.902631360977671382e-01,3.842463735572642647e-01,3.877664918308081354e-01,3.877285492058265004e-01,3.841370768140175418e-01,3.857799293738971014e-01,3.840223963460159817e-01,3.851115217712914873e-01,3.841214109643382169e-01,3.842817535972802845e-01,3.821169918131666066e-01,3.835602787259984048e-01,3.837698132274400264e-01,3.841282062043918644e-01,3.825081394674566537e-01,3.834498745641438666e-01,3.809411618039345027e-01,3.822791536244288801e-01,3.803545833196529391e-01,3.811412720725775860e-01,3.820430728692090772e-01,3.797105017758305445e-01,3.801620653420522689e-01,3.800075805257137063e-01,3.800495477253987286e-01,3.801876393048609359e-01,3.798942494004073911e-01,3.820950977558396633e-01,3.803226184555478784e-01,3.795359544693275300e-01,3.794539913456649871e-01,3.806709134325931831e-01,3.789572616768234203e-01,3.797424412766854385e-01,3.780489546771937381e-01,3.785267828168237259e-01,3.797535302773053512e-01,3.790995508992189289e-01,3.785487114429605393e-01,3.790704813960584785e-01,3.779185038992265988e-01,3.776327357039908628e-01,3.782260720759185735e-01,3.787828738384916294e-01,3.774885136528658425e-01,3.780094675080349909e-01,3.781731339760290855e-01,3.792157674470706952e-01
8.239482784572490504e-01,8.078894647382736105e-01,7.817680451002728681e-01,7.476136179001309223e-01,7.125116562226588846e-01,6.674846671956840005e-01,6.263253988010601958e-01,5.949019165079323379e-01,5.545732252698045706e-01,5.437972224888033557e-01,4.980272583234299777e-01,4.943369093085310251e-01,4.879024896712844672e-01,4.832237946552055408e-01,4.513251173109684156e-01,4.758911667140405810e-01,4.658342755988705841e-01,4.491114631266927559e-01,4.391519620542656543e-01,4.636645543043773632e-01,4.275471253550792716e-01,4.404527644963105448e-01,4.291411495480461635e-01,4.340818504512864440e-01,4.262323041142466185e-01,4.277504992770991277e-01,4.294772000440014170e-01,4.311898072277020599e-01,4.183839009929931629e-01,4.133447897147590755e-01,4.149929344512615081e-01,4.101222733646077701e-01,4.114235283630271467e-01,4.115409578445465844e-01,4.035075475713330029e-01,4.118508856298800924e-01,4.105173840836681687e-01,4.079310859350640528e-01,4.066911857128605035e-01,4.042441113797541341e-01,4.053429065633024075e-01,4.080231775574149067e-01,4.041366742973822590e-01,4.006149196191104433e-01,4.068366996155154958e-01,4.012463594118129140e-01,3.959698739410144053e-01,3.954311506421518407e-01,4.000761559760044883e-01,3.960314430162673593e-01,3.951373808721769798e-01,3.916862790767727809e-01,3.946977514313098623e-01,3.956691812046075341e-01,3.939064686849259589e-01,3.984335130115008727e-01,3.952451616994445693e-01,3.942921715145040196e-01,3.944673073519692208e-01,3.909864815167621299e-01,3.941857533713064576e-01,3.934627566237259289e-01,3.919964079265219059e-01,3.931041929171983917e-01,3.899564875510048712e-01,3.921795437533130424e-01,3.901148763259514873e-01,3.884167110637485876e-01,3.893965099600649182e-01,3.907936732853984352e-01,3.891271987482863848e-01,3.888670583869142661e-01,3.885130983228680113e-01,3.882294668769250556e-01,3.893974976574308688e-01,3.876460555284558795e-01,3.871895266465606444e-01,3.878919324958037262e-01,3.880097465898261766e-01,3.885002993251475689e-01,3.888998741937751968e-01,3.880421755724747790e-01,3.892959003771028215e-01,3.887787402875044207e-01,3.868108878134488560e-01,3.874598055352733161e-01,3.869877826516854302e-01,3.862166054968797502e-01,3.879426168429134236e-01,3.869022150837311269e-01,3.875364729130876817e-01,3.861621596775496879e-01,3.865328253856769591e-01,3.864435084048465363e-01,3.856572533173573958e-01,3.857899115799037215e-01,3.862802062851437568e-01,3.857453893744211548e-01,3.855492371329286572e-01,3.861599550086649013e-01,3.857891117926405267e-01
8.250757856657959799e-01,8.099650522615875481e-01,7.850985769670633108e-01,7.541490625216563659e-01,7.122371049351801098e-01,6.692714146559529675e-01,6.329580655483524332e-01,6.033821114798195717e-01,5.508669857540224868e-01,5.541637514586288393e-01,5.163441204581210586e-01,4.822039079965722563e-01,4.854661241134037852e-01,5.040036125195286321e-01,4.731451904591869595e-01,4.596733079690651369e-01,4.638092485022820011e-01,4.550924241765260114e-01,4.542972218859713252e-01,4.526381275011351346e-01,4.662809190512703372e-01,4.366896158192505317e-01,4.342018292005461189e-01,4.366196736561654967e-01,4.446086909650418528e-01,4.295813304325132309e-01,4.305438674246038211e-01,4.278539491748077350e-01,4.265654764437185609e-01,4.269495086168882403e-01,4.359017517443104506e-01,4.326397216420015956e-01,4.210890970479079232e-01,4.154598056557495256e-01,4.211812809459858920e-01,4.165524481922209254e-01,4.227263572939607417e-01,4.202286189170926778e-01,4.235905338227108352e-01,4.096233934920745501e-01,4.112298923185299659e-01,4.195530154397504874e-01,4.167756030544416124e-01,4.138579651883682597e-01,4.125752035943366369e-01,4.028779362868582514e-01,4.031387249337591294e-01,4.059147233304236657e-01,4.022118158863581261e-01,4.063994892875122389e-01,4.041420309783812503e-01,4.034055288413861962e-01,4.036112642978466059e-01,4.018272624460141329e-01,4.037686623985865531e-01,4.007982241491525599e-01,4.011658554441605573e-01,4.014980726771814612e-01,3.991616355697072960e-01,3.999188102053091720e-01,3.989568968959014139e-01,4.016884077827744259e-01,3.971628388864694159e-01,3.969454374108761230e-01,3.975529384375370290e-01,3.965865269277912830e-01,3.976057059461392540e-01,3.979253082607981384e-01,3.982901124538449356e-01,3.979108092269458830e-01,3.970335743690043273e-01,3.958428816861224719e-01,3.953452413183304315e-01,3.958852864488615619e-01,3.947131114890579662e-01,3.954491949932520956e-01,3.955066499275531333e-01,3.959854515615718884e-01,3.955374237836912776e-01,3.950816200671841694e-01,3.952696256099858529e-01,3.943528273908110116e-01,3.939527698703266800e-01,3.946199143591628822e-01,3.943572141791822916e-01,3.940270330405529209e-01,3.942812138033183200e-01,3.945080548585063740e-01,3.935441619561835802e-01,3.931234712570575440e-01,3.953367052392470771e-01,3.938382263357739776e-01,3.943376979378783731e-01,3.948340580938700661e-01,3.933577721730384114e-01,3.923483941632053829e-01,3.940658718793638715e-01,3.930599298067878333e-01,3.926276380211102257e-01,3.933755273304959110e-01,3.935904428278080291e-01
8.260874961594086852e-01,8.116625715526619711e-01,7.874938883206697993e-01,7.552095761475525748e-01,7.146987548982315364e-01,6.800814674103929924e-01,6.399996747871792291e-01,5.860937714363683160e-01,5.688728786051668873e-01,5.440719893429338816e-01,5.268107371490957647e-01,4.952046057648622490e-01,4.947405219388822939e-01,4.926397116745176996e-01,4.638985752567631460e-01,4.694062933198644427e-01,4.636489262212694640e-01,4.604209855703290666e-01,4.498480162120067627e-01,4.583141757542659733e-01,4.526929983338709995e-01,4.596864579865431732e-01,4.489016875505643656e-01,4.439857853022138312e-01,4.496474130798979174e-01,4.319119377768319556e-01,4.452432986240262291e-01,4.352740518751477827e-01,4.306086339492816717e-01,4.349499316009629024e-01,4.345840002547148861e-01,4.246815295864034834e-01,4.242316774820500958e-01,4.256892082746908668e-01,4.211720479367448977e-01,4.269523332706964269e-01,4.289860290734128778e-01,4.175922915229996479e-01,4.178827962671145535e-01,4.236839653686839680e-01,4.191467982756964528e-01,4.186329079969615674e-01,4.227106615921207844e-01,4.143576643962819661e-01,4.134909860188224484e-01,4.204894402219603866e-01,4.126112676361982645e-01,4.113078479949086597e-01,4.162465707956426453e-01,4.153846527722262483e-01,4.130913302963440392e-01,4.100795563654064391e-01,4.076582023469488281e-01,4.072745861650013399e-01,4.065410769494056109e-01,4.086686985940410355e-01,4.075992663133479743e-01,4.087021672701187658e-01,4.101670889352677096e-01,4.045863519241458262e-01,4.059706188770823565e-01,4.076454391299552116e-01,4.064729032666962172e-01,4.053204928275542240e-01,4.050341349101643229e-01,4.072276137198824197e-01,4.054001229278400009e-01,4.033629024788635276e-01,4.043868924232236761e-01,4.043235834957274455e-01,4.033522440197374603e-01,4.036707812430428421e-01,4.038556863923892792e-01,4.029092110340067867e-01,4.022950810063443128e-01,4.026789511867270299e-01,4.029374501184922464e-01,4.020970090549731424e-01,4.026222469604555099e-01,4.013523680065352872e-01,4.021796006124961353e-01,4.009851901436903288e-01,4.010161131671081125e-01,4.021940895759243406e-01,4.005574426823500511e-01,4.011643661422488183e-01,4.010739174340324231e-01,4.005002125950010150e-01,4.002785301130330486e-01,4.005250617481411757e-01,4.008353713368674742e-01,3.999725434295357540e-01,4.008246445312195760e-01,3.995868868197994250e-01,4.011071829929083732e-01,3.998207466673358024e-01,3.991632080850752162e-01,3.999442370009471670e-01,4.005264713484500416e-01,4.003134021767521533e-01,4.002001429422654133e-01
8.269942953143140096e-01,8.138030750236471267e-01,7.901873396985075182e-01,7.580890422551886942e-01,7.225402475133543279e-01,6.874279055905400115e-01,6.421779265514701018e-01,6.090239075629062526e-01,5.814536078580807565e-01,5.517641428871131737e-01,5.297426009396859481e-01,5.020859560912463992e-01,5.182470889709068773e-01,4.811448159232641353e-01,4.888656130619446483e-01,4.707392984123543456e-01,4.668539676957703666e-01,4.754035660863671353e-01,4.673459733374196734e-01,4.534258084627669771e-01,4.655657414690775875e-01,4.452305665781041699e-01,4.686296264556464863e-01,4.580301956071658465e-01,4.455542536697040257e-01,4.576244250047926121e-01,4.296884664614062377e-01,4.370248504373329679e-01,4.467237539874981955e-01,4.504024536203242168e-01,4.382671494015570324e-01,4.375784386585601649e-01,4.407459506268123772e-01,4.245346673137849747e-01,4.287695557707358329e-01,4.281794757881843272e-01,4.307072761854152665e-01,4.319368283884462145e-01,4.259627364328318899e-01,4.261170997339718269e-01,4.203566437450706461e-01,4.178316636995228484e-01,4.261204355919619435e-01,4.211694142129585594e-01,4.200501633407280888e-01,4.223520497729673084e-01,4.244871182119986375e-01,4.198533931333225944e-01,4.175985912979132131e-01,4.185559365638857887e-01,4.153939447797149187e-01,4.195004741104026436e-01,4.197764194764010415e-01,4.147099984988989463e-01,4.158095846852464805e-01,4.145382313622394399e-01,4.121357069144824803e-01,4.115720164459641950e-01,4.120289550058793271e-01,4.113419827491353598e-01,4.120179085618914661e-01,4.104969624840636433e-01,4.118219623824257991e-01,4.082931865833113183e-01,4.106880679122512090e-01,4.106876864052466658e-01,4.099185807769182843e-01,4.100540553209527928e-01,4.106679241809033098e-01,4.082717459487206768e-01,4.110482949138856146e-01,4.089007404883420183e-01,4.087376874178016983e-01,4.111213587492359434e-01,4.100886240951758799e-01,4.087269087374514331e-01,4.078585185300592220e-01,4.086642882393023424e-01,4.080070349376521133e-01,4.087732829471106832e-01,4.103885068511364254e-01,4.101877291990295715e-01,4.082657883359998019e-01,4.080597390771307231e-01,4.070574152898301379e-01,4.082767328170804344e-01,4.073924382446666437e-01,4.083070606090292709e-01,4.066097218336908736e-01,4.072417453328193715e-01,4.077444588585354968e-01,4.056275693494619250e-01,4.069260100180562834e-01,4.065387941030719765e-01,4.063727202761214796e-01,4.062878396456685581e-01,4.064546194886246022e-01,4.063254045071973963e-01,4.064548359340890982e-01,4.057331590147419398e-01,4.063483846152823875e-01
8.278059752860214004e-01,8.152382121152392802e-01,7.944100771548525675e-01,7.606041002408003848e-01,7.256780936441005192e-01,6.826785794648018157e-01,6.602703982739221988e-01,6.053924591000560129e-01,5.825504278735128549e-01,5.552400738522981216e-01,5.539466696282656644e-01,5.388200010999141254e-01,5.073053005781905656e-01,4.953517417139812751e-01,4.878904988234614160e-01,4.778489669228513925e-01,4.607604018007960267e-01,4.748122116048105745e-01,4.846486068831753480e-01,4.768560546678831114e-01,4.661521036899438086e-01,4.589193231835770326e-01,4.577963288209032644e-01,4.552181999692039294e-01,4.598522093755967322e-01,4.626839412163823995e-01,4.599727440961245417e-01,4.518957707374404720e-01,4.541434609089775032e-01,4.426873838652564119e-01,4.447697820632419141e-01,4.359464314445537503e-01,4.422232281181198710e-01,4.438947419432685004e-01,4.467856881882650288e-01,4.345553994706023992e-01,4.334927382917125871e-01,4.316020220748202907e-01,4.387736018066143440e-01,4.290027970920021194e-01,4.383732622857487993e-01,4.318003802380280809e-01,4.284438682430784517e-01,4.219239926914529204e-01,4.228045270370993092e-01,4.272988829339428030e-01,4.308412996140661977e-01,4.230795195506946715e-01,4.220052684792245934e-01,4.253744086577896377e-01,4.243980988480072214e-01,4.206852279662012806e-01,4.190177653750170594e-01,4.229217237227449466e-01,4.217995443239982434e-01,4.214851366616763628e-01,4.181279206512663049e-01,4.188354371067418702e-01,4.203395144131826799e-01,4.214618670083517538e-01,4.192024765510868334e-01,4.152784470630750402e-01,4.174740180096078723e-01,4.162429969505692107e-01,4.175437382776177597e-01,4.150550140733082483e-01,4.147690656585599212e-01,4.176509813608763610e-01,4.163768666049262879e-01,4.164792637520579044e-01,4.138103528139457921e-01,4.143385677435601488e-01,4.142862014279762861e-01,4.133009270338499630e-01,4.155129838636725248e-01,4.136172461038852277e-01,4.133196684446391322e-01,4.137633899628802570e-01,4.144078645210078071e-01,4.139566424578748904e-01,4.136690807118018620e-01,4.154050110491157022e-01,4.127418236563623610e-01,4.146264167760853048e-01,4.122644006032508135e-01,4.133165106797687671e-01,4.125951097766304976e-01,4.120902085313095098e-01,4.126587738430571584e-01,4.118554149874003589e-01,4.125413359135721714e-01,4.122982486464351060e-01,4.128653765357757077e-01,4.120253341477637110e-01,4.122615510038645237e-01,4.121231796474293940e-01,4.119803104930066517e-01,4.124554993636460609e-01,4.119711395290778233e-01,4.124686692560246559e-01,4.118051643223396008e-01
8.285314696330039475e-01,8.167087851928249709e-01,7.983227189635162535e-01,7.653325265632696661e-01,7.326636383131335251e-01,6.957471814916709185e-01,6.489036699992262180e-01,6.089735842710759517e-01,5.726323507093440401e-01,5.433351120830764991e-01,5.212390505432848986e-01,5.350145604601963534e-01,5.150217384869887338e-01,5.119587741136176762e-01,4.850186399666769343e-01,4.994261443521675892e-01,4.783944589802573422e-01,4.626058535672597505e-01,4.718850295215329949e-01,4.706533503364023763e-01,4.700250308665013810e-01,4.788851832479803505e-01,4.672059152094616974e-01,4.716596344759110271e-01,4.647610575403531841e-01,4.642817453686414186e-01,4.585230131558496458e-01,4.574181011932335617e-01,4.515523998632330338e-01,4.648896544817964216e-01,4.502432079391808784e-01,4.559431162913674673e-01,4.447386823581939708e-01,4.489857277304924454e-01,4.388149991653820248e-01,4.375704377202523920e-01,4.344953072120470994e-01,4.365123546165762813e-01,4.412550433443330755e-01,4.449796835654584171e-01,4.405252889525034243e-01,4.456765818659655376e-01,4.349937639400165978e-01,4.336674081572520767e-01,4.351626688977879298e-01,4.312084010847609949e-01,4.287472275093943130e-01,4.314720235528455294e-01,4.332281213322157765e-01,4.324549703183277471e-01,4.271619236366024364e-01,4.237897814938751950e-01,4.290092099658084357e-01,4.248119777886891768e-01,4.232192798573107817e-01,4.278099616272246775e-01,4.250498010298114915e-01,4.288749112473639880e-01,4.238014717644930096e-01,4.242996935866619190e-01,4.242098091380400171e-01,4.216363414849656488e-01,4.226037683164745595e-01,4.224442271200943844e-01,4.233025709354854005e-01,4.227548464046054222e-01,4.204472858501347443e-01,4.218363302951992355e-01,4.211342843629929944e-01,4.234494042058563057e-01,4.214904208718888712e-01,4.198700914810331586e-01,4.236225730437673809e-01,4.219223587437240242e-01,4.197517375465165124e-01,4.202663596734387275e-01,4.221318787162611219e-01,4.195161445932190092e-01,4.186361196178843835e-01,4.199944845679733918e-01,4.180872288439487772e-01,4.203810896802862573e-01,4.192996674746528596e-01,4.192104261972241508e-01,4.191873245593928377e-01,4.190765661948659959e-01,4.185377228187370235e-01,4.177759801894842528e-01,4.170173914164835294e-01,4.187506036907485130e-01,4.182070724798582217e-01,4.177460530958063689e-01,4.177862541208581804e-01,4.177633496602835006e-01,4.182184967788103447e-01,4.175182689483344367e-01,4.177618882978786363e-01,4.180854832404525268e-01,4.176054253525625093e-01,4.170357000265755842e-01,4.172460722230535435e-01
8.291786874770836757e-01,8.180803395649316467e-01,7.979540726226317382e-01,7.696147020752033274e-01,7.338419746746285277e-01,6.908265251306567878e-01,6.572808565226502253e-01,6.183345615281496954e-01,5.871983830332081489e-01,5.626733968630890370e-01,5.683998354387305163e-01,5.361637344659230253e-01,5.191689730461150898e-01,5.186310686703360373e-01,5.094290194600010757e-01,5.032526738729166116e-01,4.857538972480069384e-01,4.851470050056437278e-01,4.976750181879795454e-01,4.950747876456341734e-01,4.613059632707567359e-01,4.672773709177338586e-01,4.990982937385251561e-01,4.790339063780961748e-01,4.781925093904589308e-01,4.645329533567666425e-01,4.640317548216147947e-01,4.579705892015428770e-01,4.544314503176882236e-01,4.491057163777572581e-01,4.496302003217437782e-01,4.519924713261951887e-01,4.488580958447127012e-01,4.476986522431570248e-01,4.399167461609577723e-01,4.456238856962697614e-01,4.495838040795034907e-01,4.530344149906938012e-01,4.518613867104792625e-01,4.449506710936524390e-01,4.460378036689857661e-01,4.359374972091336620e-01,4.438962274918892281e-01,4.447124223841140145e-01,4.417330397868631242e-01,4.371113533438512055e-01,4.377425103286078367e-01,4.380448269320399435e-01,4.367625839915886821e-01,4.358940277890908099e-01,4.352035311764595460e-01,4.325405631179547461e-01,4.321939751469393021e-01,4.321113731547860937e-01,4.291527853957110561e-01,4.294128634782771181e-01,4.324888735346387181e-01,4.297914333590456826e-01,4.326666202061137945e-01,4.293687834201873610e-01,4.297577725982767438e-01,4.295556136840097960e-01,4.269841976957995389e-01,4.289786714146251456e-01,4.285842889234515729e-01,4.250632927316689291e-01,4.283590696012574139e-01,4.259984710527126572e-01,4.268143450358449775e-01,4.264141168349542266e-01,4.246740695303807822e-01,4.250267258115307256e-01,4.243286932002315881e-01,4.243121728761673483e-01,4.242324951344281225e-01,4.245378349750726921e-01,4.239426238839499317e-01,4.240201769403471044e-01,4.233519856351541932e-01,4.235889844040359176e-01,4.250879212642613147e-01,4.236642249220625711e-01,4.236437482341067207e-01,4.234212654370874684e-01,4.237332952465331370e-01,4.244668023940558199e-01,4.223230371860752785e-01,4.224148361024456233e-01,4.235395917002343080e-01,4.230704472592896614e-01,4.225756245279154721e-01,4.229180051269543217e-01,4.228849221821250892e-01,4.234644307671990293e-01,4.225572236148511518e-01,4.225987426265196967e-01,4.221663840187035999e-01,4.225693622959870721e-01,4.222610146839835266e-01,4.226002913198063093e-01,4.224166774737825869e-01
8.297548677016760577e-01,8.194066899868783782e-01,7.991784208859543659e-01,7.702526967171985373e-01,7.407993582666273502e-01,7.028312957991286192e-01,6.626814241359302304e-01,6.317644636071186870e-01,5.886120939657516482e-01,5.749964359791885915e-01,5.401205039970851107e-01,5.703583825638490756e-01,5.187597237278112061e-01,5.142678821956667701e-01,5.133213673885204109e-01,5.020544705602764113e-01,4.965262422917460783e-01,4.907123474834665933e-01,4.850878473946796943e-01,4.803925645499355079e-01,4.945538153096306622e-01,4.826659386910144289e-01,4.576114012565072886e-01,4.753070978260595103e-01,4.635650630325562349e-01,4.682281900622269899e-01,4.630499475035586565e-01,4.647709903529479991e-01,4.742003532992284942e-01,4.535113502570786159e-01,4.573825876343711738e-01,4.574856109644434565e-01,4.503244262287286470e-01,4.540171149090826419e-01,4.464941481272668988e-01,4.567153295963520265e-01,4.461808972708509735e-01,4.509677330958241637e-01,4.525656579511745936e-01,4.529441698756411783e-01,4.568212725457596601e-01,4.403612632227953405e-01,4.463754734429605797e-01,4.387390988539908165e-01,4.407430055518004597e-01,4.391541284918744625e-01,4.375313571679538271e-01,4.386708497181507349e-01,4.358883627444429809e-01,4.364726606668017928e-01,4.358499279523961323e-01,4.387706796574725732e-01,4.380364856799923157e-01,4.354169455610956141e-01,4.360576481578654073e-01,4.391745428746595126e-01,4.373936137271898783e-01,4.396602120884774978e-01,4.327667871549290557e-01,4.323433679027385845e-01,4.329106313266462558e-01,4.318709100681242252e-01,4.320746600048175901e-01,4.347362735600262540e-01,4.332489748228567916e-01,4.317353320256537841e-01,4.304882138304550465e-01,4.317086177031727590e-01,4.306912917532729201e-01,4.302422944653916392e-01,4.311803248760888718e-01,4.306596376911309143e-01,4.323088608234227359e-01,4.299533448250588696e-01,4.295063497074713132e-01,4.295110159537668393e-01,4.286568090353709004e-01,4.278934451013695628e-01,4.288711411837641818e-01,4.291456799162557401e-01,4.290978352767318427e-01,4.296377205371247343e-01,4.311985370512604887e-01,4.308524222576092244e-01,4.277346400904546986e-01,4.293714238727008858e-01,4.279606494006052975e-01,4.277987566133695796e-01,4.277041738475558796e-01,4.279827844062162878e-01,4.280164241783290802e-01,4.271087654725242433e-01,4.281706310983334207e-01,4.284707515566695823e-01,4.270158460295603309e-01,4.268123432587215271e-01,4.278625629040433420e-01,4.275689412187824723e-01,4.277246036826524156e-01,4.276107844630023247e-01,4.274567538296469849e-01
8.302666224796837469e-01,8.201680726775922858e-01,8.018295432628977926e-01,7.751171472399349671e-01,7.410522065398531533e-01,6.988687170293315098e-01,6.623703137671573815e-01,6.413524305590578845e-01,5.939798214510580987e-01,5.651362528799773743e-01,5.417158087345256279e-01,5.300988205316718993e-01,5.340619653771507824e-01,5.070686982053209668e-01,5.122931284763785342e-01,5.055396456112842829e-01,4.873698181508547833e-01,5.065967631586072439e-01,5.074918875482523628e-01,4.881352472343917226e-01,4.922460081978094482e-01,4.897457687162274365e-01,4.700988654074148565e-01,4.709806095638136014e-01,4.823842843423670756e-01,4.687727258439037814e-01,4.750700509028196183e-01,4.697972409210124378e-01,4.602489169754599430e-01,4.735507352842978634e-01,4.791297146505316129e-01,4.753827222243161565e-01,4.493043391773380857e-01,4.506884239991261198e-01,4.702086077238660788e-01,4.581458215164553871e-01,4.594490667782358817e-01,4.547210116436282146e-01,4.533918185202932549e-01,4.492940894339279567e-01,4.465555252603806702e-01,4.487085510183089765e-01,4.452582425835618363e-01,4.500272487453658710e-01,4.485830630963912324e-01,4.443576155876274858e-01,4.429903283631984046e-01,4.472779633298928359e-01,4.403244372998171285e-01,4.458062091214354261e-01,4.466977003304120064e-01,4.467242732512204939e-01,4.389150343335829763e-01,4.409741648622618193e-01,4.465931318964296293e-01,4.378386230320991390e-01,4.415988473717130103e-01,4.385877684550647526e-01,4.384724638348147518e-01,4.394912362861644883e-01,4.365900758698215700e-01,4.371757546413340134e-01,4.380233233468533438e-01,4.375251563223887530e-01,4.342813626336641808e-01,4.355695233221040241e-01,4.352433148919375716e-01,4.352948486779398829e-01,4.342654942323535550e-01,4.344987775330889646e-01,4.347017950214012161e-01,4.357175130260039220e-01,4.345109097191776626e-01,4.343381855634552702e-01,4.351904526762009340e-01,4.327069146236804942e-01,4.330937040452966791e-01,4.338987459331311025e-01,4.338691557590837466e-01,4.320440470678575395e-01,4.342533616623425741e-01,4.343109712694556146e-01,4.328851394384403140e-01,4.332434156305806083e-01,4.328454560029764697e-01,4.321220387429933196e-01,4.329884199494301589e-01,4.322784093475279810e-01,4.321797484603427386e-01,4.319614686635827039e-01,4.313790355924241871e-01,4.320535189468799886e-01,4.319015440054052024e-01,4.319682633519953407e-01,4.312404048588006078e-01,4.322184554383110555e-01,4.319068595129320620e-01,4.322077732818790929e-01,4.318763497095254866e-01,4.316605788290209245e-01,4.313921476773278640e-01
8.307198473667091188e-01,8.213543076273652765e-01,8.035233836303881105e-01,7.759206146007755489e-01,7.398455567339474737e-01,7.106458083719027208e-01,6.719505667032568130e-01,6.306252504179058471e-01,5.898769821222146215e-01,5.721757363446510203e-01,5.537565488770754829e-01,5.329058867273244182e-01,5.432278369323509937e-01,5.295650028122994568e-01,5.204939441783370535e-01,5.199428857521861680e-01,5.110286811301689713e-01,5.044835238234671726e-01,4.887684145379471712e-01,4.959510534300130002e-01,4.916355954513713100e-01,4.934877150523562239e-01,4.698997758311972972e-01,4.744596702303830460e-01,4.802574351430741739e-01,4.664196783244104472e-01,4.916957002484575456e-01,4.724158961982031779e-01,4.691276534030952017e-01,4.728397933019952704e-01,4.711234866676101696e-01,4.649828435128784965e-01,4.654303239108695256e-01,4.639672620340339892e-01,4.629630759949235341e-01,4.564991788757916669e-01,4.627523688480846276e-01,4.539746209893804063e-01,4.591692954800351001e-01,4.555125839865745152e-01,4.575562115177151390e-01,4.570028310116603376e-01,4.456511011770341035e-01,4.552436949540337174e-01,4.524918512227166234e-01,4.515075488711877694e-01,4.516464448008146171e-01,4.505695928778587489e-01,4.513775061256980470e-01,4.460842598245545743e-01,4.515239470542145583e-01,4.494537377699840963e-01,4.456337215545619346e-01,4.457494745539374859e-01,4.431333754194657915e-01,4.418876097456271301e-01,4.431892218559631558e-01,4.444111149534885064e-01,4.447213906230689240e-01,4.444523372289148622e-01,4.418371812101736240e-01,4.411815900363674769e-01,4.389908244549839411e-01,4.404318771764896279e-01,4.393058705105254980e-01,4.401790061967865708e-01,4.384446612298789625e-01,4.403427193880155022e-01,4.407454229870690354e-01,4.381352891641865921e-01,4.381556260677069159e-01,4.402661253663893715e-01,4.379834901025508875e-01,4.370366610913650751e-01,4.398271631751316524e-01,4.374752286866536166e-01,4.382768935382038156e-01,4.380857649737871506e-01,4.388294257727435865e-01,4.378857928212592232e-01,4.363784338034568666e-01,4.372472830215242690e-01,4.380026115179180279e-01,4.378132011582711591e-01,4.371149140745427264e-01,4.372381121447901364e-01,4.368790209825537674e-01,4.358684104831968553e-01,4.367848072380332569e-01,4.367697668059759564e-01,4.364449977538983894e-01,4.359531106899834363e-01,4.362698968787666609e-01,4.359693840414790578e-01,4.363751191839541632e-01,4.364329991549024124e-01,4.356915137387222803e-01,4.360406304699817603e-01,4.357500423510156096e-01,4.371067437606582229e-01,4.356243895076798434e-01
8.311200372700562333e-01,8.225368375201462801e-01,8.055909706215306221e-01,7.769543630135475887e-01,7.455744368402431599e-01,7.052868485736091264e-01,6.758534660000055094e-01,6.319621556395156325e-01,6.085344100649876520e-01,5.793026651346635525e-01,5.645768702315837606e-01,5.489970706388181965e-01,5.278515385832887041e-01,5.315259045799287652e-01,5.143050926325315464e-01,5.382618321831903474e-01,5.126786437746720937e-01,5.065400620313940117e-01,4.983204495990738447e-01,4.993907555656331154e-01,4.808114160739996312e-01,5.060191143635798250e-01,4.801407881540823430e-01,4.911159737163266481e-01,4.999588480423565739e-01,4.817144516672199339e-01,4.711983342985295864e-01,4.814184559049173862e-01,4.755689298262002485e-01,4.768451494898341969e-01,4.697604885432230537e-01,4.608922786528168447e-01,4.701899109930501308e-01,4.686204989085618333e-01,4.685931241304598371e-01,4.666897208062827374e-01,4.618807078462733307e-01,4.587896144655754238e-01,4.656046347362844395e-01,4.601700779373716355e-01,4.627980797125227364e-01,4.619085898249148947e-01,4.555079708390802895e-01,4.583054624230665230e-01,4.572384631063078353e-01,4.571824838988365336e-01,4.496905107145984237e-01,4.535245663213463008e-01,4.550536868730798434e-01,4.508150886719653472e-01,4.468755277207943077e-01,4.512459005430177750e-01,4.507358327580932023e-01,4.496430976764106968e-01,4.500253127220338323e-01,4.482463912650682669e-01,4.506999333096324833e-01,4.465297342824881555e-01,4.449289272805438400e-01,4.471559867829528190e-01,4.468747260922894537e-01,4.450594140051664094e-01,4.457559403166668210e-01,4.442721292292483581e-01,4.460982642314824664e-01,4.440302722371597954e-01,4.448947750373363208e-01,4.450912885281231857e-01,4.423948665732536645e-01,4.443016451315850990e-01,4.429056243963686024e-01,4.432806670532947191e-01,4.442646857466047705e-01,4.423540080500160121e-01,4.417911861116351480e-01,4.419045091158436134e-01,4.427641950994534170e-01,4.423382559272646120e-01,4.407621983875036342e-01,4.421718885201580407e-01,4.425001783927950960e-01,4.400112506919995337e-01,4.412052845375235566e-01,4.409083096085026354e-01,4.408343318873733652e-01,4.400823665714330701e-01,4.413405685844526416e-01,4.409810999729001924e-01,4.407924825582161255e-01,4.400809986966938703e-01,4.399401397477065156e-01,4.394658814928614210e-01,4.399121124841763320e-01,4.397179921459627994e-01,4.405003335308343426e-01,4.402812834506411588e-01,4.401288307032084068e-01,4.399858185924784837e-01,4.395180989648787562e-01,4.393548872208437039e-01,4.399752559868488344e-01
8.314720723799348123e-01,8.233568050023749585e-01,8.066123687854639401e-01,7.804563940615665274e-01,7.556164940853818957e-01,7.169717698783310000e-01,6.753507701181240552e-01,6.429870170896502257e-01,6.106726505338286870e-01,5.910098976240117929e-01,5.795507700249766803e-01,5.637162408162396110e-01,5.561888252232674024e-01,5.393135718096976339e-01,5.254252209014438346e-01,5.241909955472595639e-01,4.973751914163710985e-01,5.103761917580876828e-01,4.961426762236157972e-01,5.041497647439864283e-01,5.000945374516454489e-01,4.922033670289027718e-01,4.995963664085392164e-01,5.049102528497777520e-01,4.878573165285109980e-01,4.870716382264623223e-01,4.759707618491228476e-01,4.775402609085003802e-01,4.760700026225814230e-01,4.701851753669399336e-01,4.722142177818818842e-01,4.717305346669869448e-01,4.742593691368683362e-01,4.723083014630986565e-01,4.749852226932462229e-01,4.710796521355849475e-01,4.637770498658757568e-01,4.681745941263833477e-01,4.662097722911587305e-01,4.649459381693286097e-01,4.630922013105671642e-01,4.648691930197166866e-01,4.603599927026006400e-01,4.566632818901139035e-01,4.576078374063898280e-01,4.585573025864723706e-01,4.644991141642024757e-01,4.542813244932094596e-01,4.546205882468238868e-01,4.604497967700970640e-01,4.534158867347828359e-01,4.543799933610969122e-01,4.540086645551478783e-01,4.560222680660078742e-01,4.489008021427219330e-01,4.524442730745986685e-01,4.505434760835622665e-01,4.501637941804854659e-01,4.495403843530851873e-01,4.509715116225079812e-01,4.529689049110618426e-01,4.497930332935936582e-01,4.478097288289099032e-01,4.485754263515836504e-01,4.472935770805686051e-01,4.487318646430284996e-01,4.478535613109646540e-01,4.467972495209744377e-01,4.472695741570366645e-01,4.469631916630993351e-01,4.450388588382734878e-01,4.452829343712483290e-01,4.458369165995897387e-01,4.451715067018757743e-01,4.446076237029082390e-01,4.458558461085171953e-01,4.460571029963347200e-01,4.456906797102937468e-01,4.448323621178171816e-01,4.453754950240009780e-01,4.444908796074503732e-01,4.447389692633296199e-01,4.444039888489303425e-01,4.452458217515032346e-01,4.444000934819806181e-01,4.444922805842230762e-01,4.445297390164429929e-01,4.440515024498815078e-01,4.439114046073659448e-01,4.432370217779030841e-01,4.436091159108002668e-01,4.442604347866095926e-01,4.433126697605148103e-01,4.430357099687109446e-01,4.430179871218521970e-01,4.428984170004521825e-01,4.437794227460731267e-01,4.436489629971640536e-01,4.435170639195190057e-01,4.431596390267927288e-01,4.436624877309315318e-01
8.317806194222279181e-01,8.247648099498351426e-01,8.091228519238842232e-01,7.809987409697715099e-01,7.565152445044966978e-01,7.200471503615872848e-01,6.751274204187428518e-01,6.503684681876079621e-01,6.103989879322723189e-01,5.963985098857939038e-01,5.804552285535446998e-01,5.563845110520891923e-01,5.388868540278405339e-01,5.375713354130610133e-01,5.152934498893355642e-01,5.022916661034531050e-01,5.113622373180005676e-01,5.027575633519512088e-01,5.033032922182405500e-01,5.159067501103988818e-01,4.827658771282397621e-01,5.032252422245413470e-01,4.742846535540685138e-01,4.893544806227692057e-01,4.972691224026551948e-01,4.824636959005107473e-01,4.831663411695470978e-01,4.723722573324636298e-01,4.810257616988746765e-01,4.763915799808494667e-01,4.820788431778357808e-01,4.787536952688551950e-01,4.790179286658106661e-01,4.715603457864081527e-01,4.601063108186552730e-01,4.836076182438449611e-01,4.715134233021395227e-01,4.602102945135338463e-01,4.770506370933516593e-01,4.738827230947790792e-01,4.698065773155146729e-01,4.645689827147391204e-01,4.608549630164627264e-01,4.618340781540203333e-01,4.635882961263647073e-01,4.592396640253947893e-01,4.641465207133228521e-01,4.608558740034662815e-01,4.587077424412956406e-01,4.622398723077714711e-01,4.590673596470625784e-01,4.596953320605665083e-01,4.571429713370950831e-01,4.609844469034662384e-01,4.551281286811017512e-01,4.574162331776767676e-01,4.537705802342379413e-01,4.532388381803953425e-01,4.557264283312065234e-01,4.531860997752357179e-01,4.521136858365295552e-01,4.535137061454688201e-01,4.507121211257876237e-01,4.525081555904912345e-01,4.518770887577999718e-01,4.526700366708452106e-01,4.531680295291348193e-01,4.501284625712769216e-01,4.512089880204820380e-01,4.495090107903951804e-01,4.501578846779801246e-01,4.500910899994367553e-01,4.483667050934363463e-01,4.490917396090560731e-01,4.483631622012591578e-01,4.492696944233068868e-01,4.498030799506989030e-01,4.480124524507039241e-01,4.487525636471303980e-01,4.472975264791092531e-01,4.482795363690675328e-01,4.495313998369864783e-01,4.476427209546716135e-01,4.476114836938899222e-01,4.473759924041463831e-01,4.472542116966284897e-01,4.475171430640225156e-01,4.472971024792466999e-01,4.470496163319570559e-01,4.468011425340642218e-01,4.472043314663974867e-01,4.464737745777073163e-01,4.471882593022634689e-01,4.469145609948367848e-01,4.466720359203765200e-01,4.469104802842254753e-01,4.468161659651407325e-01,4.463200553585982000e-01,4.462206650285001630e-01,4.460308540181902037e-01,4.464152667872939295e-01
8.320496976832566505e-01,8.248031317808707241e-01,8.095504427508407597e-01,7.866700168994767983e-01,7.533751256621318282e-01,7.197008182227183637e-01,6.868417749868790390e-01,6.426538732963904543e-01,6.161172949127484699e-01,5.813041953375267523e-01,5.832716160518195414e-01,5.503269810320330357e-01,5.404202154294224236e-01,5.362547834122269874e-01,5.400056355373131778e-01,5.176050074992979422e-01,5.111882078933399631e-01,5.047393402800759432e-01,5.048903255574469506e-01,5.056733831865587447e-01,5.119550502250669322e-01,5.018832749391980430e-01,4.946253993943332539e-01,5.140477858137508793e-01,5.007023454771332149e-01,4.908782255205633716e-01,4.945924526934457610e-01,4.830017221372658875e-01,4.896421169981145516e-01,4.750050354366774918e-01,4.898207280811012754e-01,4.933762322567942227e-01,4.743662006713657564e-01,4.812907761995030009e-01,4.751835818388475685e-01,4.790635036630352950e-01,4.828330290807754666e-01,4.740759127871008727e-01,4.680049924575752085e-01,4.780088232147540750e-01,4.681170378110759422e-01,4.652629843089903239e-01,4.704735053729904859e-01,4.703092901302899365e-01,4.637790475962359493e-01,4.681372257303721973e-01,4.622322845939237368e-01,4.607885948228302997e-01,4.601896147529889181e-01,4.616333016083870588e-01,4.607206763219413581e-01,4.647099760333203711e-01,4.571803396511767148e-01,4.609248562427907814e-01,4.554470227670057714e-01,4.586132234566661636e-01,4.612595713797535968e-01,4.553107675230556595e-01,4.586876961495269245e-01,4.589262157260444175e-01,4.560533605898812737e-01,4.536447667307280107e-01,4.557296918849936262e-01,4.540977714960901523e-01,4.547734983971929990e-01,4.545513139377498901e-01,4.556440244622158020e-01,4.513049450771800530e-01,4.546844700300958775e-01,4.540971142601674670e-01,4.537740550233606007e-01,4.527302379026494350e-01,4.539439244373535409e-01,4.530700464019289386e-01,4.522885782003418509e-01,4.528843427947140121e-01,4.516197235487745543e-01,4.513618131711051307e-01,4.515776180837126064e-01,4.503914067548003275e-01,4.497250910245079170e-01,4.511087448931144772e-01,4.509622695177635254e-01,4.504952735853305357e-01,4.504995909761647099e-01,4.513527986001112380e-01,4.518303179111822221e-01,4.504110384047790849e-01,4.502481360210647821e-01,4.507348407081652186e-01,4.492202257276478039e-01,4.517189331675514063e-01,4.499773634223159235e-01,4.494151625977805264e-01,4.499488686202994248e-01,4.495498963119841096e-01,4.496504846875679640e-01,4.500570739156898314e-01,4.496400125113284019e-01,4.492587327598525082e-01,4.494376812091575579e-01
8.322831204832739083e-01,8.256880522495549934e-01,8.111354350550087355e-01,7.874994280447844552e-01,7.585548705986093765e-01,7.282809902439774108e-01,6.869191493935972170e-01,6.541845855685423095e-01,6.256154116045606894e-01,6.001483463040833133e-01,5.795482670271225878e-01,5.661061396584077254e-01,5.421396065264582065e-01,5.324187942468792123e-01,5.194493046981261131e-01,5.425108466759160919e-01,5.238193274780363895e-01,5.045862457419305613e-01,5.309294481687580891e-01,5.009749103559972827e-01,5.152697057595352348e-01,5.029078239612830847e-01,4.993128357561300024e-01,4.980934768295796067e-01,4.932530117653415314e-01,4.870897088578052814e-01,4.973529540277132899e-01,5.018286509665909056e-01,4.861871735985947574e-01,4.830587790366399625e-01,4.901643555187173984e-01,4.877073963042976024e-01,4.839956610193979492e-01,4.855416028640987536e-01,4.805894514925641015e-01,4.747647851645872552e-01,4.837001817145749061e-01,4.722730619339137181e-01,4.674157734668726305e-01,4.722208571940288979e-01,4.742536051040379674e-01,4.727951735579098425e-01,4.654557888486432482e-01,4.776487786839236360e-01,4.731809791390456099e-01,4.662431016424896102e-01,4.655187184104072062e-01,4.646194689231340491e-01,4.694905796658559449e-01,4.646357879064485497e-01,4.654405261797266991e-01,4.665314411696712682e-01,4.656394842123514066e-01,4.641028826543515673e-01,4.629134590763033241e-01,4.610590923970658839e-01,4.603696021074593081e-01,4.609560955262410609e-01,4.583620017199663832e-01,4.560412606346738174e-01,4.601780685691299611e-01,4.594109513107395015e-01,4.571447291580330585e-01,4.593944594636166778e-01,4.584402585046345457e-01,4.565797723646658479e-01,4.558453925358098568e-01,4.580994390041731035e-01,4.548726302066878890e-01,4.574702222217142400e-01,4.560489639704431997e-01,4.563132069524486467e-01,4.561874216408401406e-01,4.560353694266273683e-01,4.543076349871297825e-01,4.541736002010675066e-01,4.537100675854046639e-01,4.541786206919428692e-01,4.542776963640329235e-01,4.544124473083232529e-01,4.548644393223031379e-01,4.541537094270700070e-01,4.536316685784767544e-01,4.535898126714744127e-01,4.530430872481349680e-01,4.543846788252159374e-01,4.532904722188151880e-01,4.532907878386732148e-01,4.535251688263465253e-01,4.531754484179074116e-01,4.531209565860828681e-01,4.529410075354381449e-01,4.529893516287616384e-01,4.534964308230766683e-01,4.529619130751699196e-01,4.526376540243599589e-01,4.525230399157246786e-01,4.525458250163686968e-01,4.529616877803164798e-01,4.539538765399415143e-01,4.524097906622793763e-01
8.324844178051435950e-01,8.264358928689108374e-01,8.127042686900952662e-01,7.887522565710660682e-01,7.616261668474433311e-01,7.242430830814299281e-01,6.882609735540421436e-01,6.631034086465683597e-01,6.288870595690536636e-01,6.129768282420532399e-01,5.811066090297729581e-01,5.574023523857263296e-01,5.463565301863642087e-01,5.352899938174708883e-01,5.338502216071500106e-01,5.071338237890037348e-01,5.253927697670994768e-01,5.116370339076079521e-01,5.179319496734081651e-01,5.041220951559441943e-01,5.035083813280000209e-01,5.185618534899482102e-01,4.946095987725239729e-01,5.081473884260724327e-01,5.069176214721207163e-01,4.870319544958139901e-01,5.027985277739929204e-01,4.891835202258738580e-01,4.902165600511850241e-01,4.822908756575914335e-01,4.805080833002580709e-01,4.891163603679464233e-01,4.831739688471726191e-01,4.830129638400636471e-01,4.795673095066792513e-01,4.807619052531508230e-01,4.802342483644019278e-01,4.773499877076005649e-01,4.802666005186466691e-01,4.703276460744726384e-01,4.732518572345816299e-01,4.672052404963706329e-01,4.719561711426216166e-01,4.741268259198069823e-01,4.695141214643407945e-01,4.699834644314183629e-01,4.718766970233191915e-01,4.634539435274662167e-01,4.699228579467708000e-01,4.678965296356601411e-01,4.671879608170251275e-01,4.647732629128584758e-01,4.682572854266277562e-01,4.625649254790906717e-01,4.621174326242477592e-01,4.655151287189393527e-01,4.679058771774866621e-01,4.602459499799692599e-01,4.644347197064165877e-01,4.648023130888485621e-01,4.629757032207726386e-01,4.630424171370539632e-01,4.602813551656882995e-01,4.615100436822154872e-01,4.609686072424293846e-01,4.589273249780882469e-01,4.597950435522550894e-01,4.615214547354344332e-01,4.586525740892896663e-01,4.589098197305359617e-01,4.585818544343299163e-01,4.591502220352205454e-01,4.582755893196853725e-01,4.576838453461569700e-01,4.568257814593622568e-01,4.587310797993061628e-01,4.570503751756722077e-01,4.560967795448733764e-01,4.578573642960362955e-01,4.572852902433817701e-01,4.578550639131016564e-01,4.555749150610586273e-01,4.564159966466727059e-01,4.564464316997235427e-01,4.572521089798828320e-01,4.562974625281729368e-01,4.563284159638685278e-01,4.560907391189770732e-01,4.561980473629320687e-01,4.566043052979191219e-01,4.554687803342815089e-01,4.556779536555384813e-01,4.554284157437030189e-01,4.554112804543648529e-01,4.551471552478609794e-01,4.557800944290451572e-01,4.554435292472478469e-01,4.554601791121451471e-01,4.556151723698733669e-01,4.559464321891741334e-01,4.555006797993959577e-01
8.326567000895641613e-01,8.272541643583756210e-01,8.137285198665498154e-01,7.897128200147409682e-01,7.609889659803695805e-01,7.285477914684626022e-01,6.875099367100770964e-01,6.503421064721409683e-01,6.308742457483866861e-01,5.957170147869209620e-01,5.724468955742771925e-01,5.645958990705508551e-01,5.686096062531834638e-01,5.414291852450052733e-01,5.465333907763908483e-01,5.441133566797833332e-01,5.110677051722096742e-01,5.215350963985087018e-01,5.177266441974953670e-01,5.110395489299731642e-01,5.022594247328169281e-01,5.123390314667181089e-01,4.961070656640771404e-01,5.014364797366926974e-01,4.996930496786307629e-01,5.040537372385621717e-01,5.108899535617670296e-01,5.092505708801293718e-01,4.913463944278801399e-01,4.907805588706450894e-01,5.019841117562381383e-01,4.890473950329983222e-01,4.796427148809974117e-01,4.837622026197055947e-01,4.810562143926261913e-01,4.822666783085668984e-01,4.896296467840242084e-01,4.845305601969291387e-01,4.814043557121637229e-01,4.797900389578205749e-01,4.856602892955460549e-01,4.738735416978531734e-01,4.769485493292232592e-01,4.759046274270019583e-01,4.719350508412379908e-01,4.708577826799751342e-01,4.722663141118448316e-01,4.706083964434683020e-01,4.705596292952502480e-01,4.736716070202133810e-01,4.656713040009685667e-01,4.718958123619063638e-01,4.652626696543705198e-01,4.682016796127846381e-01,4.679255625847696387e-01,4.649506333431888683e-01,4.657170449001986623e-01,4.656323067141276972e-01,4.676992275449600722e-01,4.679091074374744363e-01,4.641173049903183356e-01,4.632285854729089047e-01,4.658395523868854582e-01,4.641134523563215653e-01,4.607652107045385748e-01,4.626511198029534255e-01,4.644143561961287525e-01,4.625482776822575359e-01,4.606964586380674076e-01,4.613586877191546143e-01,4.615277043200460283e-01,4.609998903170170470e-01,4.588734842923101187e-01,4.605972150967808654e-01,4.615949169673383978e-01,4.601159420311470294e-01,4.595919640243383841e-01,4.597612959309867464e-01,4.612775990184882491e-01,4.592354749946690462e-01,4.606276709334095054e-01,4.611533398531977301e-01,4.603157573112603984e-01,4.589131268916184503e-01,4.589385549604198533e-01,4.594166384829803662e-01,4.587903667718561951e-01,4.582267077238169062e-01,4.588829100696092400e-01,4.587805496948131334e-01,4.580044324204078365e-01,4.585434772087745858e-01,4.581406868121044584e-01,4.583532714936919272e-01,4.577482241903503279e-01,4.578092586490225546e-01,4.580676651675355537e-01,4.575070964816677632e-01,4.575778219073577957e-01,4.575401438433722712e-01,4.578867797474683310e-01
8.328031456041380398e-01,8.277923731374897676e-01,8.144992101791062034e-01,7.940295037484031981e-01,7.608523787029679575e-01,7.272813726488105424e-01,6.974939609880697056e-01,6.526344665373156051e-01,6.372923247585857709e-01,6.116559732004034355e-01,5.785927964228193554e-01,5.749800173835057926e-01,5.472150976637619735e-01,5.527858581963408513e-01,5.266210369500096133e-01,5.231757840439444918e-01,5.431269307424949622e-01,5.191476450128900133e-01,5.237077421948430622e-01,5.168146094579096905e-01,5.046048726413058239e-01,5.098172349380830637e-01,5.188953070973127968e-01,5.137025509174408811e-01,4.989636992029996554e-01,5.062430851361447992e-01,4.897596704651378530e-01,4.838310367140475354e-01,4.936083070156334629e-01,4.959640292459507327e-01,4.917870046095840220e-01,4.936020047285026857e-01,4.890050883552284344e-01,4.874276001143321713e-01,4.906108106078779230e-01,4.798326268736841649e-01,4.871132863845843430e-01,4.811905057039794764e-01,4.791235342626457561e-01,4.826171663978408577e-01,4.770591699630445937e-01,4.737401511989761116e-01,4.825063100440843411e-01,4.804695500623704096e-01,4.760754898525355605e-01,4.727190975442078225e-01,4.734451788291448859e-01,4.714958457954662729e-01,4.745497471039564763e-01,4.717355105439085539e-01,4.728459236080199690e-01,4.750122405874738774e-01,4.667396595358668798e-01,4.690146702030228432e-01,4.661717733126336527e-01,4.710646719518363224e-01,4.685719093679839853e-01,4.695146777512394509e-01,4.684138244993616418e-01,4.669059898592644031e-01,4.659399680173891278e-01,4.667504192457441747e-01,4.683376056724404268e-01,4.659725285368894188e-01,4.642565401086461985e-01,4.688448215362484572e-01,4.654308014184808107e-01,4.646088269574323859e-01,4.631082347366763940e-01,4.635753352269681438e-01,4.620721006406923737e-01,4.635653116075592051e-01,4.625756567867936875e-01,4.618968409953481680e-01,4.627126296817835605e-01,4.629413303117056455e-01,4.631546711277138018e-01,4.629765027551877021e-01,4.617881464717188966e-01,4.628364369408966006e-01,4.617107944253834306e-01,4.626981630836320414e-01,4.620912151216823860e-01,4.621836613528211291e-01,4.607448850462923517e-01,4.611954515534844590e-01,4.619970898385147295e-01,4.609994169009906662e-01,4.604269701621179212e-01,4.600345133209435278e-01,4.607146297498364573e-01,4.607607139758245207e-01,4.602788811862753571e-01,4.630580640285454352e-01,4.601772020401966867e-01,4.606436168701367739e-01,4.614269019644949843e-01,4.603816258384474946e-01,4.604038973284727554e-01,4.608967998288504564e-01,4.599930645198599399e-01
