4.973232364097895198e-12,4.973232364097895198e-12,4.973232364097895198e-12,4.973232364097895198e-12,4.973232364097895198e-12,4.973232364097895198e-12,4.973232364097895198e-12,4.973232364097895198e-12,4.973232364097895198e-12,4.973232364097895198e-12,4.973232364097895198e-12,4.973232364097895198e-12,4.973232364097895198e-12,4.973232364097895198e-12,4.973232364097895198e-12,4.973232364097895198e-12,4.973232364097895198e-12,4.973232364097895198e-12,4.973232364097895198e-12,4.973232364097895198e-12,4.973232364097895198e-12,4.973232364097895198e-12,4.973232364097895198e-12,4.973232364097895198e-12,4.973232364097895198e-12,4.973232364097895198e-12,4.973232364097895198e-12,4.973232364097895198e-12,4.973232364097895198e-12,4.973232364097895198e-12,4.973232364097895198e-12,4.973232364097895198e-12,4.973232364097895198e-12,4.973232364097895198e-12,4.973232364097895198e-12,4.973232364097895198e-12,4.973232364097895198e-12,4.973232364097895198e-12,4.973232364097895198e-12,2.546294970418122684e-12,4.973232364097895198e-12,2.734063405978782817e-13,4.271974071841847394e-13,1.119872371088909735e-13,1.613906173804330554e-15,1.503067252975264210e-14,7.098034416949347214e-17,7.029552803973819123e-20,6.961731899448014657e-23,8.105842774690068209e-91,2.030684202530111546e-59,1.160523219584002149e-48,5.697116953586071060e-39,2.974033816955619004e-33,3.753758414402409947e-30,1.156716117486902307e-26,8.026330416181094914e-25,4.455508415646729475e-23,2.655689964083867000e-22,3.864537523017302353e-21,4.498913794543244744e-20,1.022934564967554544e-18,3.902185687895027377e-18,1.190852565885933317e-17,5.678427533559478018e-17,1.386334847060419145e-16,4.230758200257625475e-16,3.384606560206100577e-16,3.152160495711582353e-15,3.152160495711582353e-15,4.925250774549347402e-15,2.348542582773849775e-14,1.878834066219079946e-14,1.878834066219079946e-14,1.878834066219079946e-14,4.586997231980175268e-14,8.958978968711278638e-14,1.202453802380211305e-14,4.586997231980175268e-14,2.935678228467312298e-14,7.167183174969022910e-14,1.119872371088909735e-13,1.119872371088909735e-13,1.399840463861137043e-13,1.119872371088909735e-13,1.399840463861137043e-13,1.399840463861137043e-13,5.733746539975219085e-14,1.399840463861137043e-13,8.958978968711278638e-14,8.958978968711278638e-14,7.167183174969022910e-14,1.749800579826421114e-13,1.749800579826421114e-13,1.399840463861137043e-13,1.119872371088909735e-13,1.749800579826421114e-13,1.749800579826421114e-13,1.749800579826421114e-13,1.749800579826421114e-13,1.749800579826421114e-13
2.584139912410553062e-11,1.949348576033937269e-11,2.413371978250149514e-11,2.382615192711723432e-11,2.671439558660264840e-11,2.814503458470045195e-11,2.281121752591362179e-11,2.387899009886229493e-11,2.160033864680118438e-11,2.923590717449192446e-11,2.699174885943052634e-11,2.557219453232213301e-11,3.217309329283263112e-11,4.107979936386045557e-11,2.978100022286952298e-11,4.735937421350707663e-11,3.419400824414757339e-11,2.984945044885023517e-11,3.557123448957669534e-11,3.238260750170329257e-11,3.554693004091520408e-11,2.756248930434048690e-11,3.912454750350574118e-11,4.149243405543681083e-11,4.410073713543006869e-11,4.442782779263000338e-11,2.043963197012309593e-11,4.746024935339140848e-11,3.527867477540844779e-11,6.834508348303236461e-11,6.313120728622575129e-11,3.658345353509846043e-11,6.628374972373155893e-11,6.736824853008294590e-11,6.418198075844403372e-11,6.927635292598780817e-11,5.173387280756520483e-11,3.975448683445686469e-11,2.363493346568375449e-11,1.017846971797189469e-10,5.957139208219658509e-11,8.247521784854448484e-11,5.081612003314620127e-11,6.485288808815603788e-11,7.458573360338242266e-11,2.516231672539136214e-11,2.256178521583955613e-11,2.754415599199341447e-12,5.485712531283990268e-20,6.457712906502722476e-14,2.352795461296427003e-64,3.774333109508503767e-42,1.055270573701934434e-35,8.494872297882094730e-25,1.790604984565284096e-20,1.850055415936801586e-19,3.726252770821209180e-16,5.400975150339195733e-15,3.936645406131179187e-14,2.797283508960355905e-13,1.065949271030379327e-12,3.157073044464799904e-12,4.710017368133495639e-12,8.504890898357263568e-12,1.372728291769664316e-11,6.090348884051614039e-12,2.580787957017216101e-11,3.172195822468793647e-11,3.483348102366383160e-11,2.227177837988463168e-11,3.022172017946797275e-11,5.496093863245930623e-11,6.088733111491562695e-11,6.654151604122040669e-11,6.462410203837097799e-11,7.317001755643561689e-11,7.456858180856873442e-11,8.229443043224333810e-11,7.523297366390810896e-11,7.113019126537891910e-11,7.477990253892145002e-11,8.319529742329557785e-11,8.148708914033483661e-11,6.313662323429243014e-11,9.018506885944036927e-11,8.531190049139906233e-11,8.951948201879595043e-11,9.220512658028912144e-11,9.585281681618309850e-11,8.207352013199430596e-11,1.030562618171071916e-10,8.732390257017401202e-11,1.002699777812894847e-10,7.772880813575835184e-11,9.388952848335302333e-11,7.906576809054407309e-11,9.237780557362549645e-11,9.000919951234182022e-11,1.073555382263140444e-10,9.392269142829603276e-11,1.006475316583421015e-10
6.534069091029775124e-11,2.999930121278611554e-11,4.300232866225231416e-11,8.426704059033312904e-11,6.316308328698697331e-11,9.559121454787711323e-11,5.222375044372751542e-11,7.181505827752481550e-11,5.680866942918110616e-11,8.155711804464250246e-11,6.286212453003965697e-11,1.324171483565455029e-10,6.940016006388661224e-11,8.320436637700363697e-11,1.267674410131981658e-10,7.300370621912077783e-11,8.892871709789227543e-11,9.111488136264996766e-11,1.028315504212498937e-10,7.548245305405502019e-11,8.848989433345730054e-11,7.951495912443229337e-11,1.484562495641679352e-10,1.270691139645684417e-10,1.423166528647552004e-10,1.351106715802043522e-10,1.222415057635812468e-10,7.187711572894709560e-11,1.615947568711945441e-10,7.098137583430825558e-11,5.522957943416558598e-11,1.669896151769994619e-10,9.681586255311384313e-11,8.540252895059552946e-11,5.369421460593868576e-11,5.816931766571854789e-11,1.982923400469036235e-10,1.477091542800249253e-10,2.099732148719312456e-10,1.571726394034642359e-10,1.701721078355846644e-10,1.100755432916993383e-10,5.748039973923146993e-11,2.222017697307504551e-10,1.614721798871062388e-10,9.427631232377502257e-11,2.213775626020340088e-10,1.532079560799070587e-10,1.237227189006056282e-10,1.382827541936081491e-10,1.221707964827203982e-10,1.262251969807355577e-10,3.326635918174260884e-11,1.861807960392282822e-10,1.603444623878188378e-10,3.301112277286804899e-10,3.955197311563602721e-10,4.105967782656534454e-10,4.872372802069164862e-10,4.905652508638237089e-10,5.100397458564811386e-10,5.377996324959740195e-10,5.607251587739973923e-10,6.057272840369467403e-10,5.946039932141350547e-10,6.128489896103122737e-10,5.846155583315904198e-10,6.136707812364556954e-10,6.646834790413321190e-10,6.836669653743665411e-10,6.678168581263241890e-10,6.961360335117937739e-10,6.458439627730946477e-10,6.576971909418538056e-10,6.891673707199166682e-10,6.777186432022772852e-10,6.996467321272569384e-10,6.923733538781810788e-10,7.045654978450130318e-10,7.357059423704899910e-10,6.926585201796177085e-10,7.164875331125299251e-10,7.131722050235020923e-10,7.358142684284710512e-10,7.332916570356745181e-10,7.216984259098973442e-10,7.324683541324870612e-10,7.182012870014217024e-10,7.492251742268542570e-10,7.560734188334799048e-10,7.573368990070112787e-10,7.504443574793559181e-10,7.395674047764635188e-10,7.509005753247588007e-10,7.542620360128667434e-10,7.494315211898371844e-10,7.520772627523294899e-10,7.628052218597013487e-10,7.506050355236613335e-10,7.437709157264126939e-10,7.645632180755981855e-10
1.564944712588794559e-10,1.542622303076883373e-10,8.953469464072284056e-11,1.452490130035661386e-10,1.165478749550550852e-10,1.277196759814335884e-10,1.233483652300565307e-10,1.428808022938273098e-10,9.918486348576427973e-11,1.549968353499024879e-10,8.428759434561784551e-11,1.165066443393322815e-10,1.967916082582883328e-10,7.696548719047929276e-11,1.556627734990364609e-10,1.160103924745378805e-10,1.816644680257573608e-10,1.368212795195214537e-10,2.208994436246291829e-10,1.188854476053107175e-10,2.357879135219406377e-11,1.306304582554585618e-10,1.715723605453590411e-10,1.025301065236247440e-10,2.526688712423076640e-10,1.017435421196681078e-10,2.062265885259377086e-10,1.358782376585895039e-10,1.399029002265650767e-10,1.337577398316733977e-10,8.064564825661729706e-11,3.913957868933749244e-11,8.137202981492118922e-11,1.616854407010196368e-10,7.884048838475654131e-11,1.688996318644360841e-10,1.450880241136296035e-10,1.386077753295762744e-10,2.095681706594306817e-10,7.160937900741999971e-11,2.205864261842002261e-10,7.765263982682102449e-11,7.674320966344648760e-11,1.769641371031631540e-10,2.219291721457828959e-10,1.464879613263567003e-10,1.355535380708370594e-10,1.924148841602226741e-10,2.133923541556024971e-10,1.386180123673061370e-10,1.655818601510360190e-10,6.391711697816131431e-11,8.553776557860510152e-11,1.784826357605299301e-10,1.925251663950369498e-10,8.868756479004244759e-11,1.958927762294157590e-10,1.796266374292899568e-10,1.576262224494194854e-10,1.776117272658392693e-10,1.500175261042875156e-10,1.704681382596991484e-10,1.211850179283290168e-10,1.117381400806522091e-10,1.389045401101401230e-10,1.340623264630275945e-10,1.096328728540574723e-10,1.300733122584295461e-10,1.021649638717605308e-10,1.258767655867390828e-10,1.005578612667619339e-10,1.033968702148816731e-10,9.089478058408005214e-11,7.483427455445499017e-11,5.841642717481663743e-11,1.855233901323621086e-11,6.162465629771864794e-12,7.857573852781279509e-12,4.694410059157520768e-11,4.819313735682567192e-12,7.219940727556755620e-18,5.142744526854370647e-106,7.049188255846965231e-15,2.612481271653782286e-02,7.328204551396894778e-03,1.051648579104679586e-05,3.152006276387639416e-02,3.396720829558346703e-03,9.981851891246609852e-04,9.236806128170893570e-04,8.274428398726158332e-03,3.077285073808826588e-03,6.338168713573020044e-04,4.192589145883600377e-02,1.400843124780239320e-02,2.335810778844131345e-03,6.090189872662008820e-03,2.504826339875456699e-03,3.403944813340024998e-03,2.501758124604697847e-02,4.475750506275147367e-02
1.295354611321927511e-10,1.956514000198305159e-10,1.768666825638863511e-10,2.104434695311832117e-10,5.539503244482473550e-11,3.864474325531840767e-11,2.565153183822707748e-10,1.323685535860278042e-10,2.210673521078537426e-10,2.347881607930761258e-11,1.635973072445816283e-10,1.089658124154521724e-10,9.333946263060086588e-11,1.733224223088859310e-10,2.286335000611185344e-10,1.648490517824380057e-10,4.556260265830938192e-11,1.993558377634591333e-10,1.684157623876513129e-10,1.023926856649825147e-10,1.880856389698540130e-10,1.395412910597498850e-10,1.607507636535094370e-10,1.366567021679880190e-10,1.440400768078040291e-10,8.447438132304028809e-11,8.748732448179410674e-11,8.735257123822681949e-11,1.653504010900329439e-10,1.530494682638252568e-10,2.402292839123433933e-10,3.557906410151784751e-10,1.817819541649938604e-10,6.765280135568802695e-11,1.875597206689271219e-10,1.684368820066556877e-10,1.367865214258140728e-10,1.185492415968484632e-10,2.048651682591719856e-10,2.860203335852471531e-10,1.891801014115846387e-10,1.923289652962814518e-10,4.288659743778777175e-10,2.127913315960311122e-10,1.214616799716537098e-10,2.001138724002048504e-10,2.170423714003061342e-10,2.368322937958517641e-10,3.985279983785742649e-10,3.465243477230313013e-10,2.452931120798683984e-10,2.857822928071669509e-10,3.254936226998849243e-10,2.098704684632000048e-10,1.455340650404427225e-10,3.934254595653877208e-10,2.471757105030548897e-10,3.444753342652177214e-10,3.809928740063690184e-10,3.579217903236689520e-10,2.701725460371120968e-10,4.230841631980846895e-10,2.961784312426486610e-10,4.159664270740755730e-10,5.116406713541332195e-10,5.044931379423463608e-10,4.630453250941961510e-10,3.972848244361335013e-10,5.108978288847159108e-10,5.666244714658575290e-10,5.141039234863875091e-10,5.818565375558766989e-10,6.374386956381558847e-10,1.094522698626729526e-09,7.865904315896649712e-10,1.169375678141452484e-09,9.505431432514687672e-10,3.220680756196305246e-09,3.456419526794912649e-09,1.277536784100629024e-09,4.606523059351138108e-05,2.726242200092033469e-03,7.705614947914858973e-04,3.246919470555746298e-03,3.413396393445951131e-03,6.386507945018354837e-03,3.900882702934874852e-03,6.769921032574030204e-03,5.651449631233354011e-03,8.261140930978799410e-03,7.352030555621156573e-03,1.021175173526619670e-02,1.041361020858224198e-02,8.076453113724903557e-03,9.600650782787710155e-03,1.093501341414398163e-02,1.071861854259299231e-02,1.212341817282978906e-02,1.131219067757200519e-02,1.337386785662398291e-02,1.273797050318995969e-02
1.940994675545892030e-10,1.896002853580881153e-10,1.140435692716038623e-10,1.193085892001355019e-10,2.459352013362766762e-10,6.445620007631695634e-11,2.614745294682162800e-10,2.567345337700720642e-10,2.848063299523189938e-10,2.808836512906843838e-11,1.901425180992746709e-10,2.738543704035660200e-11,1.803406475909181708e-10,1.939412756517600296e-10,1.819931241448985755e-10,9.304166592116296822e-11,2.788597262683442576e-11,1.435089745589272514e-10,2.505219348255126251e-10,1.892551817212177206e-10,2.591103416899052923e-10,2.367552952058531461e-10,1.084512018930740265e-10,1.480169723883525927e-10,2.679051395831831929e-10,1.350228742219730459e-10,3.249101541514780094e-10,1.776822567221388182e-10,2.971644996088368068e-10,3.693166499142297351e-10,1.128081094252541570e-10,1.153189728886780500e-10,2.340960708163701545e-10,3.439793442677542480e-10,3.471288376486698035e-10,3.716931665287188711e-10,4.068268845474600954e-10,2.962833380207313026e-10,5.232565689052329040e-10,2.227949786195266439e-10,4.966166285491190725e-10,5.130592082208788257e-10,2.326522045442873747e-10,5.877018440345504571e-10,7.938938588542876076e-10,6.352863973382227193e-10,3.366095512159072656e-10,6.433427768638564291e-10,6.363607466591684601e-10,6.269593977449374111e-10,9.121527343279693969e-10,5.850619852846035831e-10,1.324218987093158341e-09,1.064440487207150195e-09,1.360583763556216202e-09,1.205160542761103996e-09,1.638424882238841709e-09,2.017627298433357720e-09,3.331470548342657662e-09,2.663701228354437612e-09,3.048176695304575298e-03,7.872151105521880271e-03,2.330920694800744930e-03,5.996743415054208576e-03,3.671238777230467331e-03,1.041838277455433073e-02,7.824466702701900547e-03,9.321496700331064270e-03,1.190450826604917862e-02,1.368125144438852095e-02,1.282341416344190237e-02,1.919502867929460607e-02,1.827841659289262954e-02,2.033664878721929900e-02,1.971347137831991683e-02,2.316735456200535656e-02,2.678194906781691809e-02,2.227298032780248085e-02,2.537124449991385103e-02,2.542426735405227400e-02,2.941926599338783033e-02,2.814589433125443824e-02,3.108735297369128597e-02,3.121045667791839257e-02,2.920022462298911547e-02,3.292335618563914379e-02,3.109519110662225388e-02,3.313760157298794445e-02,3.343293067995865148e-02,3.137516051275068135e-02,3.380088267779179922e-02,3.528339722620107977e-02,3.166016366921935166e-02,3.458390343438375730e-02,3.525325533559978131e-02,3.294671133014972358e-02,3.569511025879556348e-02,3.736065739750302900e-02,3.706315186643525245e-02,4.010403136503286337e-02,3.702627668615073725e-02
3.245660537733452293e-10,1.727035763103147178e-10,1.192374755390519592e-10,1.186433002024344980e-10,2.992801421093290988e-10,2.998553670142926534e-10,1.006849670352197732e-10,2.229439204062092144e-10,1.784671479130177066e-10,2.266406590783677160e-10,1.185816635119080919e-10,2.703820006983619910e-11,2.632453496615202909e-10,1.177893619947920139e-10,7.400448441510477705e-11,9.726947201809190965e-11,1.654203625169558018e-10,2.403553875024669765e-10,1.462596858474819124e-10,2.287079932863045316e-10,2.686239428193768998e-10,3.920469068813105527e-10,1.383545828974614845e-10,2.234781984510296321e-10,2.183189551064195772e-10,4.283047000303722715e-10,6.916919595510671211e-10,2.038345224305263334e-10,3.763715998542853184e-10,7.346322821995334245e-10,5.116788811161016792e-10,5.675582349329141513e-10,3.774063313138118262e-10,5.283442881266036649e-10,5.583774494042550133e-10,5.754748304595825700e-10,1.107136458094211761e-09,9.666453283992392999e-10,1.327476951406301454e-09,1.019701095711768777e-09,1.911434703031160067e-09,2.128724449928796126e-09,4.011385613113700379e-09,3.347154167122010070e-09,3.464855545491645832e-09,5.639904698028663788e-03,1.254180505144548552e-08,4.178496235146679331e-04,1.039078176921639889e-02,1.240776667241807844e-02,1.643837409787419004e-02,1.405312491856875595e-02,2.075661347652517710e-02,1.889221452552433331e-02,3.051594308771958877e-02,2.856865568511469944e-02,2.830487800883015742e-02,3.666407186126333789e-02,3.200178101930168523e-02,3.713193269530920548e-02,3.909232965754034367e-02,4.167591106471167650e-02,4.147399178524276142e-02,4.399584516370855236e-02,4.755255135711843745e-02,4.957478948097555210e-02,5.003549154122200610e-02,5.177015517751769325e-02,4.831933601313106313e-02,5.493610108116109975e-02,5.174083510866998165e-02,5.461330084586944744e-02,5.433065651457313905e-02,5.748668324185301354e-02,5.678857001273734939e-02,5.847719510243700597e-02,5.809510417671362448e-02,6.161809250803471777e-02,5.971581942838938284e-02,6.424302307820579927e-02,6.150742659638974708e-02,6.432692133622780473e-02,6.029919532832554718e-02,6.812442276307330291e-02,6.600281892301673725e-02,6.686639602296354234e-02,6.468268019371048450e-02,6.944317677522934829e-02,6.701197209010562039e-02,7.219300758735157364e-02,7.068942172043060634e-02,7.181258129758107123e-02,7.193092200660983204e-02,7.002469903303104592e-02,7.263480787016134144e-02,7.035995697255612025e-02,7.297652808221298526e-02,7.407788067699659640e-02,6.959530904698235654e-02,7.481806085879535995e-02,6.828820856415437901e-02
3.425851201846957082e-10,1.085064214501897952e-10,1.138620437908869822e-10,4.234794770010463798e-10,5.884598467362027436e-11,4.386047963543168884e-10,1.902609758559000889e-10,3.545155954381273308e-10,3.082618208090676004e-10,3.227209230174222794e-10,1.598796484248873430e-10,3.953938381528947427e-10,1.856585821598693301e-10,9.001302663285155907e-11,2.926479414657046875e-10,1.798417267520399109e-10,1.044036944640352916e-10,6.826218834872307828e-10,7.357128315532440339e-11,1.156249840597932985e-10,3.998137823418225775e-10,4.698966302216794221e-10,5.076351599592804466e-10,5.507007509130937644e-10,8.201929937592594192e-10,5.062695145895723781e-10,5.832340984908091018e-10,1.447952765306658974e-09,1.389044459915215650e-09,1.327211902360706669e-09,1.711725888577377079e-09,3.836944691885495127e-09,2.536108349198960138e-03,2.210225635663181449e-08,1.970703182796890336e-03,5.264572206834183810e-03,8.657999827998296219e-03,5.842194096418232979e-03,8.148467413356418054e-03,2.752653318905554092e-02,2.791342629437547698e-02,2.298276876531341398e-02,3.358851110993731764e-02,4.075986285175502849e-02,3.612286647911396031e-02,4.386898409469609794e-02,4.934040395687668001e-02,4.395160284707010784e-02,5.166453108650295029e-02,5.425213275323308160e-02,5.700408039072439592e-02,5.582984977506857960e-02,5.764555876775175058e-02,6.492609749439720579e-02,6.707192187556668128e-02,7.325888423620115220e-02,7.130184733805808306e-02,7.165770544100080741e-02,7.356567193585909770e-02,8.008990750441397077e-02,7.583855662062227720e-02,8.063788331053187153e-02,7.994687869559623239e-02,8.718051036623850059e-02,8.752721446217913426e-02,8.531200102217308123e-02,8.947530543538775860e-02,9.188363242559327571e-02,9.408882961156742053e-02,9.154766374077887015e-02,9.235616287464534779e-02,9.341678936165330460e-02,9.483276339365691310e-02,9.246787257437183438e-02,9.632601234211395080e-02,1.005907875386444772e-01,1.011023245104925999e-01,9.669352324080918160e-02,9.626141506300210648e-02,9.960030214039114482e-02,1.004573090414742215e-01,1.042534628288228765e-01,1.026813643030502904e-01,1.027030561200335396e-01,1.032591171718013484e-01,1.012571822473435634e-01,1.045475816824018300e-01,1.022783725623526985e-01,1.080655103842698139e-01,1.004518345096842985e-01,1.051881228893715853e-01,1.092061323751463003e-01,1.039656649074069128e-01,1.102293981729635802e-01,1.046894701109453846e-01,1.074275753973278763e-01,1.054110806401552664e-01,1.066616541501338167e-01,1.083119183590785933e-01,1.100442460082767249e-01,1.078480553684292853e-01
6.152101780021782511e-10,4.475099456405761125e-10,5.012357539744896180e-11,8.133824309680876056e-11,2.089382375738272250e-10,2.554863934868129997e-10,3.936864658049063782e-10,2.469885963620821141e-10,6.014622187219238546e-11,1.661083329782935361e-10,8.366802154105447834e-11,2.893430453613453973e-10,2.988326151347228104e-10,5.012032012032368465e-10,7.346358602238846241e-10,7.608726511177059826e-10,4.932170888357319571e-10,8.927242426122556702e-10,4.881598798638398473e-10,1.134815294123666501e-09,1.142831042320900626e-09,1.463410861889431398e-09,1.545378689527488635e-09,3.452852073182391748e-09,1.467348099237809850e-09,6.496331275451144903e-04,6.315949193632197014e-09,1.911674598749717180e-02,1.380745168084015692e-02,1.291836199224994687e-02,2.794130612233209146e-02,1.268848159840976417e-02,2.770300730313162568e-02,3.209333642438405576e-02,3.434012446077568115e-02,4.301227073009251944e-02,4.273286056895422153e-02,6.290152790016237394e-02,6.302429037542120471e-02,6.229904641072397942e-02,7.155468431586672895e-02,7.357779879400591638e-02,7.610181569182830619e-02,7.056176444782868984e-02,7.569011952162953139e-02,8.078381309024602885e-02,8.000627365621852671e-02,8.341428277314541506e-02,8.626327628687285864e-02,9.888086014220075215e-02,9.390789929832553395e-02,1.028237590718225347e-01,9.567207382128933846e-02,1.064191721223165521e-01,1.036961896427917168e-01,1.051310571664790111e-01,1.067017152143324016e-01,1.066238087353530151e-01,1.098427096732895181e-01,1.135677635593761170e-01,1.179531120430287738e-01,1.206712442940428981e-01,1.188586313295353081e-01,1.236470652014999422e-01,1.227541375288461190e-01,1.211502247796085868e-01,1.204878636557918936e-01,1.229549775616655821e-01,1.258954820388908102e-01,1.267782095238903783e-01,1.299726122154978847e-01,1.316552333197554547e-01,1.336309965131413924e-01,1.335561798885785134e-01,1.318948395536071183e-01,1.357224771485266712e-01,1.364454389381861144e-01,1.326584228147216493e-01,1.333507430920381764e-01,1.333454742400826121e-01,1.358977732923836168e-01,1.374732212148543631e-01,1.348136313497531324e-01,1.366917961742095400e-01,1.386681219712795621e-01,1.393336208918667385e-01,1.407874749500628020e-01,1.387033410204452366e-01,1.383473704807765270e-01,1.408545472808818422e-01,1.391858293678038261e-01,1.394929183796219940e-01,1.407586489496750193e-01,1.425705369496948482e-01,1.417657584640637236e-01,1.403453393343859767e-01,1.441133259879768536e-01,1.434540637184934520e-01,1.429088069473514466e-01,1.454739925588336702e-01,1.408966856803273160e-01
4.452752784358298461e-10,3.320078946254063019e-10,4.152434921442230548e-10,2.920629270487412691e-10,5.473829418594710932e-10,3.051445261544621058e-10,5.964919166930304973e-10,5.259095725964904166e-10,1.901101393712498382e-10,9.422791894586215463e-10,8.839815164812510469e-10,1.753460388622126730e-09,1.002177800205059179e-09,1.815867079203575696e-09,9.897883678718495705e-06,1.500978483121541789e-09,1.190019471460923496e-09,3.545119764645814438e-09,3.609603765547131736e-09,9.252293620788276662e-03,2.127020060920980712e-02,1.630574797638421891e-02,1.511579497026986456e-02,2.306511760637713210e-02,2.868542130794693099e-02,3.804592877254489580e-02,4.385425023677784473e-02,5.699336887563780096e-02,4.859474002437101647e-02,5.861889758279919399e-02,5.664899808976457674e-02,6.592444783292294996e-02,7.066570192637494641e-02,8.138905922405967330e-02,8.560080179810865275e-02,8.544310802346113953e-02,8.360705476572133366e-02,9.301027231621138147e-02,1.049959185797640915e-01,1.008469404976773953e-01,9.793098991435193745e-02,1.055103034537403783e-01,1.021638347018283682e-01,1.158108174084628295e-01,1.226451283146742094e-01,1.140507968198604116e-01,1.245923901063258621e-01,1.209786244056567511e-01,1.232878518913929633e-01,1.277765854223252562e-01,1.380335552305090863e-01,1.343538858093934196e-01,1.322161753881456736e-01,1.389620021474532729e-01,1.421009709189238746e-01,1.441398934017217304e-01,1.437071512412849417e-01,1.448786372273532241e-01,1.475793559904604868e-01,1.473403800611884917e-01,1.450088773391983166e-01,1.508774059523559363e-01,1.498573100462689267e-01,1.576920230721974014e-01,1.523522498993986896e-01,1.610934493724461847e-01,1.573143737377148688e-01,1.619601202643801696e-01,1.567552121916508667e-01,1.612910894206340262e-01,1.600736557964799467e-01,1.616831356404300479e-01,1.663561036610392563e-01,1.638246160825966025e-01,1.680412299792093389e-01,1.637223027818598686e-01,1.662701412040842597e-01,1.659092956848784439e-01,1.685737914304865359e-01,1.706754768833326774e-01,1.685858870922346542e-01,1.674493387605016093e-01,1.718332528801869707e-01,1.681524678410705742e-01,1.729303427707104268e-01,1.741041705477220369e-01,1.707591919444613193e-01,1.733954160708029713e-01,1.727879649301706788e-01,1.708765108639391239e-01,1.704997958202771058e-01,1.762388092964877750e-01,1.719128029447636319e-01,1.748586108736645550e-01,1.713436456167644062e-01,1.754314251390542145e-01,1.752527492864769942e-01,1.744751235359750519e-01,1.767564183470203554e-01,1.736007537549823232e-01,1.741953510923544279e-01
7.528299272591337038e-10,4.891857419383721270e-10,9.816985892668792909e-10,3.647162930276807793e-10,1.472138330492327200e-09,1.199811673092520817e-09,1.075203674160426365e-02,2.103999990343568568e-09,1.756854147348249070e-09,1.755203748612084460e-09,3.230099150235404001e-09,7.356671313749563396e-04,9.073551612936825439e-03,1.279009921164286911e-08,3.087055898902559925e-04,3.428949160984647720e-02,3.676878345305492624e-02,4.211881913112835302e-02,2.950446356527189340e-02,5.107692682508425258e-02,4.611726113299567664e-02,4.838268145687967675e-02,7.217506627842851241e-02,6.391898525912523277e-02,7.086760892560187153e-02,7.618110053571376661e-02,8.866509202330927208e-02,8.105618886591438310e-02,8.619910953257604869e-02,1.012938483939360146e-01,9.653764854976007448e-02,1.012261575704008348e-01,1.096691911155933119e-01,1.139408106803742327e-01,1.250248617127708850e-01,1.287078421376419146e-01,1.297729664367494040e-01,1.344073366217998777e-01,1.351401511120849941e-01,1.400331943174416005e-01,1.375358689866884865e-01,1.467861525300747094e-01,1.434731326942334517e-01,1.494465787024096270e-01,1.498904661665501348e-01,1.541460924230875773e-01,1.527951465363112382e-01,1.551990944886198487e-01,1.627349674057997353e-01,1.671361615893981745e-01,1.678872003610865637e-01,1.707804179829128799e-01,1.731523348293277642e-01,1.749663271292487554e-01,1.716237168720656514e-01,1.749347102844204527e-01,1.752105591309173482e-01,1.779294660014812679e-01,1.786853593497325643e-01,1.776232759712476628e-01,1.848203770083888253e-01,1.839408726998741916e-01,1.812777433841538388e-01,1.871508641651541127e-01,1.846067984327545708e-01,1.860895054398155612e-01,1.877426015595711484e-01,1.892298067234250425e-01,1.899059464751969295e-01,1.931681714061478372e-01,1.904259002581424332e-01,1.947034015280311725e-01,1.927707086506786627e-01,1.956521074869204679e-01,1.968267955400426761e-01,1.987787137195482501e-01,1.980790143167825423e-01,1.989774099817540887e-01,1.978653667785184866e-01,1.983866061934224934e-01,1.961643342759892827e-01,1.983958920060593656e-01,1.994260016441254946e-01,1.990392469504379258e-01,2.004579941122949516e-01,1.989035967330548271e-01,2.022930626468660009e-01,1.993368446309066733e-01,2.021268641498383534e-01,2.059594008500891527e-01,1.997702654308651793e-01,2.014787817322026831e-01,2.043260338004249665e-01,2.020222075676669227e-01,2.026205907824105146e-01,2.049700869828011973e-01,2.030562359706487296e-01,2.042330576574077072e-01,2.049853706022175259e-01,2.072245669465887508e-01,2.067376592912390232e-01
2.961228980372892736e-09,3.630458858690905391e-09,1.044057829948164852e-02,6.750348217134241755e-09,3.183367637935016570e-09,7.997026054766210660e-07,5.181444848476978024e-04,2.053669169557590518e-02,1.422865622013890462e-02,1.821536174836442187e-02,2.890827928069450437e-02,4.258122813646066096e-02,5.049465864076452953e-02,4.186742896319456397e-02,5.474385603816619983e-02,5.637437931365647803e-02,6.509008913917294081e-02,7.537315322171814214e-02,6.923350432278056743e-02,9.180822700359961286e-02,9.849237536184660136e-02,8.409444090738954491e-02,8.922520393196796407e-02,1.025568068639832880e-01,1.122715464011373315e-01,1.177830054441439955e-01,1.241167008748557399e-01,1.191749468359443037e-01,1.249246053219251334e-01,1.231204759738032811e-01,1.429326545739158516e-01,1.416022797144898537e-01,1.445499387141353786e-01,1.506638924770827559e-01,1.496347405963671384e-01,1.567594656732208824e-01,1.562326335675513211e-01,1.630308811021653759e-01,1.597484489138593644e-01,1.645912079431718633e-01,1.671081734701093668e-01,1.727553831062025591e-01,1.735543000054947660e-01,1.776413401443145967e-01,1.789419614944791903e-01,1.828850634156737598e-01,1.813679036404538258e-01,1.877999258073150823e-01,1.899329589586572498e-01,1.945201236677372991e-01,1.957820617851017408e-01,1.967427728608039939e-01,1.976451819477890726e-01,2.048497273153638831e-01,2.016474520128840320e-01,2.032619261477363048e-01,2.054263191433205460e-01,2.088891727063831583e-01,2.098254710179516258e-01,2.099780968637757761e-01,2.083080161739261915e-01,2.107531504535338496e-01,2.125127172818744303e-01,2.131406953440169727e-01,2.174094674081654410e-01,2.163119197158129559e-01,2.156290160514591769e-01,2.189872954800339278e-01,2.149272128310088792e-01,2.211567428579202521e-01,2.202824819263122791e-01,2.183212833930722463e-01,2.196337943243446833e-01,2.246490072317699482e-01,2.229507719012493450e-01,2.226721787331907010e-01,2.235544939324085323e-01,2.267605114928374355e-01,2.272924286854191567e-01,2.234686475180237275e-01,2.232107581561314225e-01,2.233844597646250929e-01,2.277569691046146538e-01,2.237342040099297713e-01,2.260860480207000367e-01,2.263082756835279874e-01,2.286744138015116279e-01,2.287444896909711645e-01,2.301894610977046063e-01,2.276361886886182628e-01,2.304205123739426764e-01,2.307785612146524834e-01,2.305403812234713135e-01,2.315938665780942485e-01,2.282842554623814857e-01,2.275783826166860313e-01,2.277930807146615888e-01,2.335779189184810922e-01,2.307125425049093848e-01,2.339172237590013137e-01,2.321887830494156202e-01
1.031986969961178578e-03,2.416596422144321604e-02,1.160233734763120410e-02,2.408289130571956288e-02,4.790676354052512270e-02,2.975479690512860056e-02,5.696587618589393776e-02,5.083462788088419920e-02,5.803974191475705369e-02,7.281278284579430216e-02,5.792293257633982645e-02,7.862333384549650972e-02,8.108837543640866341e-02,7.815330836586591168e-02,8.966477216669678507e-02,9.374718201890150371e-02,8.795620842636515946e-02,1.040614187295718918e-01,1.095735610896588913e-01,1.160233590275656784e-01,1.174675161323949640e-01,1.275921535529883633e-01,1.315525959409636902e-01,1.395653898355136424e-01,1.412273511209344024e-01,1.456299334470041729e-01,1.510144535368288521e-01,1.525082195874381263e-01,1.597486989016441150e-01,1.592774251243828099e-01,1.720791212705076179e-01,1.701609748051828019e-01,1.713616507575838332e-01,1.739309327341084233e-01,1.806086339324598222e-01,1.905798350756126858e-01,1.887638315102373177e-01,1.853472305508595264e-01,1.941858799818912129e-01,2.009540421890199380e-01,1.990972048475761480e-01,2.017940961833772640e-01,2.043898159895276567e-01,2.120241979477323346e-01,2.092760760575725354e-01,2.133309503352345537e-01,2.145313762885122655e-01,2.173500744048052491e-01,2.151139589344345238e-01,2.205392440368864060e-01,2.239678269840187919e-01,2.214908305448051729e-01,2.275840996765562951e-01,2.232271018626708348e-01,2.279565193596866379e-01,2.330050944918247158e-01,2.312682284303997360e-01,2.321993756145002696e-01,2.327010029421367754e-01,2.374600752213510135e-01,2.383310235855709835e-01,2.367501356873386031e-01,2.367542725071003773e-01,2.366176194976780112e-01,2.413894899424882945e-01,2.372100914895933499e-01,2.432806804028057601e-01,2.422776958897369104e-01,2.432410854829197555e-01,2.463978000714250605e-01,2.466105886771978173e-01,2.456828075791681609e-01,2.469202250353272898e-01,2.484573128707996126e-01,2.484779622809371036e-01,2.481372980676619378e-01,2.499918148703503817e-01,2.473650089268300822e-01,2.507339485528626843e-01,2.493093278965339832e-01,2.509416776562438667e-01,2.502204482197842306e-01,2.506628919542094880e-01,2.539409612065901545e-01,2.513086273612559762e-01,2.525096716090972637e-01,2.526862386941666205e-01,2.519940584203746448e-01,2.524713770526383350e-01,2.544540154702356616e-01,2.537629843043872624e-01,2.540040413695067723e-01,2.570108163719547756e-01,2.548455944511208715e-01,2.546713921292548810e-01,2.524107180276933260e-01,2.556435266839025000e-01,2.564487879287226657e-01,2.547696579501032010e-01,2.548587320934946332e-01,2.565588940157952358e-01
5.733636688495520606e-02,6.295143208492119669e-02,6.535816921941753344e-02,7.145542890268760661e-02,7.450231342645201316e-02,7.614079158620602750e-02,7.902607486845450446e-02,8.919671177692301001e-02,8.373631291442670821e-02,1.070961980513211731e-01,1.083538715326491791e-01,1.085671950299929439e-01,1.160667317582306929e-01,1.172290078508497896e-01,1.226762791850377898e-01,1.356044628873906421e-01,1.352125253063936605e-01,1.479157599366816289e-01,1.378859890774029318e-01,1.591220687502922226e-01,1.571935934876937391e-01,1.521793895146194564e-01,1.658398456153522549e-01,1.685419557199026031e-01,1.768706305472364515e-01,1.804798981188421858e-01,1.778878448794624367e-01,1.854472170775062490e-01,1.879747848604356730e-01,1.920356215261652955e-01,1.907880028889995250e-01,2.054058848688404826e-01,2.093488488858592234e-01,2.066702451557692610e-01,2.104030911201058285e-01,2.077101061091358725e-01,2.160294650428990215e-01,2.202809693308410699e-01,2.200165417756996533e-01,2.214587003509374818e-01,2.284590818029776926e-01,2.299294147916508269e-01,2.296406766895955909e-01,2.342138180672642400e-01,2.363280662963594680e-01,2.369261763319787661e-01,2.395806315195822822e-01,2.457683113001976893e-01,2.437431947896098461e-01,2.477584337196501452e-01,2.457455873819427705e-01,2.515544958963029099e-01,2.521742956434466776e-01,2.514179579457456182e-01,2.521856893317273585e-01,2.549300590402402422e-01,2.539996878216467247e-01,2.577003478892220256e-01,2.603297390125309252e-01,2.595447433484303623e-01,2.607653959274175426e-01,2.593192922150714952e-01,2.629037006487185968e-01,2.633241315253549431e-01,2.597701601349756695e-01,2.638013493169395485e-01,2.673537618430888441e-01,2.673889669484327825e-01,2.658742270721735079e-01,2.669763482718334746e-01,2.648005073047406399e-01,2.691844988765630386e-01,2.659675497512425935e-01,2.686666068068257474e-01,2.680312294818705809e-01,2.713010844239490682e-01,2.680661826071991660e-01,2.712415767700982472e-01,2.713165073975694619e-01,2.730521377673428285e-01,2.720726249558906851e-01,2.731741171283105785e-01,2.731978687760986402e-01,2.725818208973992407e-01,2.751358483689615442e-01,2.724009320206789986e-01,2.736318155775072092e-01,2.738456526487032527e-01,2.726994873335195080e-01,2.731366559854950804e-01,2.740467002063791124e-01,2.754385416026545186e-01,2.750779946392346020e-01,2.751863756504097647e-01,2.753983140554321918e-01,2.757950946863554909e-01,2.753209338201481615e-01,2.733177741605701261e-01,2.779637668694992514e-01,2.747216008527482711e-01,2.757693761780651287e-01
8.856677877641512542e-02,9.511534109256772340e-02,9.559167756493205936e-02,1.004192044102460851e-01,9.775977100463766056e-02,1.044813352930560046e-01,1.075948186707460924e-01,1.212858012040286815e-01,1.226363493637097901e-01,1.357948339053874354e-01,1.314345864280246079e-01,1.455914032429695970e-01,1.454742089093746249e-01,1.450424444732392459e-01,1.534920335368122613e-01,1.699767716637580750e-01,1.702903715376853089e-01,1.629746546209289437e-01,1.743786923270353728e-01,1.848281304342803688e-01,1.880768889639898578e-01,1.914356016580495978e-01,1.979272535497811625e-01,1.967392254220608483e-01,2.034342065943663125e-01,2.048202021254947880e-01,2.024132830782611470e-01,2.139718713002162764e-01,2.219644692826269194e-01,2.162880171012767638e-01,2.212800756658767631e-01,2.269853776712204008e-01,2.261798098227374987e-01,2.344585060211966665e-01,2.359119360567004386e-01,2.352904398961315757e-01,2.393659573662946238e-01,2.429291753360371953e-01,2.457372415396346932e-01,2.455791234314094740e-01,2.457185484928357533e-01,2.525007420746593345e-01,2.578671561220737818e-01,2.580320919770477950e-01,2.554177039239772795e-01,2.603715517494172293e-01,2.628699652777013451e-01,2.616397601635495618e-01,2.654967126094180951e-01,2.685284923516519373e-01,2.673239940701163664e-01,2.676287738739702715e-01,2.724822115183145876e-01,2.715146316165142348e-01,2.770097094099789881e-01,2.770183728689699088e-01,2.768869427956786033e-01,2.765629775384089162e-01,2.778182407567441614e-01,2.808653602918521064e-01,2.830375439024255813e-01,2.822138507721758671e-01,2.794295200391936351e-01,2.842286397257455244e-01,2.829912135351547176e-01,2.857272304786878658e-01,2.862335451782351270e-01,2.858022414559118207e-01,2.890480450113965816e-01,2.882588597843417921e-01,2.885135080676626274e-01,2.889836185021221748e-01,2.898913053403674445e-01,2.916627743118624938e-01,2.894850569913074434e-01,2.925639413559710245e-01,2.898864761684536440e-01,2.892089670320432959e-01,2.900592324018000379e-01,2.911805145663305394e-01,2.918227313954233071e-01,2.923385851345911002e-01,2.939758025045173806e-01,2.937029127354663371e-01,2.929028172313153378e-01,2.919656537547419273e-01,2.951169514155872475e-01,2.942599219631913399e-01,2.955118568016447678e-01,2.932182894215625280e-01,2.937415838867855067e-01,2.944320688131181751e-01,2.930344078705559574e-01,2.956482328358580047e-01,2.932214744090644865e-01,2.937645407498072903e-01,2.937059805759413833e-01,2.948079174600934382e-01,2.951553786111870692e-01,2.966969673718215517e-01,2.972850366967004776e-01
1.315245936582523922e-01,1.272384420151941309e-01,1.313705345510949030e-01,1.274705246897706312e-01,1.423005025688460212e-01,1.441730011056356342e-01,1.474279454244066256e-01,1.546014467003026804e-01,1.577603410392293404e-01,1.688010695332447519e-01,1.647411122296116026e-01,1.678424931596803615e-01,1.715177055377760107e-01,1.784578968021926226e-01,1.829931076161050163e-01,1.877578876128853103e-01,1.960224984496884981e-01,1.976679350115415346e-01,1.995927218182504681e-01,2.038980017337176653e-01,2.083322575572676416e-01,2.055721029646943587e-01,2.197619858134548243e-01,2.181016486631819906e-01,2.277739304542394927e-01,2.327828786675371076e-01,2.343230944646189917e-01,2.352195738777889122e-01,2.422501019521077770e-01,2.437338565224823894e-01,2.461565350775151151e-01,2.452887389047795075e-01,2.496877723913063785e-01,2.557609628280156366e-01,2.584035156672189748e-01,2.636803019582952823e-01,2.616258864652603044e-01,2.614053479820786507e-01,2.628985824759830225e-01,2.683881227822593196e-01,2.704641016960502298e-01,2.728913735610302149e-01,2.755222578391235411e-01,2.785412386705804488e-01,2.788004887794338083e-01,2.780773707762703162e-01,2.832634878970962111e-01,2.823657805966071077e-01,2.839054370140388639e-01,2.904575934342210064e-01,2.867925884045444684e-01,2.881412109035746405e-01,2.886121876184470914e-01,2.892677622907686708e-01,2.920775143293463105e-01,2.949647159451567191e-01,2.923440266977366253e-01,2.956560666683189509e-01,2.964174669566271292e-01,2.986447409579994772e-01,2.968477525983218568e-01,2.989921568830499754e-01,3.008016616037896274e-01,3.016305943221659902e-01,3.026817871271552662e-01,3.045072179854023675e-01,3.012252941420625607e-01,3.042793135020418482e-01,3.036347729611739710e-01,3.069444862328507551e-01,3.020527083144438629e-01,3.064402717105463303e-01,3.084731662222677806e-01,3.067139169945158339e-01,3.093673635068497352e-01,3.076988121920381514e-01,3.112257143531862447e-01,3.088670994188376651e-01,3.114323752292498249e-01,3.086393009492297002e-01,3.107010844369263447e-01,3.115843259801289178e-01,3.096929769368360619e-01,3.110019706587611732e-01,3.098608070364920475e-01,3.073276766363989831e-01,3.102150262356504484e-01,3.112924352357511748e-01,3.097244015790929228e-01,3.141826860287978418e-01,3.099275768777211004e-01,3.140689861875829991e-01,3.124217098943838367e-01,3.117921035600610402e-01,3.121223841914069208e-01,3.128172544750281725e-01,3.140506911676002044e-01,3.164073009653811108e-01,3.115385116607317650e-01,3.104439544120204397e-01,3.130253277024470093e-01
1.547444166469279792e-01,1.531985553564987890e-01,1.628121034199454531e-01,1.619441934742069933e-01,1.738162087802243572e-01,1.703903880500941270e-01,1.727199920214192441e-01,1.852824479964106930e-01,1.885599294422750094e-01,1.890041954496864962e-01,1.909282880637618585e-01,1.903354493201412090e-01,1.997030489498145267e-01,2.036171109523718381e-01,2.106906696619233743e-01,2.175103214838094434e-01,2.112755684086744523e-01,2.241763593453837689e-01,2.198374262121891298e-01,2.361538522492980241e-01,2.330190572879535793e-01,2.333195670391097210e-01,2.413090542855233223e-01,2.448378437028002064e-01,2.502113473228265161e-01,2.539746541618281839e-01,2.546310112240982582e-01,2.580551035427053885e-01,2.588916923247135404e-01,2.628565711509058267e-01,2.682763013288743115e-01,2.674915811166391211e-01,2.737362804230488722e-01,2.793093896657127817e-01,2.798406930233787726e-01,2.802279867940165592e-01,2.779281490391911080e-01,2.820128002393892941e-01,2.868415182096017424e-01,2.889666721193360210e-01,2.876417101898368078e-01,2.908750208915553137e-01,2.941086728292545693e-01,2.966306218489672131e-01,2.977663916513361153e-01,2.965630802595741744e-01,2.996458625426558497e-01,3.014418409973474433e-01,3.022314662137380870e-01,3.040301858588075334e-01,3.077388705244880063e-01,3.105480878694914515e-01,3.049450774931180552e-01,3.091447634736523287e-01,3.134854278185174037e-01,3.111361054412767335e-01,3.143823006603615466e-01,3.142230938811965135e-01,3.128388854725636103e-01,3.169838100227462818e-01,3.172091988450012612e-01,3.182279155752786859e-01,3.183482931238478253e-01,3.183433346144515230e-01,3.180611197240618693e-01,3.191671667729618633e-01,3.204358829379381768e-01,3.189118549960145432e-01,3.184654490294005491e-01,3.186065461389291920e-01,3.226421964100508188e-01,3.230812262036863447e-01,3.235731867406960172e-01,3.254238471207220318e-01,3.249233315965493474e-01,3.246294605888586093e-01,3.239436902414433161e-01,3.262807547286570298e-01,3.256152804960771863e-01,3.251527053809192824e-01,3.273261139238655137e-01,3.264671269186614766e-01,3.281514089977062287e-01,3.290922044337007413e-01,3.238629946987795494e-01,3.261127842166641200e-01,3.277710669486800787e-01,3.238423073016461484e-01,3.261315346865651388e-01,3.298600446630907124e-01,3.302383922332192689e-01,3.286099543967025971e-01,3.310187238620103112e-01,3.289762176152584150e-01,3.313559996509063410e-01,3.296815932961875140e-01,3.272042004502077606e-01,3.327816004914733172e-01,3.324966339501158052e-01,3.288084487949147205e-01,3.311975179707022376e-01
1.840592129890557538e-01,1.779504207737576948e-01,1.843083781542731725e-01,1.925014584224203074e-01,1.960616923566014802e-01,1.963143615661135655e-01,2.043109172887671576e-01,2.054728433434768187e-01,2.154504895172645040e-01,2.172033083001327358e-01,2.251251908973583293e-01,2.154249648485433710e-01,2.288029283521850477e-01,2.314007197134390625e-01,2.320146158758318311e-01,2.382232066331878839e-01,2.403281515194834184e-01,2.428988157766594214e-01,2.483588145331768193e-01,2.516763041876324825e-01,2.612392063639897288e-01,2.564043735884627973e-01,2.639608616579606215e-01,2.644878875501723847e-01,2.677702650086665748e-01,2.740088624733132971e-01,2.715362875579321877e-01,2.802042819347907443e-01,2.851390891502609826e-01,2.798117267630249039e-01,2.869413708251755124e-01,2.879306427089908804e-01,2.906716792138247518e-01,2.909722875307110268e-01,2.980299351022085985e-01,2.982645738513589606e-01,2.976260464431401132e-01,3.014898153914093992e-01,3.061556806081363047e-01,3.067117899995992492e-01,3.045957746738613969e-01,3.094684282741109738e-01,3.107530354712432219e-01,3.107200845757788210e-01,3.137860580939409449e-01,3.170891490418961123e-01,3.191212891852825972e-01,3.193699256192808478e-01,3.222688261494266460e-01,3.221871097201505774e-01,3.218275535141435495e-01,3.221134394197091022e-01,3.234380300985302825e-01,3.246519869866254515e-01,3.233891013530175718e-01,3.274008427546630240e-01,3.271663046596610669e-01,3.320659235316248958e-01,3.308836215669371805e-01,3.292101272433127779e-01,3.314172614742902367e-01,3.326666548064375339e-01,3.340967746120196424e-01,3.304333919806651254e-01,3.356815045977274981e-01,3.335834319168708428e-01,3.349879062413541053e-01,3.367741621845537492e-01,3.348304053182013518e-01,3.362562172243967473e-01,3.388134114900290816e-01,3.369259300170492355e-01,3.407850724438518664e-01,3.383842099011380999e-01,3.407949625166418195e-01,3.399153114752293536e-01,3.388392471679610440e-01,3.409451895896451479e-01,3.410563011291376512e-01,3.405549019650085385e-01,3.369567553415708239e-01,3.429833905465498600e-01,3.404323589313957843e-01,3.420915430640869004e-01,3.408036386154854602e-01,3.420621638022057209e-01,3.450124672502363210e-01,3.416304489701051939e-01,3.424180747723994389e-01,3.442562298461139259e-01,3.443941235151215530e-01,3.418351076393353338e-01,3.428953256476973688e-01,3.439994958313441487e-01,3.436894607627766773e-01,3.450424712084442791e-01,3.443791489070767153e-01,3.447494815084541919e-01,3.435995581508104468e-01,3.445537621112472748e-01,3.448987416694203056e-01
2.111203428441941476e-01,2.034272189523818053e-01,2.172560885673649189e-01,2.200786071357194729e-01,2.227550320949210072e-01,2.263179134170989482e-01,2.328775440737657354e-01,2.375259546052191917e-01,2.397613638451653872e-01,2.400694592337692390e-01,2.419657425590901745e-01,2.358847115210404022e-01,2.447889213972609113e-01,2.521266191079500896e-01,2.606458291627579693e-01,2.546803839327804742e-01,2.671447542765855165e-01,2.658080807740996199e-01,2.714390731919340549e-01,2.725818554198486954e-01,2.754785056859905268e-01,2.800175199911332791e-01,2.840132937485501108e-01,2.865516940082068476e-01,2.891711223861149205e-01,2.900011205047673957e-01,2.946993828477219024e-01,2.980142600125409436e-01,2.965938402163171284e-01,3.035747103117653056e-01,3.004348610992559343e-01,3.064824618333908401e-01,3.082742377403761003e-01,3.110807554078898196e-01,3.157022470524156743e-01,3.124126678667111245e-01,3.161127649166299292e-01,3.179779638485929483e-01,3.236987058755526059e-01,3.218290753439644325e-01,3.243203693175020219e-01,3.261736524472583221e-01,3.246301592804634040e-01,3.264396112607430012e-01,3.327151363517795168e-01,3.316473037001905766e-01,3.328695394325822399e-01,3.325510601545305089e-01,3.315721501276871486e-01,3.373159151757218477e-01,3.352851867091091176e-01,3.410494044636374622e-01,3.405169863301470423e-01,3.385684011697596696e-01,3.406884898734474643e-01,3.421348019973386445e-01,3.439418679597893713e-01,3.427949592535942669e-01,3.426555676617263901e-01,3.464570872965017645e-01,3.441912995034537848e-01,3.489154358561768476e-01,3.481650634066864036e-01,3.481774819807351151e-01,3.487571008393921534e-01,3.492260713600127686e-01,3.484637009616642911e-01,3.500652988557611534e-01,3.498321053238840350e-01,3.532717257995795501e-01,3.516952883979743705e-01,3.514181884952851664e-01,3.503752025289134098e-01,3.521597926252282296e-01,3.532470777606799839e-01,3.540096052024935824e-01,3.548565658976043924e-01,3.538946121945108492e-01,3.528323062753843664e-01,3.540373049565744279e-01,3.524632727937487275e-01,3.514581867007764981e-01,3.539699751880330814e-01,3.545435431669798909e-01,3.565404478682533962e-01,3.547356918202682063e-01,3.569793120534505704e-01,3.541834648577021349e-01,3.564818356169917046e-01,3.554248594186553145e-01,3.580025812217558223e-01,3.572825665358392855e-01,3.547122187665364135e-01,3.553461077714676897e-01,3.573007070526719731e-01,3.558657163510374755e-01,3.571868778908147690e-01,3.569002939649713602e-01,3.554190775688580439e-01,3.569190187102463940e-01,3.576706923920455750e-01
2.284681546853371270e-01,2.312483299512894108e-01,2.335318904773726612e-01,2.372533336269052051e-01,2.386929128579707571e-01,2.420092746504503289e-01,2.463885902448481602e-01,2.566757138358814472e-01,2.582783691376521751e-01,2.593917724769992383e-01,2.582206051697090721e-01,2.595642400886734036e-01,2.684214489748483201e-01,2.704792544234114748e-01,2.798074076709089475e-01,2.729846277196284476e-01,2.801496897113407991e-01,2.854227146326447917e-01,2.880527812871856441e-01,2.894638877209175787e-01,2.960370618005182530e-01,2.953647121780672569e-01,2.997091097969831752e-01,3.030081477139525137e-01,3.050099417130961443e-01,3.079112140397524122e-01,3.121615860318696090e-01,3.125544308619438438e-01,3.136208831449655565e-01,3.191595716450109643e-01,3.191158252767319903e-01,3.211973919713259074e-01,3.223758800256931734e-01,3.276236350089167804e-01,3.302742795119337216e-01,3.313686304416432749e-01,3.317992489579764115e-01,3.307785713724603616e-01,3.375010889622837573e-01,3.373986088200839895e-01,3.388156932259620557e-01,3.407469879465541696e-01,3.438588535175721161e-01,3.428716730405731994e-01,3.449025162252074006e-01,3.424704772317512802e-01,3.488401680761220591e-01,3.458919697059967824e-01,3.483684825825716924e-01,3.489682810107161970e-01,3.507927101480421972e-01,3.511094406700461246e-01,3.524097656214350005e-01,3.549618370039533399e-01,3.531506066518026454e-01,3.549937059531919070e-01,3.534020647752131872e-01,3.557984419001359311e-01,3.557769080504062931e-01,3.579261039302059633e-01,3.596682172128071175e-01,3.603478293932640408e-01,3.618019933379976183e-01,3.611264348315131878e-01,3.606236074637692024e-01,3.604405727581851959e-01,3.631400072795041289e-01,3.658839434241412114e-01,3.637147165545653871e-01,3.620827719455608773e-01,3.621058004778895389e-01,3.632945345065983211e-01,3.655683699005829457e-01,3.650881591449381403e-01,3.642869565247660590e-01,3.621738176664589526e-01,3.682592588102708842e-01,3.678307772874311876e-01,3.656705025305864165e-01,3.648350762390754065e-01,3.665748717217321984e-01,3.684994663825144623e-01,3.687062851331185942e-01,3.689029809048555153e-01,3.667984126947917423e-01,3.669949172309241447e-01,3.670259080374064786e-01,3.674461934645751326e-01,3.662482494557735002e-01,3.700710578043734378e-01,3.668085951622380714e-01,3.692105449801196260e-01,3.688300464171642701e-01,3.712020741914844324e-01,3.721110191039449511e-01,3.684972092780514630e-01,3.718454118390237539e-01,3.708968471651518106e-01,3.695380855294617128e-01,3.677675544838976962e-01,3.697138710418872987e-01
2.524680512012372202e-01,2.499485531017036632e-01,2.576241841176245551e-01,2.567922177606871692e-01,2.627691201079979666e-01,2.661976269869878453e-01,2.727964964179633300e-01,2.736381578671118753e-01,2.749771252252621867e-01,2.780785618283198590e-01,2.810318499160689432e-01,2.882048751828991673e-01,2.835165232461567819e-01,2.903296819871328260e-01,2.905109362564815001e-01,2.913463781962701282e-01,2.972816816679786922e-01,2.985618936211243968e-01,3.052452426344225422e-01,3.090358475529179083e-01,3.081714337864558395e-01,3.090440555134719713e-01,3.153416977652312436e-01,3.174148616185526461e-01,3.223654386775185454e-01,3.240291061380024540e-01,3.241966019605599936e-01,3.282202775787289029e-01,3.270639427527748944e-01,3.318510144130379924e-01,3.326067083610720898e-01,3.354805679972388543e-01,3.413848161271586523e-01,3.374997244549539643e-01,3.397003908980378850e-01,3.465322302350537509e-01,3.469303263788981462e-01,3.466698909317947885e-01,3.490900034288408338e-01,3.520658065650424384e-01,3.481560878697432249e-01,3.538910008541634733e-01,3.575105383033574946e-01,3.540968369126120119e-01,3.579846722737265452e-01,3.600872284875247242e-01,3.585145047831949094e-01,3.581451923625352252e-01,3.613464960109392665e-01,3.609991499862811315e-01,3.606401269974822688e-01,3.650530410298873374e-01,3.627960715794873447e-01,3.673016692442254705e-01,3.676038677612127881e-01,3.674092305827741933e-01,3.664141555429651365e-01,3.694038440414115776e-01,3.696921893756077715e-01,3.726963109214407877e-01,3.694933413231142327e-01,3.708209668262045233e-01,3.704884596314688694e-01,3.720298247293845617e-01,3.718150090973907362e-01,3.719328835789981746e-01,3.764753704544218649e-01,3.755447270217139311e-01,3.722474765020723497e-01,3.755684888479474681e-01,3.735583093981344471e-01,3.746059756570297439e-01,3.747962674754273249e-01,3.779951132903394684e-01,3.763806027839493029e-01,3.787779195943520860e-01,3.797875619717079321e-01,3.773786425456448490e-01,3.753670656519579873e-01,3.761515482974020497e-01,3.765764093161903525e-01,3.800434526757453524e-01,3.763797843604926863e-01,3.769229002867786060e-01,3.783967921845639570e-01,3.773585897271608536e-01,3.790941880337440617e-01,3.785419306278629548e-01,3.795877508998866112e-01,3.807971892154469185e-01,3.792848508447917988e-01,3.807531498324674413e-01,3.810230955716029655e-01,3.830616328659439129e-01,3.798279525171019966e-01,3.795741956735996236e-01,3.806112821449731398e-01,3.801578902930589088e-01,3.793846187295563666e-01,3.816917887335125603e-01,3.838382172573025497e-01
2.704451724803048074e-01,2.714559803663760262e-01,2.749269030499984501e-01,2.833880044038475932e-01,2.810099079764999397e-01,2.850738495695516184e-01,2.833740861287668000e-01,2.863870618126901357e-01,2.885394935337809996e-01,2.946588454166244042e-01,2.898857962536953159e-01,2.971619967833550313e-01,2.999172597193584533e-01,3.067834374815930909e-01,3.105307411997578759e-01,3.046257782096888356e-01,3.157523829982571417e-01,3.170721469968863504e-01,3.157707757966825013e-01,3.238095971360596126e-01,3.274036705527694213e-01,3.299361758121901467e-01,3.269820571226525474e-01,3.362929203019873192e-01,3.344349287346324306e-01,3.358316015712273228e-01,3.421073346656793301e-01,3.452077177174219247e-01,3.495800907710729932e-01,3.457779188080808419e-01,3.435312228324825523e-01,3.526161167881555758e-01,3.561095380710333491e-01,3.554197592871314315e-01,3.514553389471303246e-01,3.577200860905092594e-01,3.559701149464751246e-01,3.614737629682328035e-01,3.594984126439624839e-01,3.641669079450035595e-01,3.629404180399988800e-01,3.666978254109237167e-01,3.697718989634800613e-01,3.676275919144488813e-01,3.687569830004169269e-01,3.691852899113963749e-01,3.734212785907137788e-01,3.710089932368917931e-01,3.754044258102030018e-01,3.748199742768574261e-01,3.754418574204498871e-01,3.760263759770449132e-01,3.743889052227997727e-01,3.767787573667538137e-01,3.787717882514984313e-01,3.783034463804287317e-01,3.805790275794541100e-01,3.816970293127955882e-01,3.796061838628670415e-01,3.807361062522888751e-01,3.820728575921948922e-01,3.830813208410563941e-01,3.822757540575458801e-01,3.816670484167783983e-01,3.825096560227745912e-01,3.853261807573765685e-01,3.834449697109807986e-01,3.856691491325083820e-01,3.870318522075515411e-01,3.850347254617292880e-01,3.867897361797343891e-01,3.860261992081369664e-01,3.842217833881139133e-01,3.854148954376054315e-01,3.898892235656353233e-01,3.866287572580532350e-01,3.855293525882154126e-01,3.868029131945485144e-01,3.898020949384035094e-01,3.879309223701307152e-01,3.848351624141985172e-01,3.878930827224364442e-01,3.895057061580908253e-01,3.885580572736383465e-01,3.884660608059723463e-01,3.892589265216202521e-01,3.872258718768288865e-01,3.892271303186775055e-01,3.881705752021183398e-01,3.879059372243239823e-01,3.902339359502140503e-01,3.913960957789178741e-01,3.913115830465148104e-01,3.896996691461985796e-01,3.916625177176928374e-01,3.912344735317311861e-01,3.897893046314059307e-01,3.896002877431437583e-01,3.927928703251179487e-01,3.893722177938932494e-01,3.896414523809315078e-01
2.889925084410919776e-01,2.910070470445908497e-01,2.935135652473006562e-01,2.997909557491053034e-01,2.978442971705184683e-01,3.002992144056341739e-01,3.000372920368071239e-01,3.027565965570517825e-01,3.047889517753035182e-01,3.102521130406358241e-01,3.140113984663294167e-01,3.174959235682479619e-01,3.147799945754910511e-01,3.176574104464973125e-01,3.211300118441056117e-01,3.226759059792787543e-01,3.290503868541987953e-01,3.289182745488796189e-01,3.310376366943833526e-01,3.396071705257907580e-01,3.357972921972576241e-01,3.379220698904616405e-01,3.421729220205025901e-01,3.489403382766541051e-01,3.499296894769856614e-01,3.474156283462928596e-01,3.469642840977005260e-01,3.529731818626932749e-01,3.572003920340120486e-01,3.602964807103083422e-01,3.605172370293725503e-01,3.615462186066871197e-01,3.642087458293107871e-01,3.650637424838202860e-01,3.659121595553938011e-01,3.663858877614704079e-01,3.690117795279239665e-01,3.699996785293540036e-01,3.722959369807156138e-01,3.734900653438735785e-01,3.741611917616174399e-01,3.784957675315932524e-01,3.790537046694130718e-01,3.796894834649151007e-01,3.822789760237439993e-01,3.807671336265695539e-01,3.795189101942334498e-01,3.845721823785737681e-01,3.828670743219999006e-01,3.858845839201398564e-01,3.874116085542760324e-01,3.886930861117006697e-01,3.842997985924646032e-01,3.880065000399482988e-01,3.860851819938189156e-01,3.872609582189711630e-01,3.870626349697449120e-01,3.913409051978516962e-01,3.890976847872507638e-01,3.900194649911767897e-01,3.891657141603589998e-01,3.910611405268363816e-01,3.906120655068650027e-01,3.906723408049910251e-01,3.961513202130162448e-01,3.945385513083767282e-01,3.934147179432161967e-01,3.958043266541156346e-01,3.949320247861626831e-01,3.941541162044204238e-01,3.951917140491680858e-01,3.938284147132792290e-01,3.973718328607764305e-01,3.963705255332716781e-01,3.988609488280659421e-01,3.986346900451548936e-01,3.985893700089117586e-01,3.983675081663277107e-01,3.952648179550937169e-01,3.990444357952979693e-01,3.962495874441214205e-01,3.975086155702916568e-01,3.964501951208609376e-01,3.996797462532149514e-01,3.987338264425301371e-01,3.997997800922018508e-01,4.035880780394375256e-01,3.989626808013339576e-01,3.984931953376514846e-01,3.974082819386688947e-01,3.982501219571589757e-01,3.961892595115497628e-01,4.011349076052604934e-01,4.027577151318095794e-01,3.986178669665698671e-01,4.014058986407296192e-01,4.014800188783060331e-01,3.983479006823367197e-01,4.017001585988630996e-01,4.000756142862975095e-01,3.998288209891774359e-01
3.033544083961869364e-01,3.084537880411839517e-01,3.075536943348475827e-01,3.113460798763802995e-01,3.114393211463539202e-01,3.153624508503461987e-01,3.195100022865062783e-01,3.172366719206168861e-01,3.215136035892219857e-01,3.259162130735000495e-01,3.221275885254719640e-01,3.306477256770040674e-01,3.292448404169738274e-01,3.361943951967712452e-01,3.373175172084479922e-01,3.387055813133896809e-01,3.472725059082125698e-01,3.471536436996198738e-01,3.486651103685340924e-01,3.504879890376321194e-01,3.479913792697996722e-01,3.531723740298503000e-01,3.528033738076641335e-01,3.575685329167764270e-01,3.588585967281886502e-01,3.618296575532007342e-01,3.617107353563598360e-01,3.634218452077452310e-01,3.687837435461329694e-01,3.699119803739218115e-01,3.745449823400718303e-01,3.726691785435889970e-01,3.766024374370264827e-01,3.737729407977430363e-01,3.791755317329941755e-01,3.785783988177350290e-01,3.824091234282739338e-01,3.780132730682042586e-01,3.870500479281354100e-01,3.867957011167252324e-01,3.845451046646725657e-01,3.882311638070423676e-01,3.858924593506209977e-01,3.887435627703746399e-01,3.888872832533554758e-01,3.885026547251629880e-01,3.929846165172715122e-01,3.910831427932171533e-01,3.909635790950136691e-01,3.954432678280682123e-01,3.963402727345889942e-01,3.928789549881200327e-01,3.950593173541537273e-01,3.969993290610719372e-01,3.991468146522214044e-01,3.997910602986623485e-01,3.985643887729501955e-01,3.988360505343089835e-01,3.990041401455137193e-01,3.995152605751104424e-01,4.007885940613195586e-01,4.010090487969846240e-01,4.021085816341016805e-01,4.028928635178194440e-01,4.037231835355754583e-01,4.017780881476278876e-01,4.050934783703607489e-01,4.034842450475666364e-01,4.067330158326163403e-01,4.052091179240092100e-01,4.036857189599619700e-01,4.046341665456789638e-01,4.032805205903365331e-01,4.035425823241333143e-01,4.040050922794399813e-01,4.074013902960587630e-01,4.042545909603114662e-01,4.053263850494828180e-01,4.075476609885704815e-01,4.077606587802887206e-01,4.095906481619852602e-01,4.082790485511831879e-01,4.083631375398756869e-01,4.066788892224344476e-01,4.086921621172522889e-01,4.086320181698377407e-01,4.075624479654464949e-01,4.066091619281803626e-01,4.081744154839510030e-01,4.094614190016839794e-01,4.062072522305477662e-01,4.088710320402335618e-01,4.079973166170576260e-01,4.072376696128717777e-01,4.082021693411453378e-01,4.104238792605988673e-01,4.083912873250456488e-01,4.088146858843448861e-01,4.104231702511411117e-01,4.122537954129332216e-01,4.113343270147024056e-01
3.200622731376793761e-01,3.179795917099212388e-01,3.223969443673132540e-01,3.250131789997736109e-01,3.307395369997774837e-01,3.287722351361088702e-01,3.331686461463201909e-01,3.313639954395777854e-01,3.336230823364353393e-01,3.329325907791552130e-01,3.411609358111493684e-01,3.420161008659292068e-01,3.464699879670335991e-01,3.472353025623634570e-01,3.507434010626492848e-01,3.545666944660670894e-01,3.514245404057920741e-01,3.588468726086876393e-01,3.612440775949808391e-01,3.620235131548892316e-01,3.622432905272780501e-01,3.670518309377486799e-01,3.687230143730954590e-01,3.691171665833973270e-01,3.679070899178454868e-01,3.736100777472457501e-01,3.747775210757804398e-01,3.740654402355933494e-01,3.780389122065148655e-01,3.794129891267934429e-01,3.825125566921458442e-01,3.820989798700660800e-01,3.816584750935376746e-01,3.908114195224793863e-01,3.875340971851986005e-01,3.908088746697899185e-01,3.913195887674760232e-01,3.904121759928030344e-01,3.944903462630962587e-01,3.912002012746860768e-01,3.923758120992951737e-01,3.986020165404344784e-01,4.002063671270771339e-01,3.975481048763775394e-01,3.979450830810388751e-01,3.989444110111105557e-01,4.028716533610307016e-01,4.024435650312675472e-01,3.997616304505458573e-01,4.063369147068385812e-01,4.052438448900969048e-01,4.028268905117319831e-01,4.091440526863753813e-01,4.080356950860244969e-01,4.051136083490380901e-01,4.062310342714512967e-01,4.071608635128541320e-01,4.055078620814401291e-01,4.049896510382528514e-01,4.071434534358924218e-01,4.077251338467218211e-01,4.104856050527315725e-01,4.128693009766280508e-01,4.149282067172218591e-01,4.123089502540362439e-01,4.129562605165049138e-01,4.110174859988901530e-01,4.098395287786988361e-01,4.132481129600977798e-01,4.154642837038556302e-01,4.119942734912761528e-01,4.119132156595435301e-01,4.113515703565193138e-01,4.128387990813953135e-01,4.147795962390755653e-01,4.169190568744052250e-01,4.129231515505412675e-01,4.157950485730635970e-01,4.136798703109060837e-01,4.153101017751973933e-01,4.154897866798175077e-01,4.165267941607711522e-01,4.146633398113378499e-01,4.148060109369061665e-01,4.199077413978967721e-01,4.148187137720830697e-01,4.171494222820211206e-01,4.166707028508200295e-01,4.168188542059808599e-01,4.153559213747120005e-01,4.161441294208529373e-01,4.150125617305990278e-01,4.151246294996926434e-01,4.189322309190657845e-01,4.152882093597047297e-01,4.150136473246769930e-01,4.149692039481828187e-01,4.183990914431281460e-01,4.186350109499910044e-01,4.178914272363871696e-01,4.167020518635273785e-01
3.312059212366708083e-01,3.312095898074962075e-01,3.324232408489680712e-01,3.395107329375556260e-01,3.363721662236780485e-01,3.389512993696456311e-01,3.436545749117003168e-01,3.460443801856200596e-01,3.506692387414281353e-01,3.520371587883126541e-01,3.472373513585205740e-01,3.513573527644348604e-01,3.556014402107476879e-01,3.608679971654080165e-01,3.588403002077488746e-01,3.614482185234603184e-01,3.650981522509664234e-01,3.630732277825451382e-01,3.692064682368709772e-01,3.710124316021707891e-01,3.718852054100100224e-01,3.735455331249801780e-01,3.767507725387710393e-01,3.816206328909148016e-01,3.785486025433037471e-01,3.816374334986296080e-01,3.841803953436934704e-01,3.885274240242256316e-01,3.924034919877424921e-01,3.859631832041520716e-01,3.866477417073721501e-01,3.947702222205011213e-01,3.932624993109669620e-01,3.989557200986569296e-01,3.992263624936044364e-01,3.981397411658285646e-01,3.979576343218295120e-01,3.976412961289629844e-01,3.997561132063309763e-01,4.008388357676155866e-01,4.002663442748772282e-01,4.060437395523473492e-01,4.041518659700695237e-01,4.087056946022106230e-01,4.086997679339623435e-01,4.059852528601456401e-01,4.083874476690061983e-01,4.105631809896199691e-01,4.081814568471315297e-01,4.127982768307410510e-01,4.104923130801435005e-01,4.116894981972136214e-01,4.127979858520071099e-01,4.142207943433456885e-01,4.123250934885658303e-01,4.182780542542591240e-01,4.148601155479954561e-01,4.141744319899659521e-01,4.206277322280149167e-01,4.155750383181330831e-01,4.203967933474201946e-01,4.185632343483817186e-01,4.204405430990704184e-01,4.161828315676717738e-01,4.194915123351561359e-01,4.173245683570113718e-01,4.186519286943780616e-01,4.181927824796383697e-01,4.188905486769478048e-01,4.201507367475826871e-01,4.249593276764518368e-01,4.195355576136189923e-01,4.196453454297515706e-01,4.208644850489217659e-01,4.216900735584211968e-01,4.253505193066681178e-01,4.195933814975360554e-01,4.244021992043380265e-01,4.222619155392521861e-01,4.238618079444461118e-01,4.229748536858132235e-01,4.206324198116435098e-01,4.242799098025036297e-01,4.243908728938495800e-01,4.224531096968381361e-01,4.229409116772275268e-01,4.212123446133213545e-01,4.247152236527003133e-01,4.218507893533302577e-01,4.242407284653127442e-01,4.240585086031656292e-01,4.283641817044211431e-01,4.235767681955271979e-01,4.268891888192184458e-01,4.231677071527489842e-01,4.235602251440953037e-01,4.279653265818900709e-01,4.207513841609831218e-01,4.275157784808351624e-01,4.236834563878495996e-01,4.247348711374148156e-01
3.442989070544005825e-01,3.499239576424658105e-01,3.492283061636271557e-01,3.531170344834980157e-01,3.517186964131457927e-01,3.553490628932137185e-01,3.612895813410540446e-01,3.571077966063329057e-01,3.570526357279618646e-01,3.625603574026878828e-01,3.606918049996641340e-01,3.675146187966895628e-01,3.713011646653923692e-01,3.703213681529233248e-01,3.709170649637589801e-01,3.694385201231109583e-01,3.737168647140087785e-01,3.739354377697987064e-01,3.743854876469903115e-01,3.860836526659252588e-01,3.803380006049992268e-01,3.883474477433153105e-01,3.897896659124064911e-01,3.874667944565792777e-01,3.883126807871385422e-01,3.891903352484301637e-01,3.893608873872566600e-01,3.944644801554172409e-01,3.988130523494721746e-01,3.958379179846754359e-01,3.974700079220940818e-01,3.978026832750032882e-01,3.998987123431105295e-01,4.057496016730867683e-01,4.043776438790290251e-01,4.101051175164371898e-01,4.080444621020268281e-01,4.080863158193888118e-01,4.095091009449505215e-01,4.087973564911808189e-01,4.141032774893018686e-01,4.102412131370010706e-01,4.151311034232411656e-01,4.161665453112053381e-01,4.193094443730205900e-01,4.121838012762799597e-01,4.185419869281254424e-01,4.166030791660173538e-01,4.206680988360249063e-01,4.175651579256527413e-01,4.198853537233408484e-01,4.210506586824033781e-01,4.224385029527546465e-01,4.206800958782747069e-01,4.231875771810612030e-01,4.227818350804959380e-01,4.217245714584093030e-01,4.219798961427390083e-01,4.213757676635483951e-01,4.236354115493728978e-01,4.251646740745456121e-01,4.244521147569093045e-01,4.218204276878509407e-01,4.253380805194069691e-01,4.286829988383714096e-01,4.261383571311314622e-01,4.251523174941158612e-01,4.302023976493723478e-01,4.274125007293686496e-01,4.314183911369349200e-01,4.257037070950846491e-01,4.271538156165186617e-01,4.292729566070114244e-01,4.280832618625815544e-01,4.298935537364945159e-01,4.297345046600811735e-01,4.304074740762786067e-01,4.273146619122443202e-01,4.282064728626696626e-01,4.300498413042694312e-01,4.281149165471224149e-01,4.321635274392143233e-01,4.266164437494608386e-01,4.276579829453864279e-01,4.294718096043474431e-01,4.294920607513783573e-01,4.312029131403287141e-01,4.356790718768697168e-01,4.289727051007549141e-01,4.321329870930543660e-01,4.320064259694199604e-01,4.284543881921274444e-01,4.303162173354735387e-01,4.318809115586892955e-01,4.289485175900367153e-01,4.326256198772236439e-01,4.324444873526605559e-01,4.290417493718675090e-01,4.292561820505268466e-01,4.308083610822431297e-01,4.313604328541671973e-01
3.556359258802175294e-01,3.616410807094287971e-01,3.584961913021441626e-01,3.663108887793420365e-01,3.614134668361010938e-01,3.631208992461574803e-01,3.679253049829739330e-01,3.650645419692616356e-01,3.696261874584007567e-01,3.666753536132136837e-01,3.689751740288202964e-01,3.720854887847586112e-01,3.752851836566600263e-01,3.786950075246999781e-01,3.863333118717753312e-01,3.825337344624828440e-01,3.880893242762757933e-01,3.868660967800195971e-01,3.865403277280043404e-01,3.916610760373383515e-01,3.942068203032315088e-01,3.988035271032886464e-01,3.979757008800653972e-01,3.948980370638610071e-01,4.014970279534786357e-01,3.984156724036425623e-01,4.019372705068293694e-01,4.026038081077227826e-01,4.063257202024695980e-01,4.043619752786302146e-01,4.119269573779478777e-01,4.075466087325620435e-01,4.071879378440375619e-01,4.106996691873037730e-01,4.121239157242604367e-01,4.137388432429701668e-01,4.138293374315629158e-01,4.164509814716096381e-01,4.150985801964198751e-01,4.151839874743660785e-01,4.228707195017727960e-01,4.204505736399686278e-01,4.221988867637976872e-01,4.206130713630119589e-01,4.229053421882373875e-01,4.232061879914455482e-01,4.232058174026417929e-01,4.222579584494028371e-01,4.259796128155578510e-01,4.270950498260180916e-01,4.299946749424988224e-01,4.254626505866316855e-01,4.253577470574034236e-01,4.256413007785497804e-01,4.297616304163300316e-01,4.270766014836215319e-01,4.316708395844584545e-01,4.289954905623144521e-01,4.303643248038299673e-01,4.314377226218719663e-01,4.277602709172964590e-01,4.320759030034504455e-01,4.364068645192227258e-01,4.332560029744023100e-01,4.315403453326514538e-01,4.353264422929158384e-01,4.341706806508056626e-01,4.333322812903747101e-01,4.326782615667421616e-01,4.329901491004757297e-01,4.320214166019863411e-01,4.372925727726743039e-01,4.332557476613722036e-01,4.358623320621328734e-01,4.351334544640106383e-01,4.367482958062107734e-01,4.333179749964038985e-01,4.390695566993858545e-01,4.367672532319851753e-01,4.343297036720185633e-01,4.323457795769474199e-01,4.340965839574714158e-01,4.377476142524149294e-01,4.348769819213514354e-01,4.365939686131798947e-01,4.363563984743757951e-01,4.375444129730313159e-01,4.402685994887465259e-01,4.384425746883293118e-01,4.349462679398449216e-01,4.388734448163000845e-01,4.352540640507074898e-01,4.368199913639725929e-01,4.389380040047792808e-01,4.383716001782021476e-01,4.353848035163662145e-01,4.388542343621373298e-01,4.364846022776577295e-01,4.376785180637446371e-01,4.413067316668929929e-01,4.374593422670136622e-01
3.663124541561218472e-01,3.659489391063729391e-01,3.690937968866466190e-01,3.751919618757872943e-01,3.699691834103732702e-01,3.742605424939177694e-01,3.733324182711094674e-01,3.771143724408708153e-01,3.826600645639149922e-01,3.787223380703251263e-01,3.825819054960449828e-01,3.875992658565813320e-01,3.890320180636249736e-01,3.897435553380455553e-01,3.876072619065262792e-01,3.915577193389290223e-01,3.911868077073928918e-01,3.912718075041493604e-01,4.013419132787909294e-01,4.002089466588368838e-01,3.984138717488432957e-01,4.021351896240037416e-01,4.000897452010673816e-01,4.058462283666532944e-01,4.059802813382732967e-01,4.068802756476138649e-01,4.126462000782991635e-01,4.108901078141151686e-01,4.129424719435549340e-01,4.162188094697135687e-01,4.157002714084315209e-01,4.146298669449837160e-01,4.201203310358884169e-01,4.180323414762472378e-01,4.230466772163543054e-01,4.193435347553484682e-01,4.225457489513388953e-01,4.216267813358496874e-01,4.278802774191921010e-01,4.211958961699208692e-01,4.264890637254097894e-01,4.252925004796802022e-01,4.301254782588423975e-01,4.269798140680987064e-01,4.305978485999057415e-01,4.317909026431867581e-01,4.299166054372070001e-01,4.332532621518898064e-01,4.294156946510092054e-01,4.314010943222287287e-01,4.308193614406656269e-01,4.354361754094580039e-01,4.329511418590082372e-01,4.322601368365224239e-01,4.351859011783157927e-01,4.349941706149688669e-01,4.346818551160389066e-01,4.353225984212100719e-01,4.414607710639533722e-01,4.371440735194436211e-01,4.371614323931426460e-01,4.382387930494842654e-01,4.360298266426050895e-01,4.393485487308770865e-01,4.398060380929241231e-01,4.374861244577526453e-01,4.405630399195238356e-01,4.430845674369877085e-01,4.408885575807934276e-01,4.411187752740586832e-01,4.394823196039599478e-01,4.418244691217665387e-01,4.409132220840068506e-01,4.389281893487803621e-01,4.434854078464162686e-01,4.411760273824685830e-01,4.425131262642855723e-01,4.405568372118686127e-01,4.421119422145527444e-01,4.416200573370106519e-01,4.455259907044015755e-01,4.434601066712458572e-01,4.417175282640239953e-01,4.434848280082542282e-01,4.424116548262865822e-01,4.418445507551184703e-01,4.423061729818488219e-01,4.455236279410364486e-01,4.442405484611605671e-01,4.419386094829416689e-01,4.443956199413699459e-01,4.411034124585313521e-01,4.437684865241598442e-01,4.443424359554403735e-01,4.410912062637196707e-01,4.433779349469144093e-01,4.424273924674970715e-01,4.441333081050994891e-01,4.451425638815891261e-01,4.445827285616047453e-01,4.472516881974379910e-01
3.765284719505902489e-01,3.757667812053360201e-01,3.749434476403733507e-01,3.792355971947634630e-01,3.813607493152015859e-01,3.834796966299612309e-01,3.840967876117545865e-01,3.832991721786911388e-01,3.839533479055035059e-01,3.875192755827418511e-01,3.925169797823971907e-01,3.916945686086809597e-01,3.943818016640773250e-01,3.938075803712657308e-01,3.981835091614926436e-01,3.998036125135164820e-01,4.035359028526479541e-01,4.008743568888027409e-01,4.036486822918300410e-01,4.088509821276082312e-01,4.092529977028849242e-01,4.059554506203496560e-01,4.089995819647318509e-01,4.145615092282319836e-01,4.158625791077757428e-01,4.137323648545794263e-01,4.158795323721899972e-01,4.184701316293127360e-01,4.170103001684383193e-01,4.200275627407339951e-01,4.226264470957166175e-01,4.225630594802659568e-01,4.239785834979787338e-01,4.270190122471247407e-01,4.268103606822568064e-01,4.275985723048930098e-01,4.312469591003590952e-01,4.328352383969411021e-01,4.320176016751748893e-01,4.300172978878101238e-01,4.308295125699616590e-01,4.310853176748086213e-01,4.361403544083235495e-01,4.349331677378677208e-01,4.368755369741376127e-01,4.350226675790931363e-01,4.387657259128580622e-01,4.408880700099312988e-01,4.378319555845673894e-01,4.360670563409897449e-01,4.384446256338766501e-01,4.386890455744649198e-01,4.426473967372885343e-01,4.382048185461289158e-01,4.444669475008656279e-01,4.421826024595853499e-01,4.395068752883010132e-01,4.409901302394766409e-01,4.451717545148648481e-01,4.426236287034045480e-01,4.411502756967574657e-01,4.420874336612950484e-01,4.474702565644409491e-01,4.446555688789384231e-01,4.437098851768402352e-01,4.449177025977337774e-01,4.474635289360148205e-01,4.437463834022233322e-01,4.435146044012692745e-01,4.465027777246802776e-01,4.458707347576408853e-01,4.471943617964639905e-01,4.466834932632389177e-01,4.468853213483437448e-01,4.466804221692590726e-01,4.506435555107810575e-01,4.487699210175613018e-01,4.484683047531757283e-01,4.453312127611341875e-01,4.466997939795062655e-01,4.468372956650707439e-01,4.495554089315992874e-01,4.499916114363300412e-01,4.475474312158458368e-01,4.458470210873134998e-01,4.495462884037638718e-01,4.488084899377111081e-01,4.479005830717053827e-01,4.471760365139637594e-01,4.499818430159285843e-01,4.524158582059672473e-01,4.503969883536369512e-01,4.479477130852678179e-01,4.481357490094893814e-01,4.493194881934908791e-01,4.462652876037930261e-01,4.496641008211167412e-01,4.514836189287723123e-01,4.491572074077014864e-01,4.501366538875998802e-01,4.499572252633575187e-01
3.865778771397260782e-01,3.868056408176622774e-01,3.875234308974051523e-01,3.898132641601139703e-01,3.887260104629040591e-01,3.970233853170509475e-01,3.938200918528441119e-01,3.969721797761106008e-01,3.971593298487808843e-01,3.985575693628745086e-01,3.985459498494723918e-01,3.991512981820790062e-01,4.053765804206724832e-01,4.046298607434901662e-01,4.038098349358765771e-01,4.069581052950106415e-01,4.103097934469518426e-01,4.118219398405402187e-01,4.090198524650018874e-01,4.159968251844554654e-01,4.198445035557635818e-01,4.197013483875314810e-01,4.192540061555053432e-01,4.199884893680077003e-01,4.207322974943775717e-01,4.216919957081228243e-01,4.235596550176184416e-01,4.273691098976691305e-01,4.258884745128709293e-01,4.251629512396429833e-01,4.319164905583046110e-01,4.316847644626828906e-01,4.295403911342486336e-01,4.304991917228179754e-01,4.340549295488475012e-01,4.316683199137999472e-01,4.350614039522983645e-01,4.361412113631050746e-01,4.370417923305809915e-01,4.374350037844617067e-01,4.397282779149411791e-01,4.423502085008972351e-01,4.412394493080861735e-01,4.396067333991297010e-01,4.417497689629755198e-01,4.408853926629413555e-01,4.443794235919470981e-01,4.424124859458670178e-01,4.450345898695362568e-01,4.422779559359376611e-01,4.436363253991970623e-01,4.427003239809333413e-01,4.467516957686782919e-01,4.443830733525947485e-01,4.477181426876175041e-01,4.478910744288438495e-01,4.473024042470252759e-01,4.452524393142710535e-01,4.459621295798436580e-01,4.479434637185138457e-01,4.485164852208020636e-01,4.485674096197034277e-01,4.472533151208130664e-01,4.521118849938842721e-01,4.508650475591904905e-01,4.501356237630613766e-01,4.492409957666122500e-01,4.542807430900528409e-01,4.507198717627717843e-01,4.508652432474395955e-01,4.553773333800854584e-01,4.525803132152968478e-01,4.542784091042015859e-01,4.508995607880254552e-01,4.541469965211725190e-01,4.559105385888818640e-01,4.489151551564549703e-01,4.531024192279392016e-01,4.568405933088774962e-01,4.574832949307502394e-01,4.540326244717596271e-01,4.520509947389820815e-01,4.523042360715819887e-01,4.542744638260236001e-01,4.525213761944378854e-01,4.500430191501995081e-01,4.501407926468475873e-01,4.543512519652792570e-01,4.564796430639420088e-01,4.523762837503002565e-01,4.546428316020261207e-01,4.584527955291066159e-01,4.534812942983419970e-01,4.589266956154934851e-01,4.534155159181681438e-01,4.525485656579106841e-01,4.542059283771020528e-01,4.531083127593408255e-01,4.554593421802031195e-01,4.520211948530549750e-01,4.552713049087603325e-01
3.940561027668532113e-01,3.950124137324939055e-01,3.954685473813727148e-01,3.957486716483457068e-01,3.958625849351519732e-01,3.961776579871423287e-01,4.016895445307885892e-01,4.014459045219526123e-01,4.034036725434654858e-01,4.043132429374420855e-01,4.090926308622379048e-01,4.112584934913206536e-01,4.102588171271659423e-01,4.131357634014804492e-01,4.180500454616546402e-01,4.112616687478686250e-01,4.183414560327956555e-01,4.150836407244768989e-01,4.180311168306075076e-01,4.222699921890578634e-01,4.224604952189271456e-01,4.279770889500215114e-01,4.235483402054100455e-01,4.277839809940239268e-01,4.249564399079355237e-01,4.280930006213725658e-01,4.287166552359353289e-01,4.339465945961238358e-01,4.350915065449859620e-01,4.336079917016104623e-01,4.355373350193501580e-01,4.404867566844930526e-01,4.369287583366759375e-01,4.393154113692140372e-01,4.410331072973912581e-01,4.421294367854434748e-01,4.409710642696875738e-01,4.429130706705956544e-01,4.416627139477735664e-01,4.429850569889522416e-01,4.476151064004244007e-01,4.446494363013321904e-01,4.440752790125899185e-01,4.456208192676600621e-01,4.488190685457563722e-01,4.464384814823560421e-01,4.503837212384088629e-01,4.520227429249523143e-01,4.486274774635850560e-01,4.483411271556401179e-01,4.477575350313809377e-01,4.484336508686361245e-01,4.511567847347018323e-01,4.510911485500344598e-01,4.517657712664359115e-01,4.524709226815862295e-01,4.525529473789963175e-01,4.522683044147404741e-01,4.542036798569654144e-01,4.516411272076325534e-01,4.573496564533416353e-01,4.518669734378710223e-01,4.530222103755749408e-01,4.571632025466170757e-01,4.565962402096050976e-01,4.558357746546722322e-01,4.568715949698935463e-01,4.591098462687279169e-01,4.563238238815675030e-01,4.538160074222243323e-01,4.527409776708778977e-01,4.578374542916158196e-01,4.542039722980971694e-01,4.570002743628729935e-01,4.579514897125794293e-01,4.605423031987288529e-01,4.554574430092282467e-01,4.565352542944232650e-01,4.591959810953742949e-01,4.534869893996135159e-01,4.563565291313670946e-01,4.563613194057569711e-01,4.546104717459854561e-01,4.562924190791828316e-01,4.580484500192932296e-01,4.610812631400528772e-01,4.593241215260650545e-01,4.586333390024836532e-01,4.593597417729142762e-01,4.583303203093917477e-01,4.568976365173301746e-01,4.598428562102416794e-01,4.558009866849676017e-01,4.585343850201211158e-01,4.616167295753439981e-01,4.593165207806406136e-01,4.586844510021317878e-01,4.640454775406216426e-01,4.582716280131575171e-01,4.599826702832754410e-01,4.607179553814435002e-01
4.029698414263343520e-01,3.998844042309672719e-01,4.027205043738644741e-01,4.086121249622102769e-01,4.046746311849943045e-01,4.082780706784460145e-01,4.120212046154033692e-01,4.102081009478273366e-01,4.083753285329587701e-01,4.091948684351858212e-01,4.125371472634088987e-01,4.170652670016342101e-01,4.131467021915572468e-01,4.219203851938506666e-01,4.187334475444529081e-01,4.200330178979371221e-01,4.253940896256052651e-01,4.288017896270988616e-01,4.264911869082983475e-01,4.257062932399984789e-01,4.256990279179905245e-01,4.306661981934516437e-01,4.286994188836213415e-01,4.340705396458554577e-01,4.337676888527460251e-01,4.352931695169177106e-01,4.336577722306534377e-01,4.404065258897752466e-01,4.392899310259536505e-01,4.383493083845972915e-01,4.418172762732302528e-01,4.419355823057770638e-01,4.423388064187359636e-01,4.453201957295734315e-01,4.466726934787653147e-01,4.420493241543353991e-01,4.497673326544409655e-01,4.442562133954941483e-01,4.472004224147012041e-01,4.478898088358123641e-01,4.498578557800312350e-01,4.476034090570339963e-01,4.517757240176041300e-01,4.492961540560884148e-01,4.544127292160149989e-01,4.503858921408903093e-01,4.540602590042783770e-01,4.556120329197406171e-01,4.547481430228583754e-01,4.567308947230434013e-01,4.587472330912610308e-01,4.552904968895522542e-01,4.541624170981020669e-01,4.536925741369413623e-01,4.565523381809684089e-01,4.566397747170553578e-01,4.588664908128414766e-01,4.576539759789060580e-01,4.585246790991476251e-01,4.569559317272671728e-01,4.572516253404954600e-01,4.616775332457450642e-01,4.605393174060395944e-01,4.596252732156442256e-01,4.564346404285389291e-01,4.634806683192394527e-01,4.609801963292656790e-01,4.575581346524010273e-01,4.589384759250206836e-01,4.643431246197621820e-01,4.639376062786237931e-01,4.624037131382899291e-01,4.595320020250895920e-01,4.654918510713914603e-01,4.611589558867609795e-01,4.633785689279638076e-01,4.629918123817539088e-01,4.608732780577271537e-01,4.613245256541160244e-01,4.607570715161691255e-01,4.587977951705271007e-01,4.631858325948063348e-01,4.614548608644113981e-01,4.603069917124487653e-01,4.645272843818882835e-01,4.676545063200585606e-01,4.638109063438332624e-01,4.656131484717576652e-01,4.639715336684896996e-01,4.658093436404604493e-01,4.620097831219562301e-01,4.643065690194223549e-01,4.624701169099938447e-01,4.643134889870116910e-01,4.649704263021670614e-01,4.617880580922937850e-01,4.663788198050312639e-01,4.643132856442203638e-01,4.632306979833485383e-01,4.620378518074589880e-01,4.611434072640436255e-01
4.087071350886481991e-01,4.095761058436730440e-01,4.125698822271742228e-01,4.102432472782900907e-01,4.134310010941527613e-01,4.182132823419411061e-01,4.158176076798149046e-01,4.167282957057966697e-01,4.154472331927779316e-01,4.194663799652400549e-01,4.216448700511215009e-01,4.223991155168062006e-01,4.230449985822229975e-01,4.274240209950194713e-01,4.249273923866423996e-01,4.259905653261486513e-01,4.316569581505054209e-01,4.307914766341015556e-01,4.350264669137654527e-01,4.284835877467212395e-01,4.365734259721145150e-01,4.357814141757924142e-01,4.331386822713787499e-01,4.343915998047394034e-01,4.361214289527993171e-01,4.388716974216121391e-01,4.379821138530870517e-01,4.427024250140775274e-01,4.468046903643835277e-01,4.447486684339269081e-01,4.473347105424552717e-01,4.450163305822441573e-01,4.463244955218489962e-01,4.488127918791967597e-01,4.533735706382233666e-01,4.517056140057859048e-01,4.499211979626454583e-01,4.510157989359573905e-01,4.484539395218203328e-01,4.505092365984879055e-01,4.585296122091919724e-01,4.529797427862957693e-01,4.538491524044854786e-01,4.567529190192983757e-01,4.558609437613147519e-01,4.557872775315611746e-01,4.551894372068838179e-01,4.566621281929431619e-01,4.569443838724853713e-01,4.597757547336608908e-01,4.630571032500553352e-01,4.607177040453734884e-01,4.579360528231134486e-01,4.605521969278645877e-01,4.600964444172646606e-01,4.602738567811903714e-01,4.642510614474943398e-01,4.618289759025020480e-01,4.633782820828774573e-01,4.626772238802904225e-01,4.655163111899437989e-01,4.619166140697401612e-01,4.660650125239149677e-01,4.648753410872244474e-01,4.673517518913402613e-01,4.689217579291222737e-01,4.622314811274921276e-01,4.670565342202444015e-01,4.659073778218884021e-01,4.654525795451330272e-01,4.628974855291168033e-01,4.649834002245637476e-01,4.651052036717847060e-01,4.658162293374982221e-01,4.672643374669196437e-01,4.670628486339560848e-01,4.665927358417580884e-01,4.656161338202021160e-01,4.667074329547820088e-01,4.680198452186889457e-01,4.679326132111405467e-01,4.683599905023749232e-01,4.671674515894316815e-01,4.703714645634999858e-01,4.663333944915892260e-01,4.658225511368847549e-01,4.656428945965466748e-01,4.698261900532411106e-01,4.707014013340524716e-01,4.651327154040494349e-01,4.689071945894551785e-01,4.682827012036139269e-01,4.668217757084597852e-01,4.684130776510731509e-01,4.673223151170661782e-01,4.657675515651890086e-01,4.685880466215316398e-01,4.673423870789840118e-01,4.668637954671770451e-01,4.680113780201030083e-01,4.672373744758042124e-01
4.152655014616684626e-01,4.156087355162768060e-01,4.196165297930410376e-01,4.158333713433823853e-01,4.202804682348195153e-01,4.207518934796389276e-01,4.216983316138643301e-01,4.266188401338091296e-01,4.234411637363170722e-01,4.232768687831477417e-01,4.273336171740956257e-01,4.289478445628456815e-01,4.258227235879038508e-01,4.307583622158707715e-01,4.316501590463029392e-01,4.321708419458263895e-01,4.351013018805204302e-01,4.359333382529961831e-01,4.391328959468235871e-01,4.388760054705025393e-01,4.400771647964109023e-01,4.434758808862075963e-01,4.398768391915631182e-01,4.473213373493972189e-01,4.428753782508392800e-01,4.461000260095464576e-01,4.491507409391269356e-01,4.468591282005492382e-01,4.519629458656881371e-01,4.518636594731569311e-01,4.490750935832176216e-01,4.547947972179403608e-01,4.507208772555943432e-01,4.524281797298232433e-01,4.516879174503800609e-01,4.532800003178933945e-01,4.571697057504832129e-01,4.552460907165709614e-01,4.565096969554192641e-01,4.556959580186436543e-01,4.576777568008424391e-01,4.618233050836498266e-01,4.569976015013135218e-01,4.637064086227243309e-01,4.592573622450881743e-01,4.599860188230791014e-01,4.637134110561270117e-01,4.608847758857571586e-01,4.622869728872924799e-01,4.641248339394368760e-01,4.613129741814143148e-01,4.617742890315612025e-01,4.633944826794016980e-01,4.633331336729799022e-01,4.649633488701422901e-01,4.644174177952287152e-01,4.693154518460643243e-01,4.641640211081788925e-01,4.702728505869848141e-01,4.651235616303154852e-01,4.704659644480149172e-01,4.657698953159952748e-01,4.680528802341153427e-01,4.708874096860729552e-01,4.657238007855790118e-01,4.672229171835662886e-01,4.661435064326529543e-01,4.724122541633479777e-01,4.726112233640678562e-01,4.671948298775523978e-01,4.693135547743692570e-01,4.716334407600327183e-01,4.690859760822175262e-01,4.708973360485607662e-01,4.681321347777436803e-01,4.723743937469271348e-01,4.715079855229062367e-01,4.684311382918787126e-01,4.701962571822423387e-01,4.699411133540692953e-01,4.710750266390524299e-01,4.723902795819134859e-01,4.686230965820545324e-01,4.709478750375024614e-01,4.723719744822967304e-01,4.700890786992693027e-01,4.721778980893497346e-01,4.745648370370172398e-01,4.687961778111802702e-01,4.691864485996262712e-01,4.706059047041750709e-01,4.710209046273072797e-01,4.698339399155706531e-01,4.696403229680587987e-01,4.729419532071660881e-01,4.725392471037538900e-01,4.718493777956206947e-01,4.720561839348195732e-01,4.692693994446602290e-01,4.708194723302384643e-01,4.727110277842953567e-01
4.201191554886430923e-01,4.212733634294468787e-01,4.196498370940940914e-01,4.249252041596065510e-01,4.239405374601972198e-01,4.225097093491688716e-01,4.317082202419031400e-01,4.284027775753270206e-01,4.317993189192162462e-01,4.311222457881243031e-01,4.278875330193832038e-01,4.359023113047804099e-01,4.331347238042066450e-01,4.352278875183550610e-01,4.381601201452164918e-01,4.413219846811651248e-01,4.400049707661508602e-01,4.394988226914334217e-01,4.408543528628190433e-01,4.405730177180096074e-01,4.466665566969487688e-01,4.439402774438347965e-01,4.463221538796758314e-01,4.479431971492561226e-01,4.526129957791621972e-01,4.501069720757833181e-01,4.513852782401981956e-01,4.524664238330832755e-01,4.539428356524855546e-01,4.545053818175695537e-01,4.551437593061228859e-01,4.576338834151921775e-01,4.544320070810725642e-01,4.568945488450882886e-01,4.598637981161441401e-01,4.575570798744118539e-01,4.598070918786487660e-01,4.618018385074605936e-01,4.605320022167656013e-01,4.582749375326276020e-01,4.598546135163639748e-01,4.623971349752761806e-01,4.625404448497907328e-01,4.650194910915510516e-01,4.671293075670847617e-01,4.675659395705653587e-01,4.653683306521486651e-01,4.677773994660925361e-01,4.660625638747220023e-01,4.682550901660151310e-01,4.671758365422463144e-01,4.676828127102212740e-01,4.694037901884023367e-01,4.702636046681318294e-01,4.680034852601021034e-01,4.684962243795776082e-01,4.672968051118621680e-01,4.705279605466581860e-01,4.680540949587086996e-01,4.706787754213395125e-01,4.724939301909657496e-01,4.714569585580414279e-01,4.717267866246227515e-01,4.710162902162143284e-01,4.718716303482241026e-01,4.737590267287143386e-01,4.708712004395893547e-01,4.725874126237736839e-01,4.763390978130060405e-01,4.725849125924946881e-01,4.704061297884464810e-01,4.741105947184058866e-01,4.740420687061755456e-01,4.760472078478328317e-01,4.730855018713502336e-01,4.736645843146545243e-01,4.742790389306916210e-01,4.736335256547802297e-01,4.762410243302902524e-01,4.723803993027237413e-01,4.724411817476054654e-01,4.685683725700427460e-01,4.731108139231574028e-01,4.760076385963490364e-01,4.717015563857916982e-01,4.774064492704557794e-01,4.776162075968959919e-01,4.754082385921700182e-01,4.739289129660990141e-01,4.783924269384149941e-01,4.790473096481355220e-01,4.764054623305582492e-01,4.730922376386813011e-01,4.741622220935282628e-01,4.750059720533184038e-01,4.776337092958203856e-01,4.784760456280014451e-01,4.749289936752161823e-01,4.728492895383715200e-01,4.735583465217096943e-01,4.732481302152322100e-01
4.290398494189983092e-01,4.269990429935124343e-01,4.286021332172436082e-01,4.296834381980045303e-01,4.311724427881503674e-01,4.302439530487269792e-01,4.321900649168219366e-01,4.325992639470109813e-01,4.379481596985875247e-01,4.368744848893497124e-01,4.368379203043646353e-01,4.392388030268032373e-01,4.402245670268222222e-01,4.380409192242453731e-01,4.423078086408389620e-01,4.433853431842761372e-01,4.426975323629979697e-01,4.500641469990314114e-01,4.454110998005635924e-01,4.492995215562164968e-01,4.476235341307532312e-01,4.506143923096169734e-01,4.525670022769779366e-01,4.541364442258745138e-01,4.544748764702296606e-01,4.534942344012762305e-01,4.594237261212342216e-01,4.555130981697291803e-01,4.578813647511498774e-01,4.577060551435323532e-01,4.597693643013909259e-01,4.605152545209771908e-01,4.629847306280103769e-01,4.609752878772792606e-01,4.621526451311787076e-01,4.618448853328520620e-01,4.621628741938277884e-01,4.654094713460042998e-01,4.649062451901045945e-01,4.627808608593829698e-01,4.701013016867001681e-01,4.686669992239227978e-01,4.673701298550086980e-01,4.680010984512291694e-01,4.685855763426258203e-01,4.700007541550819123e-01,4.710121091743076360e-01,4.705444834654640696e-01,4.709905765688264800e-01,4.684820219261939811e-01,4.712702968419234528e-01,4.703174133392312162e-01,4.696695215158150916e-01,4.697594434210475844e-01,4.728737141593885029e-01,4.740218577156442015e-01,4.738989363420174072e-01,4.757686149157984712e-01,4.736520288518350497e-01,4.778688494539467535e-01,4.779214863369945498e-01,4.733783441225625777e-01,4.731167309343700667e-01,4.773100186121182475e-01,4.764590020790882563e-01,4.781616976091019877e-01,4.780047665448411420e-01,4.722582237316828579e-01,4.755918764656385522e-01,4.757192449050227090e-01,4.722500511542740975e-01,4.780962677173825059e-01,4.771915083463952323e-01,4.764017236505965758e-01,4.753119205832150307e-01,4.751367713230167933e-01,4.757501641904413048e-01,4.759490529715377227e-01,4.799652831447367984e-01,4.803699992160974097e-01,4.791956550803309067e-01,4.799124479445742719e-01,4.769896586290499618e-01,4.783296715363627438e-01,4.775298995045690886e-01,4.762795457224015538e-01,4.777039632511187461e-01,4.772491585640910028e-01,4.753799406064950772e-01,4.783503251570004888e-01,4.781356322226185673e-01,4.804269456441696007e-01,4.789838813369513559e-01,4.775702265968728155e-01,4.751892678619470956e-01,4.838291970844001422e-01,4.768592202031831095e-01,4.789164370972818774e-01,4.789758402870656906e-01,4.767168734477190140e-01,4.781966658904033274e-01
4.318038935026414782e-01,4.295687864343361029e-01,4.319999213939587634e-01,4.373465325057627195e-01,4.334285357222916191e-01,4.390243339322526528e-01,4.423583964718645345e-01,4.389135868780797978e-01,4.401374321574171300e-01,4.419732013924817515e-01,4.426269028033175124e-01,4.433906482579598740e-01,4.467715513988896880e-01,4.464222223610668228e-01,4.475928341125192667e-01,4.511492726254870411e-01,4.504924784802112336e-01,4.532325454604593240e-01,4.517512156989880179e-01,4.528207984602242719e-01,4.573291716028456966e-01,4.563619504096858015e-01,4.575815414087048283e-01,4.572631389520017686e-01,4.586249874174596619e-01,4.574634439060538682e-01,4.625570284259763465e-01,4.607560061901536108e-01,4.599867011905983127e-01,4.624516559605571508e-01,4.649448141799061296e-01,4.658850154958193435e-01,4.641525147868920120e-01,4.662793612812820565e-01,4.651352023291508431e-01,4.654167741601992203e-01,4.649874200460871743e-01,4.681706146848452210e-01,4.677218717132038406e-01,4.710394503845637404e-01,4.699910310703231398e-01,4.692926689217978287e-01,4.697427660344503653e-01,4.726193263079248585e-01,4.714153465506732421e-01,4.737764017417470663e-01,4.727111714848870605e-01,4.753020721313946373e-01,4.718104923543502416e-01,4.720171854535016309e-01,4.738540293141842441e-01,4.740225411950859113e-01,4.753719064759420743e-01,4.744271506733761523e-01,4.735988006634274106e-01,4.799854985130116436e-01,4.771893222728608719e-01,4.810684918925011155e-01,4.776298962692910322e-01,4.751944559060724549e-01,4.785733197859134425e-01,4.770167142682041339e-01,4.795950595991306797e-01,4.773501683047088329e-01,4.783901812979668988e-01,4.790341220283680368e-01,4.784206713631958263e-01,4.819517654050421984e-01,4.786212981616082551e-01,4.774307044958008839e-01,4.808478751383287730e-01,4.813454167435591291e-01,4.771495016728717342e-01,4.827072407070081561e-01,4.798387379853588652e-01,4.808857542687207109e-01,4.845262110833529201e-01,4.800687793834436112e-01,4.817006522143787994e-01,4.824593402836129252e-01,4.809960508463230200e-01,4.803026308916560905e-01,4.845684837590251148e-01,4.822933454650097929e-01,4.812959216364749993e-01,4.831536482521805453e-01,4.810658347905267251e-01,4.829675331064490207e-01,4.814834308580029920e-01,4.787993971182513686e-01,4.808546941411057096e-01,4.833823153725554378e-01,4.859413778637503012e-01,4.798301838461391799e-01,4.833180637787801159e-01,4.828869432844486442e-01,4.820478459943592364e-01,4.823126029662175296e-01,4.832161522206177562e-01,4.853334520825670628e-01,4.829246708000229926e-01
4.361585650065856745e-01,4.379458854840518889e-01,4.371916232716092088e-01,4.362228442434342157e-01,4.399775666912461025e-01,4.408738626551992335e-01,4.427459103180069189e-01,4.421746843505322544e-01,4.475381452946365357e-01,4.473193151776893584e-01,4.492515858104581539e-01,4.504087820482533533e-01,4.461440955507749995e-01,4.503151778971221653e-01,4.507985596372451331e-01,4.550335367180042834e-01,4.522294146335413823e-01,4.551296655603019325e-01,4.544810588450916011e-01,4.592423355852024991e-01,4.556996612442665850e-01,4.579451910258069414e-01,4.623553213836115172e-01,4.612910545299732101e-01,4.620285130270956331e-01,4.630266079063883877e-01,4.625817873729433094e-01,4.672438519032839355e-01,4.651498871382866995e-01,4.655110907109114016e-01,4.677477974348218659e-01,4.670899127551801921e-01,4.664712297987076983e-01,4.678467689814618802e-01,4.708087038987284201e-01,4.707414297426577021e-01,4.718354137812703630e-01,4.726821717390599642e-01,4.730132673302353541e-01,4.699133026525338930e-01,4.744376292400411810e-01,4.746545151697294518e-01,4.743603762589596595e-01,4.747467960537365417e-01,4.754887160697029436e-01,4.750569071259492793e-01,4.788163167826611777e-01,4.786964535436434298e-01,4.810537525577646689e-01,4.748984202506419394e-01,4.766799405209731222e-01,4.784223128282207860e-01,4.773605831245479880e-01,4.774184287320891174e-01,4.783276869088257666e-01,4.803766827785456162e-01,4.816362084917341080e-01,4.786010297566255511e-01,4.792763309135513183e-01,4.828551821488909490e-01,4.785945701538115160e-01,4.808492438627417487e-01,4.823506378415966522e-01,4.802788957576975548e-01,4.788822557958167803e-01,4.821617263382536600e-01,4.839578077385283672e-01,4.825151692716670992e-01,4.852905165307970226e-01,4.795250288761527258e-01,4.815396190166428281e-01,4.815065196830631833e-01,4.834050993414317210e-01,4.842369544214771837e-01,4.826332133838076022e-01,4.837947552115757222e-01,4.840403010166611786e-01,4.815481877797054278e-01,4.822745333734710926e-01,4.857569834916198315e-01,4.857878529712542637e-01,4.858575579887339235e-01,4.816115920467207712e-01,4.813098954592303635e-01,4.847511874883208560e-01,4.838329162538642092e-01,4.863029565014101996e-01,4.848547929688737934e-01,4.864708082079876039e-01,4.864679046022434283e-01,4.843516285312439718e-01,4.797990060989877903e-01,4.872243771287403935e-01,4.843557248989587283e-01,4.857079180484661363e-01,4.831545711019511469e-01,4.865415194619267525e-01,4.810833976439805593e-01,4.886095092332769507e-01,4.828825066263640053e-01,4.837541279033982788e-01
4.424617824196256932e-01,4.424204080803025296e-01,4.439078159577754534e-01,4.449216870937199308e-01,4.438139091782681844e-01,4.473572200561839463e-01,4.482218542359246993e-01,4.502850809847088187e-01,4.490551430835480473e-01,4.472298067330956473e-01,4.522631742655539577e-01,4.524071892012429541e-01,4.578254296169523285e-01,4.526050945165924766e-01,4.545650084741375552e-01,4.542506165408227159e-01,4.571235066792131430e-01,4.541466340643861566e-01,4.584314259699068250e-01,4.605625584477161527e-01,4.600561349714553105e-01,4.612534015237775287e-01,4.633864144246692129e-01,4.685884121777451616e-01,4.654655856895624222e-01,4.634663615448275098e-01,4.667194790196691478e-01,4.717053219429422350e-01,4.723504806299206882e-01,4.687337626465554186e-01,4.678813059414420605e-01,4.726134945981604329e-01,4.720555649130712683e-01,4.698414686993159228e-01,4.759550335209397076e-01,4.723020279643085906e-01,4.758832619498170602e-01,4.736556776059426821e-01,4.752116741493254692e-01,4.771495735318417308e-01,4.793479906989193684e-01,4.765083324145079069e-01,4.795044526444416921e-01,4.758718004806346547e-01,4.800263393879722340e-01,4.795915718496240876e-01,4.787151198647848771e-01,4.786450371976473384e-01,4.802460480918465113e-01,4.807899307063459582e-01,4.809335082053285970e-01,4.817208203705061198e-01,4.834886918570457937e-01,4.862393378895568108e-01,4.846140215922312700e-01,4.831017752986117575e-01,4.820342951279675825e-01,4.821734284535751924e-01,4.812773226498589518e-01,4.820621583439740343e-01,4.824882058630944881e-01,4.851342528974525448e-01,4.824952897278773634e-01,4.818093375139740342e-01,4.849111268716299605e-01,4.833800454202787922e-01,4.825066319387036895e-01,4.853087240026020543e-01,4.882155899533938692e-01,4.858149733590828023e-01,4.859102655892823530e-01,4.838882372383468966e-01,4.886071452007193505e-01,4.895235900362343573e-01,4.881528533739802889e-01,4.879536622486451147e-01,4.835511913917722171e-01,4.859173573848785121e-01,4.907571564653870344e-01,4.859162983793731683e-01,4.862813840620480721e-01,4.869310111141791908e-01,4.868286508769580356e-01,4.881712152169466190e-01,4.877559092790483830e-01,4.882734575111440933e-01,4.864584353029022257e-01,4.869761406912880286e-01,4.870493226388826202e-01,4.845556790934255620e-01,4.890940599298295166e-01,4.890651251488011830e-01,4.871049078233576912e-01,4.897912176503480541e-01,4.880139935004532137e-01,4.894203501270922851e-01,4.861674287154548191e-01,4.881686120916477467e-01,4.882318328087789649e-01,4.869929124044691249e-01,4.897376367871366654e-01
4.463121253049052717e-01,4.489165326656456290e-01,4.506076869764868431e-01,4.527086459130867935e-01,4.466142095796981071e-01,4.488438061105071708e-01,4.513930930429432831e-01,4.567963159444117793e-01,4.521874052737858696e-01,4.528404103450235363e-01,4.560249366673025939e-01,4.584904873023792349e-01,4.571697306661778315e-01,4.589774985606920321e-01,4.631798961736062203e-01,4.584615918069893103e-01,4.622909051220998600e-01,4.628759933947936833e-01,4.640973396703829690e-01,4.655978920489979855e-01,4.650518111570732804e-01,4.647068837639188321e-01,4.654129947182871763e-01,4.687151025043623243e-01,4.683420257383773544e-01,4.677328656712916310e-01,4.720709201437609526e-01,4.698014420301165339e-01,4.741915689744100604e-01,4.757140751949849311e-01,4.737564524627694840e-01,4.763799194214920485e-01,4.722828473876967137e-01,4.771019648732195417e-01,4.755633517850669234e-01,4.757509532944884101e-01,4.790231770045026982e-01,4.768968928206563374e-01,4.805498880166821363e-01,4.787018823835079151e-01,4.786843288951715958e-01,4.820788312780472928e-01,4.799194314081977053e-01,4.821321004584794290e-01,4.805294922646513589e-01,4.806977701349426924e-01,4.864318402604290159e-01,4.813452368080388122e-01,4.816911619146132528e-01,4.833192631290736951e-01,4.829491545241058059e-01,4.855045073644046472e-01,4.864906534562436491e-01,4.876003019979380237e-01,4.845081731925977020e-01,4.853113775868208024e-01,4.844238973471011178e-01,4.835035894638124998e-01,4.845688876818064483e-01,4.850811807545061249e-01,4.862304015114433664e-01,4.857744802124565053e-01,4.880681208243417557e-01,4.846440621902759482e-01,4.887127675274682836e-01,4.861188716876657101e-01,4.920640183393213962e-01,4.868333290469951113e-01,4.883357099077231811e-01,4.884440405317764244e-01,4.874562522040277179e-01,4.887590036348964384e-01,4.909561927349029298e-01,4.914588764195520487e-01,4.860105619254408427e-01,4.915398592653080212e-01,4.873018295863754679e-01,4.908045669618171236e-01,4.887666984866241848e-01,4.887346318051122296e-01,4.887753855012867410e-01,4.898149463801176884e-01,4.911281636572050746e-01,4.897354917294529653e-01,4.904207429323717560e-01,4.909764435402391158e-01,4.895696095098659995e-01,4.909134842637610796e-01,4.892006636535080610e-01,4.917002668655418018e-01,4.916966651266854726e-01,4.923729744993866619e-01,4.899880680529979937e-01,4.906191733013506862e-01,4.876462786814921291e-01,4.908055015174032643e-01,4.893992628166777825e-01,4.912374337090759102e-01,4.917014059427134431e-01,4.896289210826519911e-01,4.913199232262862037e-01
4.503749881890246609e-01,4.508898609543198210e-01,4.501020022106764773e-01,4.573520908256352713e-01,4.558483521302476027e-01,4.566560345213441785e-01,4.541863224375333186e-01,4.570134052039180883e-01,4.605343412286708737e-01,4.568304118238255551e-01,4.569424153701108771e-01,4.621605982989105410e-01,4.653502383955256394e-01,4.631193458783358086e-01,4.615254783607551370e-01,4.617827398888125767e-01,4.662257859150813477e-01,4.652801384668194262e-01,4.675426062777755520e-01,4.677633299123975519e-01,4.689151326698812738e-01,4.730238760485797056e-01,4.733469026381510458e-01,4.718501207455439439e-01,4.706582375874026614e-01,4.730150581737291859e-01,4.711495909719319308e-01,4.750222159472171635e-01,4.748122435882746184e-01,4.767428240372836301e-01,4.779396324058645673e-01,4.775420274505233764e-01,4.796472957617430866e-01,4.782754293473576723e-01,4.821423005161472597e-01,4.805104535277731626e-01,4.825165231887713624e-01,4.820051912016401485e-01,4.830921574411463637e-01,4.808628518355210768e-01,4.835290116734902721e-01,4.818625829433595964e-01,4.849382812090244910e-01,4.849298677974577254e-01,4.840536006253429724e-01,4.837009192139054004e-01,4.866248009266901375e-01,4.848298989661513625e-01,4.847094175986774722e-01,4.863374281921179487e-01,4.863281168872773952e-01,4.879241046702164075e-01,4.889853796818365850e-01,4.899063383938945804e-01,4.848031506313335570e-01,4.877489089635176356e-01,4.861925592486416869e-01,4.881860082992117156e-01,4.876239345929303526e-01,4.892251923262105340e-01,4.879913307644390685e-01,4.917103870596210569e-01,4.924469064196581591e-01,4.917863526519400397e-01,4.909881921720488651e-01,4.906296844393466250e-01,4.914647245032482958e-01,4.943727399890416874e-01,4.892849230613371958e-01,4.904603169306541721e-01,4.926832833432803760e-01,4.887795365097780120e-01,4.907696528360150912e-01,4.899166758523308962e-01,4.917672263554506151e-01,4.899073615506793766e-01,4.942120905521447671e-01,4.920502984583149941e-01,4.890037461518990103e-01,4.933507124480833728e-01,4.918479862205442088e-01,4.898391318512415049e-01,4.895794915354012011e-01,4.906706404807917310e-01,4.954451614167962314e-01,4.942846003657457854e-01,4.940049743349437805e-01,4.944987704848506360e-01,4.931395966878129866e-01,4.899207157171820426e-01,4.945678304097265165e-01,4.875195945083078963e-01,4.909167105833500688e-01,4.914664705336778683e-01,4.916381584592402487e-01,4.928049733475144967e-01,4.939206500400869504e-01,4.937021035660730250e-01,4.889230196564009479e-01,4.964310394956704675e-01,4.942418813295932911e-01
4.551562178606649578e-01,4.530405515986229981e-01,4.568611200177539744e-01,4.556284690984878094e-01,4.581145370350157009e-01,4.579772524116785259e-01,4.588563847604117951e-01,4.612318531178316028e-01,4.600211752571740087e-01,4.608662011328519270e-01,4.636915388435902674e-01,4.619673492297903805e-01,4.628978968973225250e-01,4.660164525651643297e-01,4.684414062426711101e-01,4.694221596931932305e-01,4.676383485175662491e-01,4.659938252073353993e-01,4.710082866679891067e-01,4.716593260532281340e-01,4.733576608737098956e-01,4.769542760876609444e-01,4.723578927309838860e-01,4.786069408973072647e-01,4.787019308297794096e-01,4.730629720707885677e-01,4.747402298665195364e-01,4.741133649012990725e-01,4.796023160320227463e-01,4.763502684095638484e-01,4.797059864888393310e-01,4.830858290183590587e-01,4.822110148396316909e-01,4.833281371247954983e-01,4.808315980816840196e-01,4.845144519281998630e-01,4.853578027859317690e-01,4.822940660722405126e-01,4.840478803879112446e-01,4.836628699990302427e-01,4.873908831328935265e-01,4.877390620678374034e-01,4.864088509257614157e-01,4.883255461662910912e-01,4.889882013233606828e-01,4.856185862962412725e-01,4.877851496765145956e-01,4.895462900688872243e-01,4.881624833480074921e-01,4.874328182952535338e-01,4.875920614738028513e-01,4.910454009346465476e-01,4.910558373641024099e-01,4.889378681614637290e-01,4.893314116324137264e-01,4.894258759303552475e-01,4.907602962176443873e-01,4.938148484716554654e-01,4.930468013656884585e-01,4.921081245797855330e-01,4.903249883842841772e-01,4.910042174004608517e-01,4.935285099261614294e-01,4.939161927045828682e-01,4.907705620345628739e-01,4.930843122013003343e-01,4.940542166477816521e-01,4.941996060126287449e-01,4.927792319265336118e-01,4.927092195654871887e-01,4.936472021271234301e-01,4.923501271585867256e-01,4.907651724253926928e-01,4.916777212877582182e-01,4.914757437059678602e-01,4.923531505763483751e-01,4.924494305915452785e-01,4.925619836221454828e-01,4.956660906113455889e-01,4.945442696752408440e-01,4.963521031740679712e-01,4.942096012112506265e-01,4.933933379461416524e-01,4.964983784540681899e-01,4.964982200151287217e-01,4.920493131706913936e-01,4.985292705752897291e-01,4.947983242846382135e-01,4.933228208183934593e-01,4.931841495571939182e-01,4.918827663945879447e-01,4.930460152353038916e-01,4.970075696731912074e-01,4.936628951864239223e-01,4.898708783499124420e-01,4.981660127976421659e-01,4.933627053335428725e-01,4.947968331324665292e-01,4.925115795689541387e-01,4.921633814464845269e-01,4.912369321584995618e-01
4.581814733138954154e-01,4.561209631092005279e-01,4.610062725514929016e-01,4.591645431209726569e-01,4.590571587868473302e-01,4.624873114777425243e-01,4.613535872769972679e-01,4.631477310749204657e-01,4.624301320329768372e-01,4.671166525234293765e-01,4.670070675490353707e-01,4.637986424384754058e-01,4.662158295523354812e-01,4.707179291260266130e-01,4.665166417323123871e-01,4.691360962483915320e-01,4.681557235863579303e-01,4.711741531647477554e-01,4.774445361363595652e-01,4.736194972478500742e-01,4.764472876961842740e-01,4.765222384953499701e-01,4.754434253984133329e-01,4.792832669244119770e-01,4.768829917990945466e-01,4.830820678887401964e-01,4.793780159077018488e-01,4.845765207994436885e-01,4.816050269692880303e-01,4.852823966572883396e-01,4.836565590213588450e-01,4.848704708688642562e-01,4.863452082151830669e-01,4.816402463045044158e-01,4.862998082353416907e-01,4.852327997915844571e-01,4.873370167947692067e-01,4.892157873780674238e-01,4.855279954442108248e-01,4.888747545396490146e-01,4.888878652531781777e-01,4.869861196939560544e-01,4.892671545694673996e-01,4.916754994042662474e-01,4.904397448740511756e-01,4.934298684858171025e-01,4.903962023117751090e-01,4.896715678142130046e-01,4.923670736234396217e-01,4.925662991554706771e-01,4.915202817166857696e-01,4.908231618327807966e-01,4.915166636067040962e-01,4.948340289485059773e-01,4.944312642078518283e-01,4.928478623187626528e-01,4.944959715692562874e-01,4.930052202028697428e-01,4.914358549231635509e-01,4.965840619723645988e-01,4.938246903404407973e-01,4.960017160810280545e-01,4.954127522348926727e-01,4.934087215664025861e-01,4.942023014123633762e-01,4.921974561041460583e-01,4.966393752566828357e-01,4.948231170795194811e-01,4.950738810099863940e-01,4.967398270220291789e-01,4.905471643406586479e-01,4.967177069050553451e-01,4.940531005092154149e-01,4.995353884437231939e-01,4.948941654751777830e-01,4.930362396381308132e-01,4.946528496600817171e-01,4.957430580203684434e-01,4.979188712187165300e-01,4.967705871592367761e-01,4.948544918355817224e-01,4.963963065375369688e-01,4.952175682170698590e-01,4.982581539498553980e-01,4.987302942600429501e-01,4.989508400314992542e-01,4.951239033694428415e-01,4.954635102013226211e-01,4.939377255120095400e-01,4.948786166366773154e-01,4.950799454442562642e-01,4.940991615710740859e-01,5.004504632731717750e-01,4.978119022973447882e-01,4.969898957531498351e-01,4.957799180325588306e-01,4.957649984436376389e-01,4.953161054671265107e-01,4.973596805699050938e-01,4.958997342630758198e-01,4.971346196310660881e-01
4.610663245912874908e-01,4.618776475655556601e-01,4.603684935845149262e-01,4.635589153922760053e-01,4.641849685211882348e-01,4.665958905903204168e-01,4.677162110048310173e-01,4.631017086375567304e-01,4.651749768437911103e-01,4.699102123992139335e-01,4.689329107107211847e-01,4.680242629716627190e-01,4.689113998018158980e-01,4.755350546362022701e-01,4.705742191466103508e-01,4.740973083032319901e-01,4.762828781960162239e-01,4.760852069420842270e-01,4.769205330234509987e-01,4.769591177078295607e-01,4.777657816203475516e-01,4.774360858502547100e-01,4.810112653313097231e-01,4.811669656818257090e-01,4.778280465891516782e-01,4.830442214532726375e-01,4.794991062440412399e-01,4.824317823242162961e-01,4.841450789785456399e-01,4.825577063703336278e-01,4.867894253771865576e-01,4.812866503103148674e-01,4.881948323779283783e-01,4.818425527353627502e-01,4.893438284472834687e-01,4.890633515844687862e-01,4.881378166517840178e-01,4.894833752308334618e-01,4.874828761948228895e-01,4.880086158542776831e-01,4.908790117907919082e-01,4.936070591516656947e-01,4.919778401742703755e-01,4.889776267612793714e-01,4.906238041174343367e-01,4.890607413455296815e-01,4.951942885598850652e-01,4.926435232978503831e-01,4.953961105287412181e-01,4.922965356270757598e-01,4.970736335596044331e-01,4.959768205186589340e-01,4.973969320005449113e-01,4.897425124839188126e-01,4.949828365087032278e-01,4.953638510816297247e-01,4.937865752664536978e-01,4.939053685486743950e-01,4.961327038896399810e-01,4.964806328444422157e-01,4.986818787172958012e-01,4.929907100807726095e-01,4.958139110740985567e-01,4.984365973124957883e-01,4.999503747867698467e-01,4.935680040348776609e-01,4.956224423292494019e-01,4.939809684816575119e-01,4.977693032475948853e-01,4.978505899415957003e-01,4.978644387915824865e-01,5.013499883747181141e-01,5.009149978594643615e-01,4.965709171741982675e-01,4.997726322685061007e-01,4.981451717570357096e-01,4.984420424565121355e-01,4.990462381240928225e-01,4.974562719306552805e-01,5.005067689609022930e-01,4.979720477738374118e-01,4.972144363474446105e-01,4.975373256892305363e-01,5.003244351109571442e-01,5.033567160907979066e-01,4.981445796795203607e-01,5.009711375593078886e-01,4.997561104145866739e-01,4.955438900276346592e-01,5.038331984025046228e-01,4.991880217724979918e-01,5.020556120201288275e-01,5.025057626438598213e-01,4.966842409110505674e-01,5.005257432413612317e-01,4.998205488527007190e-01,5.012273692208452092e-01,5.013607970501255950e-01,5.017801410490474456e-01,4.983266622524961664e-01,4.981080873354099547e-01
4.655107054818682921e-01,4.627953614301688612e-01,4.635255707639596157e-01,4.666134830040026826e-01,4.717727827199890700e-01,4.708757746266894473e-01,4.707585343061026495e-01,4.684591082159837994e-01,4.737093646181759765e-01,4.722941947006193963e-01,4.730479543350336047e-01,4.719094000398467159e-01,4.707754948703902209e-01,4.759394533548572115e-01,4.752980787168294974e-01,4.752976191050734545e-01,4.772887587100539952e-01,4.767978633387404686e-01,4.794939926226561289e-01,4.757391010565795719e-01,4.796471677755054785e-01,4.779793676129172053e-01,4.846272786250412357e-01,4.827535705927161747e-01,4.850395991120814432e-01,4.852087424892057022e-01,4.841929089334996439e-01,4.867194224373495581e-01,4.842981609547169497e-01,4.848487304541267418e-01,4.898355640151597634e-01,4.866879466066061366e-01,4.895822702759604073e-01,4.918336419892420097e-01,4.917111972681936227e-01,4.892827402666170555e-01,4.880356958602155015e-01,4.884954901768502333e-01,4.911734065362239332e-01,4.927331737990246485e-01,4.937508079604590594e-01,4.902272470584463915e-01,4.938082553444707590e-01,4.911379674154288666e-01,4.939657772658631041e-01,4.941265307971854370e-01,4.957963181540916420e-01,4.976650986521855002e-01,4.975513884756421201e-01,4.981409937044173897e-01,4.971703291603384312e-01,4.946671746958376525e-01,4.960872565659004696e-01,4.944847688490701665e-01,4.952692595289147626e-01,4.966161192603991137e-01,4.947574619177314004e-01,4.990173882996651322e-01,4.988023748477046215e-01,4.978101029707021619e-01,4.970794441124045671e-01,5.011911615551247756e-01,4.993682914806260031e-01,4.955330213232225778e-01,4.972205904835320101e-01,4.973954640364999791e-01,4.986030581106201121e-01,4.975780999786405534e-01,5.002060089297540868e-01,4.998208710082802653e-01,5.008797017572463872e-01,5.014806198459565989e-01,5.020514720706775735e-01,5.001563250767737667e-01,4.957897912376486582e-01,5.008607024711374534e-01,5.013685756597794363e-01,5.010993511010580770e-01,5.003538174731410049e-01,5.044594137488286334e-01,4.973045512512691002e-01,5.037250523481725528e-01,4.989674274260085807e-01,4.981012098372230024e-01,4.975767654042565491e-01,4.994236754347484708e-01,5.016855331486267389e-01,5.010601001373506946e-01,5.017323112323375245e-01,5.040689540979557126e-01,4.957237500839147271e-01,5.027216300673448268e-01,5.052138906179824973e-01,5.009072311682700729e-01,5.028637771821752311e-01,5.004801389553393820e-01,5.018711760050849069e-01,5.021127386084812683e-01,5.021855845781248995e-01,4.982344710155259815e-01,5.022373202466338116e-01
4.677255705704909672e-01,4.697567124305696562e-01,4.663736996516265054e-01,4.677341091529793604e-01,4.723195206730242957e-01,4.688033185529329461e-01,4.747183255738146590e-01,4.713662920899308606e-01,4.716062271645929949e-01,4.737310931525907653e-01,4.738455345025048837e-01,4.723568086264863797e-01,4.788783828423508471e-01,4.733536497817619204e-01,4.768229297722652582e-01,4.797658868860099624e-01,4.773964743220004414e-01,4.800391445526193679e-01,4.765056236306318693e-01,4.837745150287861562e-01,4.853855548517808094e-01,4.850363764779416220e-01,4.823045478091689819e-01,4.835530868206652233e-01,4.869771982499747631e-01,4.892029525994513461e-01,4.896282862723030371e-01,4.874268423692963981e-01,4.890099979902162164e-01,4.924367788844390970e-01,4.881599524678998381e-01,4.907901427402401318e-01,4.887272431814655427e-01,4.908689550070619578e-01,4.935194459867130456e-01,4.949729492315526613e-01,4.934927892536245531e-01,4.925165937734344301e-01,4.950377495076497270e-01,4.926167833378947702e-01,4.959174347631412627e-01,4.939959306304253506e-01,4.966529763069987280e-01,4.990310774605883903e-01,4.946046738391986497e-01,4.965677451582740654e-01,4.994076392233589012e-01,4.971584940081404946e-01,4.986908364558014783e-01,4.981049461304808412e-01,4.985471576261747417e-01,4.971105030456801632e-01,5.027225884313414328e-01,5.015146324506009057e-01,4.988267905232758870e-01,5.010060903288618972e-01,4.993440490303169277e-01,5.030254960029216793e-01,5.008773741853560502e-01,4.965498035528096987e-01,4.986899522479802949e-01,5.021972710945894480e-01,5.012295543509832640e-01,4.973851345967956750e-01,5.013492566656232441e-01,5.022086875277385065e-01,5.012581551252544010e-01,4.995951158182772578e-01,5.017812250649370531e-01,5.030454029291198115e-01,5.036454546588313708e-01,5.008667325732975018e-01,5.019189087155337958e-01,5.031965015050051671e-01,5.005308027455325215e-01,5.029812132368084443e-01,5.022788342727709798e-01,5.022624020968347036e-01,5.028124809018806873e-01,5.011617336447989901e-01,5.040043979777588667e-01,5.001621054653216936e-01,5.045788297598017280e-01,5.009412878735867158e-01,4.991311828226481784e-01,4.991285683297674303e-01,5.043697756180014480e-01,5.033450328334739821e-01,5.032680303768174435e-01,5.062788459192029134e-01,5.027440472334765431e-01,5.018439663324378852e-01,5.053820763790901616e-01,5.014568482354063716e-01,5.047775166727661578e-01,5.076938500806795762e-01,5.009410814216090913e-01,5.008273968565731815e-01,5.034718740231989287e-01,5.082518854281236065e-01,5.037589346960045233e-01
4.706875953079142638e-01,4.732281020118923598e-01,4.723342112936357862e-01,4.691048365539638443e-01,4.742563597666468178e-01,4.702112716316066421e-01,4.740464612754411999e-01,4.768879344386706132e-01,4.708873154502971614e-01,4.755961278497231604e-01,4.775635202530738033e-01,4.775898215967318006e-01,4.784518234296701866e-01,4.778361135080541611e-01,4.804722914039368797e-01,4.825764284817157246e-01,4.848667039742830531e-01,4.813480956484308404e-01,4.856617874112678646e-01,4.846856132113211424e-01,4.863140165985699870e-01,4.892821022673631837e-01,4.885482786804479227e-01,4.868799997474882457e-01,4.891369957884249553e-01,4.875218977121575370e-01,4.902271811385405242e-01,4.902001528551908072e-01,4.885885157335277396e-01,4.897054638687555195e-01,4.916899932493511427e-01,4.916646097247695524e-01,4.919556750969155678e-01,4.940412858766821125e-01,4.963839442424361481e-01,4.944023131553356154e-01,4.972099318910596644e-01,4.926672591091366127e-01,4.981120802440143769e-01,4.943673761451150006e-01,4.937905864932957134e-01,4.952703293082981739e-01,4.960417675769225876e-01,4.948223932840410400e-01,4.986296180888746266e-01,4.980519033341457291e-01,4.985007295672480021e-01,4.991652817969512990e-01,4.976849070910162598e-01,4.992069709051722426e-01,4.970581664022931667e-01,4.983082281119567969e-01,5.031774469767215097e-01,4.990121523458613817e-01,5.026077047376229512e-01,5.023818034813271050e-01,4.948431386601001014e-01,5.007943723058480012e-01,5.038978275089691650e-01,5.056345855487319740e-01,5.021460883184876156e-01,5.031502098117368593e-01,5.008979971970541900e-01,5.022801832074196282e-01,4.999446018764672206e-01,5.034724070843844546e-01,5.064050675218544351e-01,5.045242551902150430e-01,5.013751657346808832e-01,5.053297886889357438e-01,5.030485981086907366e-01,5.007941809526185173e-01,5.042876901580329863e-01,5.011513202328197192e-01,5.059440797736749484e-01,5.054735720031284796e-01,5.015383725839797080e-01,4.985430067106790819e-01,5.043951956866844499e-01,5.034657652714892295e-01,5.054093274109617839e-01,5.047584613276504539e-01,5.024402914587815516e-01,5.010135618256339463e-01,5.046432387186731150e-01,5.004973495155449204e-01,5.052315125718083166e-01,5.024428122211921366e-01,5.014112532771314301e-01,5.025530534668266602e-01,5.030852771133366153e-01,5.087810265967775969e-01,5.036615538505978540e-01,5.048983351361960858e-01,5.039767658695621932e-01,5.042637087038903676e-01,5.046287554724151470e-01,5.057742142325067913e-01,5.035405834413237969e-01,5.063971945210715697e-01,5.036361350648216328e-01
4.723190950283061573e-01,4.739007719697120313e-01,4.707134372585539683e-01,4.742391937649002576e-01,4.733194088871271465e-01,4.782957159533700597e-01,4.796922639834359514e-01,4.761691255176118687e-01,4.813028021899712905e-01,4.807427760110195569e-01,4.827761534123527487e-01,4.811882829249762294e-01,4.857488762783763181e-01,4.833008096894411687e-01,4.805386041368828187e-01,4.872117820963306478e-01,4.879544112625412433e-01,4.855916076960914984e-01,4.844445930403850076e-01,4.858458242388876136e-01,4.865811761442141448e-01,4.867380241109017791e-01,4.930749533878829860e-01,4.902224790256474174e-01,4.895911595213574552e-01,4.914985431308748765e-01,4.954875968820668941e-01,4.955427470982952110e-01,4.925653763825171283e-01,4.919223440176285767e-01,4.925056555637555289e-01,4.938554674474718853e-01,4.919638461593769385e-01,4.949757263381456829e-01,4.947843072684610655e-01,4.981151292571449618e-01,4.962703137245537688e-01,4.993801185563530032e-01,5.009371885302464911e-01,4.978059744133415121e-01,4.982144690288353717e-01,5.016250177307618463e-01,5.014585575046476285e-01,4.981372234666983645e-01,5.013659527467654309e-01,4.976799031894756919e-01,4.999901160086762664e-01,5.016274901888381210e-01,5.028446254874697763e-01,5.027399152186230458e-01,5.033724660193000799e-01,5.015945574278913854e-01,5.029817964368837879e-01,5.048237430646810298e-01,5.066344450204174343e-01,5.023238585597937789e-01,5.028172211830247429e-01,5.008287859983453494e-01,5.012079131323911030e-01,5.079128364326198630e-01,5.026830723208913776e-01,5.026349145640303107e-01,5.086851669170417978e-01,5.074905429696261461e-01,5.013659022911189922e-01,5.066883012357341620e-01,5.076738277353826101e-01,5.029940961628271978e-01,5.034914108922703413e-01,5.046025184822438003e-01,5.081831315989695508e-01,5.053776687880043861e-01,5.033759027122058916e-01,5.026657982039851591e-01,5.045300422327765322e-01,5.049897624791277462e-01,5.036982191727993330e-01,5.063866687791478416e-01,5.087002402920595134e-01,5.076203603223965466e-01,5.021276101965612693e-01,5.009687679963955587e-01,5.069528472498884275e-01,5.079940924293447901e-01,5.022533397821318246e-01,5.015574066284987920e-01,5.067430061222261140e-01,5.033216016571612217e-01,5.053338893265083565e-01,5.083253004405484665e-01,5.044183815264616788e-01,5.047249444842388799e-01,5.073593855180401624e-01,5.081770713924091964e-01,5.044472649557336652e-01,5.072798949350412201e-01,5.051007235798725681e-01,5.080288288328949076e-01,5.058325718559093520e-01,5.055524443690900815e-01,5.089625983013393862e-01
4.755498608309043362e-01,4.746549134409611681e-01,4.745739052294212224e-01,4.775317566141103476e-01,4.786541052140471098e-01,4.744429731010615936e-01,4.828582555874066928e-01,4.794059895994780551e-01,4.812833612711713838e-01,4.846128090640084984e-01,4.818529864027496501e-01,4.818747561878087837e-01,4.787036186346649846e-01,4.831521082089023089e-01,4.842599484353131145e-01,4.849443074081711824e-01,4.899693256628529503e-01,4.864419819933761824e-01,4.903543609044861973e-01,4.912520425176595262e-01,4.901837931375127577e-01,4.903783922382450311e-01,4.923655878380568951e-01,4.898309442263178437e-01,4.900873779418341014e-01,4.913788402743582973e-01,4.934201441149329015e-01,4.956087322500776771e-01,4.940910096733120427e-01,4.962753179320554819e-01,4.927538309473019629e-01,4.951837495221705354e-01,4.969422371310581177e-01,4.970330875652757552e-01,4.950888540951322581e-01,5.019577813427753554e-01,4.947869298836936602e-01,4.997066009729019265e-01,5.001956598267607301e-01,4.999953046467689455e-01,5.030576664332987447e-01,5.021131105903912095e-01,5.035823551591473990e-01,5.026540774005906487e-01,5.021264546942071361e-01,5.030444608158540776e-01,4.997283759965848171e-01,5.042573420435315645e-01,5.029770821065969733e-01,5.050479046913490810e-01,5.025258180596615665e-01,5.032689546162489869e-01,5.055915479632094867e-01,5.040054690750364053e-01,5.006616641321071093e-01,5.017524895647269556e-01,5.044171727394012317e-01,5.020807200097812117e-01,5.022677602906628902e-01,5.043930828927644106e-01,5.059748572103037745e-01,5.066179306840361551e-01,5.084080814839567752e-01,5.080374306605345280e-01,5.072315644787793731e-01,5.065230744580637712e-01,5.076405456075790967e-01,5.085308144555296117e-01,5.067770855464083235e-01,5.072749838398995514e-01,5.066942106457839046e-01,5.060431414370916148e-01,5.066884837525063023e-01,5.061789051869048928e-01,5.082312044694631270e-01,5.080092871041529401e-01,5.101617948892013255e-01,5.077191276610254489e-01,5.061043216417242530e-01,5.070387768166429998e-01,5.079838337474956722e-01,5.076659243363994545e-01,5.098168583174661483e-01,5.075160575746582303e-01,5.071684902895832181e-01,5.106113893508891222e-01,5.039136235718999490e-01,5.076907246727041523e-01,5.091099247617293377e-01,5.075114780465316278e-01,5.093920762160212279e-01,5.062442637111272958e-01,5.085719579064390539e-01,5.064388266597328325e-01,5.105405502633799664e-01,5.101400975316218167e-01,5.100270707268130810e-01,5.012440276210713419e-01,5.105161187472754269e-01,5.115536742459166897e-01,5.105483984962313482e-01
4.773802958891015247e-01,4.727412160890185344e-01,4.796969793471748678e-01,4.769789175840186690e-01,4.808191432677758614e-01,4.812289586856628443e-01,4.822700509558006665e-01,4.822749053978890310e-01,4.864630370803024739e-01,4.835295242855632281e-01,4.823915791737634629e-01,4.873705373708579480e-01,4.806436189266395931e-01,4.876181650706000181e-01,4.865305905324139313e-01,4.866540756809424328e-01,4.865243753107963420e-01,4.910430476998324245e-01,4.927023599116446828e-01,4.851763239065969846e-01,4.882806633699539600e-01,4.883476505988176286e-01,4.877577328562337500e-01,4.917870911635144893e-01,4.953641637412944387e-01,4.936409300038909209e-01,4.962176604987089679e-01,4.924297158053263512e-01,4.940949626214660162e-01,4.961473272413232660e-01,4.961657836310264802e-01,4.961196355122089452e-01,4.991958829510401152e-01,5.015586572768389040e-01,4.987480672002601589e-01,4.982796586724229648e-01,4.976733193919614662e-01,4.980711209498984715e-01,5.025043843424854551e-01,5.018836701987668958e-01,4.998279198325470407e-01,5.043306773042283142e-01,5.036493327142496090e-01,5.012980192217209030e-01,5.024001547632478415e-01,5.038598308894189914e-01,5.009098762313177744e-01,5.026943739200563366e-01,5.067744096389469322e-01,5.057103210188348408e-01,5.025051230857310314e-01,5.036002170292406266e-01,5.061267642736172467e-01,5.073598124145987098e-01,5.027468729147767101e-01,5.052492695410938373e-01,5.051742221438534353e-01,5.048621733600150430e-01,5.028834017630123832e-01,5.062256745013027359e-01,5.086096735792708934e-01,5.054340603886299244e-01,5.070027726927830436e-01,5.100430348215747589e-01,5.036469670056044068e-01,5.059789479090325282e-01,5.057940801755143045e-01,5.032216212504022623e-01,5.118269496643589322e-01,5.102179387016824164e-01,5.064415650233148325e-01,5.056063364762815038e-01,5.068656053491370495e-01,5.065424894288598212e-01,5.048210471828898926e-01,5.087940628568632384e-01,5.099987880606290380e-01,5.029708801634168447e-01,5.126226376641722648e-01,5.047793745046127434e-01,5.065158959586143483e-01,5.103880397965923077e-01,5.080487348967582806e-01,5.070691046383299927e-01,5.077230457240012873e-01,5.130515571814442399e-01,5.075634208352390875e-01,5.062146869663408655e-01,5.072243806658521814e-01,5.107623098994884536e-01,5.096190264888724730e-01,5.071117452257467573e-01,5.111472905864432592e-01,5.119790847059725314e-01,5.096441204802146796e-01,5.079309766081411270e-01,5.089001281365532758e-01,5.111690321448815189e-01,5.068548950600717529e-01,5.068384075344802842e-01,5.102379579930630404e-01
