8.104731950290287035e-01,8.083791832959783541e-01,8.061693879717845013e-01,8.038435765852923742e-01,8.014018594772490678e-01,7.988446733378288256e-01,7.961727636258593144e-01,7.933871662645434197e-01,7.904891889560974327e-01,7.874803923967484964e-01,7.843625716275874904e-01,7.811377377195531935e-01,7.778080999116033789e-01,7.743760483198340872e-01,7.708441372711501982e-01,7.672150692971883013e-01,7.675576503538971140e-01,7.638494349476309120e-01,7.600512598523221364e-01,7.561661925752144464e-01,7.521973759645436131e-01,7.481480155497512996e-01,7.440213673970939023e-01,7.398207264380772807e-01,7.355494151668884317e-01,7.312107727103431820e-01,7.268081441893720074e-01,7.223448703449324437e-01,7.178242774006640126e-01,7.132496671356476359e-01,7.086243071369026092e-01,7.039514212376558611e-01,6.953455512682702455e-01,6.905328514959231390e-01,6.856842977723772714e-01,6.808029037059442068e-01,6.758916003111186122e-01,6.709532281617772709e-01,6.659905296594976765e-01,6.610061414097995192e-01,6.560025866902055025e-01,6.509822678696288722e-01,6.459474589722685733e-01,6.409002980374600700e-01,6.358427794297181190e-01,6.324424640020396282e-01,6.273838822462419751e-01,6.206256982763129759e-01,6.155435360541474665e-01,2.746899444049389569e-09,1.542224820691608855e-09,1.299923204095844341e-09,1.039782415144922049e-09,8.627847770818702562e-10,7.810948331800271546e-10,6.866616802934361419e-10,6.234364050235319252e-10,5.512900486499409253e-10,5.233718190374186729e-10,5.266087481559231632e-10,4.625952625072418882e-10,4.311810055825852532e-10,4.501579875926907618e-10,3.801805238061990187e-10,3.915350325219864326e-10,3.668610954001649378e-10,3.716494348933480567e-10,2.868062704860840483e-10,2.892118997601040389e-10,3.143400998708043693e-10,2.110494778053564467e-10,3.744676005469913371e-10,2.037174345124119719e-10,1.604593888452973832e-10,1.616284373938795594e-10,1.668588046586730009e-10,1.267374655484646096e-10,5.538585858633719533e-11,1.050605166303164065e-10,5.810837009789273111e-11,7.674031778023190267e-11,5.942455711946141161e-11,6.071433544737701974e-11,4.479832195276139264e-11,5.000790728815267415e-11,3.814860952858301348e-11,2.808026980758829215e-11,2.554879880038327832e-11,2.486025519559458852e-11,2.330921708986817028e-11,2.206372676021919636e-11,1.990882978634494969e-11,1.425721030778134595e-11,1.835963370739443600e-11,1.917907460336704274e-11,1.715228372792190830e-11,1.608302361877000918e-11,1.216043110500424232e-11,1.445631567472120244e-11,1.198682386247048021e-11,1.255210996131105620e-11
8.077096616560669462e-01,8.114094941380446402e-01,8.034305322379731162e-01,8.059918896741242733e-01,8.051869368864239540e-01,8.028793726770052652e-01,8.004553433643337712e-01,7.907553729904986950e-01,7.920133376533635694e-01,7.849082610226711942e-01,7.896117101049232589e-01,7.866206250749050444e-01,7.835209933944220495e-01,7.774729801255358952e-01,7.770047619489872659e-01,7.704883717367079221e-01,7.707486731144956860e-01,7.664747378110619014e-01,7.592995741436788792e-01,7.589825612030068891e-01,7.496226059447148593e-01,7.475634203498401353e-01,7.431786185445804493e-01,7.389549089562086337e-01,7.346603973457453973e-01,7.302984157951069033e-01,7.262117263662406508e-01,7.213853857949590331e-01,7.168409855328968794e-01,7.126398344324375023e-01,7.121898566895922267e-01,7.028956083797538446e-01,6.981537911326318735e-01,6.938404088346469267e-01,6.830801350603702415e-01,6.841960062965892764e-01,6.830547867752482238e-01,6.744202158160271798e-01,6.694900003685222423e-01,6.645350716809380609e-01,6.595579113557898943e-01,6.583073522072990791e-01,6.495461940335419682e-01,6.483092521021929233e-01,6.432864925298054093e-01,6.387555866514638137e-01,6.332025813459487562e-01,6.281445298765693241e-01,6.184616684180572754e-01,6.141045158566046380e-01,1.846636008718511896e-09,1.356961168229138944e-09,1.323586942441310661e-09,7.432574294818137427e-10,6.723751245194680403e-10,8.543297222520610281e-10,7.653813288161374817e-10,7.084309800685369028e-10,6.390073826449732478e-10,4.355651203883483231e-10,3.891378545747339061e-10,4.470914571399151305e-10,4.575667977995060789e-10,3.881643138083567046e-10,4.969951121410371494e-10,2.084100269104504126e-10,4.479011951868083215e-10,4.640513335372191988e-10,3.907490884317740738e-10,2.618269981308283343e-10,3.013309799676023906e-10,4.493435397359377089e-10,4.194008227640999645e-10,4.156955318561226881e-10,4.018197027656272185e-10,4.380359390910952120e-10,3.973063010821827200e-10,4.165531307128460630e-10,3.827021232238369849e-10,3.646917548851769086e-10,3.536558492880538332e-10,3.738247898307604434e-10,3.686638380499907141e-10,2.807917011789956679e-10,3.874113660061826935e-10,3.378551675085694772e-10,3.480390759515792548e-10,3.632362521206880413e-10,3.603947699261977918e-10,3.098171435019646621e-10,3.748715588294939796e-10,3.253636832213818513e-10,3.608038613148008075e-10,2.752120104785666188e-10,3.328530534194712674e-10,2.729928117188441534e-10,3.166968614149548116e-10,3.068675724640341226e-10,3.602604919896654169e-10,3.157558739509354587e-10,3.310725827384505295e-10
8.092050584831678162e-01,8.100657223893809045e-01,8.065100119924696331e-01,8.058389234084095687e-01,8.035124063585555865e-01,8.011169873178977108e-01,7.994806593893926117e-01,7.964928243335158697e-01,7.937819118037413579e-01,7.887499541471016951e-01,7.833550000963822590e-01,7.826780433429233463e-01,7.831758032762644595e-01,7.799252494038719785e-01,7.727907513859482158e-01,7.709628154398509015e-01,7.679153389149666609e-01,7.637108381639363675e-01,7.582584472663520536e-01,7.544034814751842122e-01,7.521661418159688584e-01,7.504708996623088435e-01,7.440605544761116352e-01,7.404669413248206045e-01,7.361705612517934760e-01,7.257499979259420808e-01,7.274966325655367605e-01,7.225819685641718948e-01,7.192231910887815216e-01,7.134624305092149843e-01,7.072745215645612760e-01,7.048087139601447726e-01,7.001253755619998298e-01,6.886779515676814123e-01,6.885222247923654670e-01,6.837428567316397032e-01,6.772460614284170344e-01,6.751201131785060650e-01,6.712672063292882685e-01,6.593030628042143571e-01,6.619952368144939037e-01,6.551565245508937929e-01,6.495874606858904610e-01,6.461264257416621248e-01,6.399670115212741095e-01,6.365397471019543785e-01,6.310556462590446447e-01,6.256979156998140335e-01,6.219846993369607668e-01,6.143788872551012581e-01,6.114304020133942696e-01,6.054306792682315752e-01,6.027938595884164696e-01,2.330806757938227280e-09,1.737106956828902531e-09,2.323512455655578531e-09,2.630292356798248743e-09,2.401618802785664153e-09,2.454615037199771300e-09,2.365310974423391703e-09,2.243536808708263946e-09,2.243441195783217522e-09,2.104124896110936606e-09,2.190354798725931618e-09,2.111090529531600375e-09,2.005773051674751157e-09,1.891072092020942619e-09,1.910823602740236509e-09,1.960392732374611426e-09,1.983753235857017366e-09,1.869331514421736255e-09,1.919493083565766371e-09,1.757318246066416575e-09,1.767078823502398497e-09,1.770404372305488061e-09,1.732577947490196291e-09,1.776117105887351479e-09,1.715826776515797992e-09,1.733191095787920249e-09,1.760596394332653707e-09,1.654562611814599724e-09,1.693514304581385320e-09,1.654691584674312864e-09,1.681047030292636550e-09,1.677121097160304502e-09,1.630930901573195316e-09,1.631910398699836610e-09,1.594556112797924736e-09,1.638532823789934230e-09,1.634902140233282127e-09,1.633113728235551818e-09,1.612153106524743200e-09,1.579544524131355410e-09,1.589958707217519102e-09,1.592635665009068398e-09,1.565217227672643351e-09,1.579135893001186088e-09,1.583324824923879692e-09,1.546632169197972102e-09,1.537433427877316318e-09,1.567647406095955974e-09
8.134047213686153022e-01,8.114129681099646607e-01,8.076206995197235949e-01,8.070767622051723267e-01,8.017511557136980382e-01,7.958716602725541822e-01,7.984136836774013979e-01,7.958327220153214032e-01,7.922584366258661470e-01,7.911235638468119280e-01,7.874326016268889950e-01,7.840786335120267792e-01,7.786993342687347219e-01,7.735774316935944972e-01,7.718837224753088977e-01,7.708482751489807994e-01,7.646825223127902138e-01,7.599767575488809435e-01,7.602495832863113145e-01,7.564210089989414909e-01,7.434091819907314713e-01,7.482303200928438480e-01,7.395849764750823674e-01,7.384712154526471561e-01,7.324844298846079349e-01,7.311285600263829343e-01,7.280422738582282838e-01,7.221758527131583172e-01,7.156547292469077615e-01,7.136407239878809206e-01,7.008968254146620280e-01,7.018456391698442154e-01,6.914747540624425204e-01,6.890675024712868968e-01,6.819042795087559838e-01,6.847273678160152866e-01,6.803130036871357644e-01,6.758749036387224907e-01,6.670073537439549227e-01,6.620206898270069029e-01,6.627125351488051264e-01,6.475707958390590768e-01,6.425943827683789911e-01,6.450468053264376556e-01,6.371070977274377878e-01,6.346044682016857008e-01,6.300180664486257909e-01,6.260154798546482269e-01,6.169577739148468520e-01,6.196430174339648822e-01,6.094993942007869148e-01,5.984793396476026928e-01,5.924979139018617946e-01,5.944120442357335721e-01,5.864050933094300255e-01,5.774544298115187324e-01,5.781517747736999446e-01,5.742937952631849141e-01,5.673445929853656589e-01,5.630506764029159505e-01,5.537152748680970182e-01,5.541389820459702298e-01,5.456178854283563195e-01,5.402539055043678040e-01,5.352463060034545750e-01,5.328933597625603591e-01,5.292582636804279428e-01,5.234608581014419393e-01,5.116677040590194014e-01,5.130538453124994236e-01,5.018533133964594439e-01,5.032537682201676521e-01,4.976147625705311661e-01,4.916314498718553083e-01,4.855245847214231247e-01,4.678136082776967464e-01,4.599069943425266316e-01,4.553610593105134052e-01,4.650659022255557162e-01,4.505842277957326503e-01,4.245417208362256556e-01,4.036063838444028384e-01,4.293057091365504729e-01,5.240361310584570886e-02,4.797660417097533436e-01,1.998045297705175471e-01,4.281944791626723923e-01,5.733410618451038193e-03,4.788216700279152895e-03,4.374714711230171665e-02,1.416195940852963200e-02,5.244064643639813859e-03,2.876866290840011109e-01,9.201030715945701655e-02,2.450602477222769623e-02,9.008491982735841036e-03,1.188860297319157752e-02,3.908611005093399760e-01,4.055163962527952304e-01,4.578472118349839748e-02,1.015866618302094793e-01
8.134047213638950780e-01,8.085578675327588227e-01,8.032710522356165672e-01,8.061823120715009283e-01,8.026250529623502050e-01,7.974763373290685298e-01,7.986072400244972336e-01,7.935550291118544930e-01,7.936246867892603474e-01,7.823514859942516386e-01,7.842355846589711410e-01,7.832909779849123177e-01,7.820303691842550586e-01,7.826524830127867816e-01,7.728302675128781996e-01,7.718092311055735344e-01,7.650314123828332313e-01,7.640651945893932595e-01,7.552933645019024311e-01,7.540837318922166688e-01,7.521216560717857158e-01,7.467147851665029146e-01,7.428582961150540509e-01,7.398740606373814810e-01,7.342685311405793280e-01,7.263528216136316829e-01,7.219402038469729943e-01,7.186257125336359408e-01,7.176078225835871294e-01,7.124287731917949840e-01,7.038413874967217598e-01,7.043384777483114867e-01,6.972988219525529940e-01,6.858732178037176830e-01,6.894669942980593547e-01,6.789879613861122820e-01,6.799690285742835405e-01,6.703555284527371594e-01,6.690297999029332088e-01,6.601005354117647217e-01,6.552745991542141546e-01,6.597438951868660473e-01,6.507143249455056289e-01,6.450440732650561948e-01,6.322079686525365894e-01,6.302625253679438044e-01,6.284019894170228548e-01,6.217671304785556963e-01,6.211563258307939428e-01,6.132450290682940341e-01,6.080816738416930933e-01,6.034057853571382912e-01,5.994498302410565804e-01,5.934828598715057302e-01,5.833275859314759337e-01,5.795514196155447939e-01,5.764304790266614464e-01,5.766785244206752425e-01,5.639402172952333592e-01,5.640465413420101548e-01,5.588225586923156740e-01,5.485896029171414279e-01,5.474240747378190663e-01,5.391199034174122273e-01,5.383247361494616356e-01,5.268373199815437058e-01,5.286857870651080482e-01,5.188460863622589292e-01,5.157917605963745489e-01,5.104300598675234335e-01,5.072929213193400066e-01,4.982706758005210346e-01,4.958566349722934863e-01,4.865843694890004123e-01,4.866487788837850492e-01,4.744023374741461185e-01,4.683572225759228269e-01,4.511059446535360951e-01,4.491301097209891569e-01,4.530333702667313500e-01,4.432731668396321933e-01,4.516486854572174803e-01,4.418071370426019939e-01,4.448955855215483424e-01,4.443871064649089209e-01,4.457609466411975863e-01,4.405029044045107867e-01,4.424111894469535122e-01,4.415076594960933853e-01,4.476287128519130243e-01,4.421324141025130827e-01,4.442389444309328694e-01,4.492088050952808831e-01,4.389040347888345517e-01,4.364871778411862357e-01,4.403265242891544196e-01,4.352493361583963383e-01,4.349222551414312909e-01,4.412477097523677116e-01,4.474957180169750748e-01,4.361383927992673604e-01
8.120594641057331531e-01,8.092472167976390018e-01,8.085135223150839989e-01,8.049301138521195442e-01,8.026362074652330092e-01,7.974763373389618382e-01,7.997047960013365930e-01,7.959614707027939939e-01,7.936246868148322253e-01,7.880420382531633239e-01,7.845601267419874958e-01,7.761291959307240473e-01,7.770702495945727151e-01,7.782060577882901065e-01,7.708266372715673054e-01,7.686336219126113090e-01,7.588443616270000858e-01,7.625200277756170042e-01,7.599135340446420139e-01,7.519243139913005525e-01,7.532122919345985990e-01,7.432150376726969210e-01,7.401708102900331765e-01,7.384712154847673515e-01,7.311273040959079816e-01,7.313872047316002378e-01,7.280422739404346366e-01,7.261384319922129515e-01,7.177053664893270346e-01,7.110720615055021732e-01,7.027140877390525286e-01,6.979886414378675408e-01,6.982901331288806634e-01,6.915170671693107174e-01,6.893059514117618747e-01,6.845204664637588587e-01,6.801469809217867146e-01,6.730442052238987394e-01,6.658416031019026571e-01,6.605728503265509977e-01,6.581676197954027252e-01,6.558884565564337965e-01,6.485249245280073627e-01,6.451853968390446337e-01,6.406669207681585654e-01,6.298001186318566980e-01,6.285644161584822420e-01,6.263992355866440098e-01,6.174473538517019078e-01,6.147613232227387980e-01,6.046712456452845164e-01,6.050966908370101205e-01,5.965635351592933899e-01,5.924138502482947377e-01,5.870606864235183853e-01,5.834668709139475551e-01,5.816717650133518269e-01,5.714927899300750180e-01,5.640698153059005016e-01,5.640118974281825848e-01,5.587148863033031265e-01,5.642104980973455808e-01,5.517905422039093288e-01,5.555318355382092843e-01,5.477720766067887270e-01,5.538631975363799143e-01,5.508748520468531584e-01,5.474135176382941559e-01,5.491243681670952004e-01,5.498742040565786082e-01,5.411497737137849207e-01,5.541115682112564000e-01,5.527575076401266552e-01,5.521043507565880359e-01,5.471423131755702718e-01,5.499536998591341153e-01,5.577874872772047299e-01,5.453952375591303303e-01,5.505030815791146503e-01,5.508913476635720619e-01,5.522987444744454910e-01,5.492922380931662962e-01,5.530514271620518008e-01,5.522791603070026367e-01,5.452832186163321104e-01,5.516413251021953235e-01,5.459381502469342617e-01,5.514617363362680491e-01,5.502045939379707207e-01,5.441756085484804606e-01,5.485373061825236096e-01,5.511303577000340459e-01,5.417898938018461674e-01,5.487525264344390585e-01,5.480332698534141622e-01,5.415612586190943212e-01,5.457128215352898826e-01,5.493135840130620728e-01,5.468427936690424263e-01,5.540353596155209726e-01,5.455212597572069999e-01
8.106005016540084318e-01,8.055142212582245831e-01,8.048628001242037477e-01,8.049301138540931877e-01,8.076092968804267080e-01,8.020594779110217232e-01,7.977105649636172524e-01,7.960442455328169409e-01,7.920146287274587582e-01,7.903305047725390775e-01,7.881561564272161480e-01,7.761291959323568523e-01,7.780301047326096953e-01,7.806803515527152015e-01,7.701180476923411566e-01,7.663791162931048451e-01,7.654617232626652612e-01,7.613439681598137554e-01,7.603478548480054888e-01,7.506854249105575638e-01,7.514892713919374412e-01,7.533627328884351382e-01,7.386314932565549718e-01,7.433291052918363784e-01,7.341915874520077434e-01,7.313083803085552725e-01,7.271384413398622737e-01,7.166092442890986680e-01,7.155096869725927622e-01,7.077747288580965579e-01,7.057342529055425917e-01,7.038008255436516425e-01,6.977663288619063708e-01,6.895656417022180129e-01,6.863500337467162149e-01,6.846347374662845597e-01,6.749461306535442517e-01,6.735433153751561042e-01,6.658416039047362345e-01,6.602396181239122974e-01,6.606987513020408098e-01,6.538570872201380224e-01,6.471641000086236772e-01,6.407641094611613575e-01,6.400167550863059551e-01,6.342979669118224972e-01,6.313582932297205907e-01,6.268024760111985394e-01,6.325500122400431469e-01,6.298638490341006424e-01,6.293699818644544752e-01,6.293382721023997872e-01,6.278813717571749553e-01,6.237729850058544301e-01,6.289969735393100558e-01,6.245295559239090188e-01,6.241652197595501939e-01,6.304775828152010542e-01,6.214494517241213600e-01,6.249241062650479073e-01,6.246375486163419088e-01,6.245774896406259824e-01,6.213444656605493499e-01,6.218824141749164092e-01,6.252726220600156593e-01,6.249865105461990256e-01,6.250909179121864057e-01,6.233268539310850009e-01,6.171368115966513468e-01,6.241411342757099412e-01,6.221344878184611460e-01,6.220488354648785467e-01,6.199686968536074483e-01,6.218344277067742176e-01,6.189251607298641433e-01,6.198105387808802158e-01,6.196376191968248071e-01,6.218334759117253308e-01,6.185489809553050833e-01,6.232902830223197022e-01,6.193616554225157556e-01,6.214903546287428027e-01,6.129540493318947902e-01,6.243208318126332035e-01,6.226807097896170928e-01,6.211755878792861729e-01,6.177654307869228090e-01,6.227197337922467657e-01,6.181494619713173710e-01,6.256033048090663407e-01,6.218985905606134734e-01,6.230966954046996964e-01,6.230143888507285732e-01,6.199847426967535213e-01,6.217538352325980844e-01,6.207357950905878496e-01,6.217306873888468477e-01,6.225505234458723613e-01,6.151717517432399029e-01,6.237025773924336214e-01,6.124775056458249267e-01
8.156948522580944605e-01,8.093284347660909539e-01,8.072378209404527105e-01,8.072562895224822954e-01,8.004702471263348551e-01,7.990922665640869393e-01,7.974002865825844388e-01,7.960032396240382946e-01,7.906660454462024479e-01,7.870843954426572919e-01,7.855421903763448732e-01,7.828928495688267652e-01,7.774897560970913668e-01,7.748611910762913668e-01,7.694742836535891639e-01,7.715135778619096607e-01,7.656537743720847056e-01,7.640279601222794703e-01,7.512919980829962929e-01,7.537252908828634412e-01,7.485495749409074584e-01,7.437736765294508112e-01,7.432735232039564544e-01,7.341798548790164913e-01,7.329631313386383296e-01,7.302395810929886988e-01,7.305349829363746439e-01,7.169906771682039714e-01,7.140640370174193841e-01,7.136407248539137216e-01,7.063174389340792780e-01,6.991186833119280575e-01,6.973330708375817810e-01,6.934619907510967129e-01,6.893764949228162742e-01,6.867988220818661560e-01,6.862914921376748190e-01,6.860255359614338966e-01,6.726170370942705645e-01,6.860952901201267107e-01,6.848289029775052050e-01,6.766076871632513701e-01,6.835547843431832860e-01,6.831498542630436432e-01,6.776596904091767293e-01,6.820922552136355899e-01,6.829293257430100184e-01,6.730713539582628968e-01,6.783410342460121090e-01,6.776073201150500935e-01,6.788043936863042971e-01,6.743575178215504007e-01,6.743836141545083152e-01,6.757825355547072421e-01,6.768454720256822377e-01,6.795439797331447318e-01,6.776261337355887759e-01,6.746942488202118948e-01,6.758846577865572636e-01,6.793066567846386405e-01,6.737822592886516526e-01,6.746960271032663714e-01,6.728990769328757615e-01,6.784476978842991501e-01,6.773805437902055138e-01,6.739146281617810486e-01,6.775431482393200477e-01,6.782195558786421330e-01,6.766357206665014612e-01,6.750311834754948448e-01,6.737891554502791758e-01,6.738516737362547637e-01,6.761140932396501046e-01,6.714713166744242789e-01,6.737636225111260924e-01,6.760560681266725158e-01,6.775094277281392685e-01,6.730612529369366381e-01,6.727803044162515844e-01,6.732214616746535762e-01,6.727220881138233910e-01,6.772176125957604098e-01,6.751688540591359589e-01,6.729891989476434189e-01,6.729487497796621254e-01,6.709200492124309800e-01,6.751275966693680575e-01,6.708595216408075323e-01,6.754145569576149866e-01,6.685240408257494549e-01,6.730722692305722843e-01,6.753177550472126978e-01,6.723863170785804311e-01,6.767811657488187471e-01,6.723484842508075099e-01,6.724888205113203066e-01,6.706183216322830765e-01,6.734799163483683460e-01,6.724705600943281514e-01,6.748092905054489110e-01,6.723316398697725127e-01
8.147206916691268619e-01,8.112812436235230518e-01,8.085552769320619726e-01,8.007963562774359501e-01,8.026608557235604957e-01,7.976714785015542875e-01,7.989884478502287113e-01,7.920426167854524024e-01,7.853058589359359631e-01,7.856725715182346637e-01,7.886588331023396403e-01,7.847962867744702198e-01,7.776793440510704203e-01,7.787700653222929814e-01,7.709716937387631752e-01,7.643615112114002796e-01,7.661361038787835032e-01,7.618945836136079564e-01,7.538612264933189921e-01,7.549864722649863857e-01,7.527881230970183690e-01,7.478548423677253698e-01,7.451189519036144349e-01,7.351704341860637593e-01,7.380808394882122370e-01,7.270461517279556141e-01,7.263758153577475341e-01,7.271552232115874315e-01,7.256358775122545568e-01,7.218183949635307295e-01,7.258234539993364542e-01,7.163658593481011527e-01,7.200570186708560305e-01,7.219636004473913848e-01,7.197929747871087969e-01,7.189427571855925292e-01,7.115886934000552611e-01,7.240284687748745895e-01,7.237020900153199321e-01,7.189291083872688670e-01,7.210466114463236487e-01,7.193106938139282036e-01,7.184633193844754961e-01,7.108006502333572563e-01,7.132100160309080561e-01,7.182167700161474766e-01,7.177839484799318770e-01,7.148899442741363242e-01,7.147740402559150663e-01,7.195671999608888036e-01,7.143882213113842417e-01,7.204276088444071524e-01,7.139801435669448360e-01,7.183266051436818511e-01,7.160963662802838359e-01,7.158832652799158591e-01,7.148615786067977762e-01,7.149356036514631363e-01,7.160622186409062451e-01,7.141872915912788056e-01,7.181808590703130379e-01,7.176308981975449974e-01,7.149877765681560415e-01,7.189847415112859963e-01,7.152346652982327635e-01,7.141790315855017779e-01,7.129914718242662541e-01,7.116391135571418225e-01,7.150010653726519561e-01,7.162552953901888397e-01,7.168769623596348284e-01,7.171911230958843975e-01,7.186770832195367165e-01,7.164324505454847669e-01,7.146031913243779954e-01,7.170723974434514147e-01,7.170577403289634111e-01,7.119634072047352769e-01,7.119521783744263699e-01,7.152932127230318127e-01,7.157099179251730225e-01,7.166615161236903342e-01,7.141309070372418022e-01,7.143458946948929578e-01,7.157512160953919400e-01,7.170783184238096464e-01,7.157674798445454734e-01,7.133772239435484108e-01,7.137502632459907792e-01,7.143667101914311646e-01,7.146130731195188268e-01,7.137187618048216331e-01,7.137683948225428399e-01,7.156039480481362069e-01,7.144565640174371790e-01,7.118299164119227251e-01,7.164285677923365458e-01,7.148091314059052959e-01,7.152536182290663014e-01,7.171233442068445374e-01,7.110997081617864701e-01
8.136634099860475811e-01,8.054261888777056733e-01,8.081470235127258261e-01,8.027839816492743363e-01,8.040726174055834452e-01,8.020769461818381130e-01,7.989884479335523926e-01,7.975901959506179750e-01,7.909085626293381743e-01,7.869007567395435165e-01,7.883932417682864013e-01,7.807490148694659071e-01,7.858705134706092110e-01,7.739917579012007831e-01,7.682367442072722818e-01,7.709441388709589171e-01,7.654617238030589910e-01,7.656616842693221292e-01,7.629877481034463838e-01,7.544321425936487691e-01,7.584566887941777136e-01,7.574428960661129251e-01,7.525328094708189086e-01,7.526692050332886019e-01,7.521967496853693147e-01,7.544204411325899917e-01,7.511604245715141071e-01,7.549196648447069613e-01,7.500808527613728183e-01,7.499756478480875677e-01,7.518791525874308768e-01,7.501720653557398810e-01,7.499898720216237047e-01,7.535139334725079463e-01,7.532758984969220029e-01,7.498665224941487573e-01,7.480344712697757359e-01,7.500826758853683662e-01,7.513943247936127889e-01,7.491650944038916737e-01,7.482640685757115939e-01,7.505072108505274064e-01,7.452574174023893772e-01,7.483174391136243608e-01,7.515877315414024595e-01,7.468123515917466371e-01,7.484198066966699647e-01,7.468157709177921655e-01,7.473718545393123192e-01,7.477621299067720440e-01,7.500647707299120670e-01,7.473879861450001272e-01,7.476724535463593613e-01,7.479691589271237895e-01,7.479124005847195278e-01,7.481668219975009526e-01,7.492999844621759387e-01,7.469800768919430123e-01,7.498733203115801604e-01,7.451924839637088516e-01,7.449123996701351169e-01,7.487579800758150661e-01,7.439169500289711801e-01,7.510614810251737827e-01,7.439374299432931492e-01,7.508011899981770210e-01,7.482269560814015508e-01,7.499212334668848845e-01,7.459663383957633176e-01,7.489946787151581242e-01,7.480173902183199219e-01,7.476358040855214382e-01,7.498652275905225428e-01,7.469523625518200705e-01,7.511134190286984369e-01,7.450267802895302882e-01,7.476868921457833217e-01,7.472547078550613175e-01,7.479656669053952323e-01,7.487285921112966092e-01,7.480439110665285662e-01,7.461977100098117210e-01,7.496597745572874949e-01,7.449677555104387006e-01,7.488737717265493421e-01,7.498016348591585167e-01,7.454381192476077223e-01,7.492084622483485834e-01,7.492144526980379915e-01,7.481658500397074807e-01,7.464034535406951498e-01,7.510384838335107949e-01,7.482541760373198070e-01,7.499198903682298134e-01,7.467711825574222528e-01,7.499249659224804798e-01,7.492082932351112889e-01,7.484051399623478096e-01,7.496813486915744340e-01,7.482100096998525185e-01,7.469459346354150320e-01
8.075463021369055916e-01,8.098144363973617255e-01,8.076796729705761901e-01,8.040370492171551309e-01,8.031885341484279461e-01,8.034115038074522985e-01,7.989071273174009891e-01,7.954761468026428917e-01,7.932428630525624191e-01,7.952493423850781618e-01,7.866343875702744848e-01,7.844095573988332237e-01,7.844410485787066678e-01,7.786528568020361085e-01,7.765821540651850485e-01,7.849788216164012011e-01,7.816404187023343608e-01,7.811291964863503745e-01,7.755811451895453512e-01,7.775968800966643890e-01,7.779306495763910201e-01,7.784117830963104279e-01,7.811342824108126193e-01,7.763477864952358365e-01,7.777843892014908445e-01,7.776148466854776453e-01,7.782326030064885547e-01,7.737003509673485713e-01,7.736565713931520261e-01,7.788481502560773428e-01,7.760075423836984010e-01,7.759551006776440607e-01,7.760477071239444413e-01,7.760172617735875411e-01,7.781132814773522588e-01,7.779916408663309912e-01,7.784071591439475357e-01,7.764627887857981081e-01,7.752264041557850316e-01,7.781894453648816601e-01,7.754242932795558652e-01,7.780335290107341928e-01,7.741580965750816112e-01,7.755883987512102173e-01,7.751544971657893246e-01,7.749272932761508415e-01,7.748491875724354827e-01,7.749584809578879963e-01,7.761645155371681426e-01,7.767364424623280916e-01,7.760669499272677685e-01,7.778206118284984871e-01,7.759727992478033798e-01,7.765373950827739735e-01,7.742938125678258121e-01,7.745424961881548498e-01,7.726199877335057087e-01,7.750271832903508074e-01,7.755535341681124573e-01,7.753542271138147424e-01,7.774917503909002381e-01,7.757053283648136510e-01,7.740170576157900939e-01,7.762314349206153041e-01,7.749103607680711825e-01,7.741647178203219237e-01,7.732491202861436763e-01,7.741333220925697978e-01,7.748531245924129562e-01,7.760711533376881688e-01,7.738913418819711731e-01,7.766452305886116791e-01,7.732008611365155382e-01,7.756304086304405265e-01,7.766289956389036409e-01,7.758290573777982813e-01,7.766201993774444201e-01,7.756900434688893675e-01,7.760567087056725599e-01,7.761333797553615632e-01,7.736266952993585688e-01,7.754318880492365729e-01,7.755682374025755221e-01,7.748483906495241547e-01,7.753825962201078559e-01,7.737491226138142331e-01,7.756519575187246218e-01,7.732620541514202417e-01,7.761400451574625992e-01,7.771853545376393724e-01,7.745801198300878987e-01,7.732894710133096927e-01,7.752673723206168210e-01,7.732946520575300076e-01,7.751428563294046059e-01,7.756791703311827213e-01,7.740443629967543870e-01,7.745089226302936947e-01,7.755933118933413528e-01,7.765828636525614614e-01,7.764739416302681718e-01
8.120091626170043986e-01,8.074302740544103685e-01,8.074480468443209213e-01,8.071137475002481132e-01,8.050782840008500196e-01,8.015886940434046037e-01,7.984854830825962591e-01,8.016695428782533162e-01,7.997105651456341002e-01,7.951385959409893456e-01,7.990188922369116931e-01,8.018647984274456242e-01,7.994885337641676193e-01,7.979262574287335763e-01,7.995288696429807551e-01,7.980517267155766703e-01,7.983488423036859682e-01,7.982162514234558692e-01,7.967018672800645351e-01,8.003817012433429579e-01,7.993606104918165034e-01,7.982864786666559187e-01,7.963631290328643253e-01,7.973963260386943697e-01,7.969068143208104527e-01,7.996823309728818829e-01,7.984635840673555141e-01,7.978174568922559162e-01,7.985430224445319025e-01,7.943887857430615984e-01,7.994247881802434286e-01,7.974679625370056923e-01,7.969424587120187420e-01,7.971006362481840579e-01,7.972543438770267610e-01,7.975391379727730934e-01,7.967605500233893023e-01,7.970023959474624720e-01,7.955352015049702574e-01,7.969503629938159417e-01,7.955879220233694760e-01,7.975057444235943427e-01,7.963957542242116050e-01,7.963762929006682478e-01,7.970593781711649006e-01,7.957250395056373327e-01,7.967958768361580457e-01,7.955633493669884704e-01,7.968672214771745921e-01,7.981384624192082722e-01,7.976606165484237954e-01,7.959681299599651316e-01,7.973811710213192239e-01,7.981073780985759036e-01,7.964346531775652327e-01,7.959841329547243660e-01,7.967514926019336752e-01,7.989397165954733593e-01,7.980030658515522290e-01,7.980611922480363996e-01,7.973220207267638360e-01,7.970799888302042557e-01,7.969713831908193935e-01,7.959929172481562398e-01,7.991754483341706461e-01,7.978033078452049232e-01,7.971087846340384475e-01,7.982678155476081727e-01,7.966923916474408784e-01,7.989138867964286073e-01,7.966850508946694553e-01,7.958757029643860337e-01,7.964900037208851868e-01,7.979413999404010305e-01,7.966839756195139843e-01,7.979130995862488973e-01,7.972326364421484790e-01,7.988656301978903640e-01,7.986250054646794050e-01,7.964502702233207110e-01,7.958391411855282316e-01,7.971941146189405192e-01,7.974510333752273805e-01,7.967198082758230049e-01,7.960046267066783754e-01,7.971808542667886410e-01,7.979852136747314084e-01,7.980895029244194916e-01,7.990628732683788815e-01,7.965743848144037909e-01,7.975061409123210820e-01,7.988433848315773522e-01,7.980123946854617012e-01,7.990824930696195372e-01,7.959485634033310886e-01,7.952512245052628659e-01,7.952485482837152730e-01,7.994660103570765397e-01,7.956958161789351447e-01,7.994641471206479499e-01,7.973475194593754312e-01
8.148844107793579150e-01,8.164566067960618012e-01,8.148781087941228130e-01,8.148056519220215899e-01,8.175314927810295451e-01,8.142078774074318348e-01,8.194722796621030092e-01,8.166707288078356441e-01,8.170196601460508745e-01,8.148373649281984710e-01,8.163156840499806721e-01,8.155222154089798448e-01,8.170968350276001102e-01,8.151906133252194708e-01,8.138493376311513039e-01,8.158128226317356013e-01,8.142670462439745016e-01,8.130649949288529799e-01,8.147180512431876354e-01,8.156364722599191985e-01,8.147906443516962360e-01,8.132292563434266874e-01,8.151183943613006244e-01,8.159559342103726021e-01,8.163300179255500444e-01,8.153875273655940559e-01,8.157869849119177008e-01,8.117568817638541878e-01,8.163077076060036852e-01,8.142830251756549842e-01,8.177761306326282176e-01,8.156491215138566009e-01,8.151044549472789003e-01,8.154028116792193526e-01,8.142802378659199647e-01,8.172373224444646755e-01,8.164345136767851008e-01,8.153907139172256180e-01,8.175105114196281608e-01,8.180653959719684787e-01,8.157388109754438732e-01,8.144176824736407694e-01,8.154107405565764743e-01,8.165514791196138988e-01,8.161136821090926308e-01,8.161522700677227293e-01,8.158597470230923854e-01,8.167228616248274342e-01,8.151317106737380191e-01,8.169724745219514306e-01,8.167100761575989409e-01,8.150132492590030919e-01,8.173185929353128376e-01,8.154931308130954903e-01,8.159219318151547107e-01,8.174341531396953631e-01,8.159438039707740398e-01,8.177551774414558716e-01,8.166629576301008830e-01,8.172856465290800898e-01,8.167030101966264999e-01,8.145997704069489753e-01,8.157025376944544437e-01,8.165555219300418832e-01,8.169194721259763758e-01,8.151447515064011995e-01,8.163632131632401201e-01,8.171450102598405429e-01,8.163870001980640945e-01,8.173755251249962273e-01,8.167795136210830309e-01,8.169495110279829664e-01,8.162871511836239380e-01,8.178842166636832722e-01,8.160308368948331337e-01,8.161458631495611682e-01,8.179005141826033443e-01,8.158297292433212000e-01,8.168999266960415007e-01,8.167569511245003078e-01,8.163470622857583736e-01,8.160148640212804283e-01,8.160876180948293257e-01,8.182446785495517405e-01,8.160417460846105531e-01,8.170462701652987381e-01,8.168554984801804641e-01,8.164679530931815421e-01,8.172188145249299485e-01,8.175358839938633437e-01,8.168968699920873267e-01,8.168985369103998195e-01,8.181839290868703207e-01,8.161082264864398805e-01,8.170330344726957073e-01,8.150058844184195905e-01,8.176647824644427409e-01,8.180118181115482168e-01,8.172630665861086996e-01,8.178618371210422122e-01,8.177035081942913841e-01
8.319908022417559224e-01,8.323303059708136997e-01,8.321944006712139741e-01,8.302956711974094350e-01,8.322689421416191724e-01,8.303975624548530776e-01,8.297301387038398257e-01,8.316804834722097972e-01,8.286375272530241975e-01,8.326795144886568467e-01,8.319747283742683353e-01,8.283458361589175478e-01,8.317125348446904320e-01,8.306472073649865395e-01,8.307400680465980569e-01,8.315193752034546470e-01,8.309002535352897345e-01,8.328427020749136211e-01,8.295348279566576721e-01,8.323241820599772689e-01,8.307631592324185021e-01,8.303010801536541141e-01,8.308929912069052959e-01,8.315259726924075778e-01,8.312512934277529464e-01,8.312340300641400948e-01,8.316241804030977125e-01,8.296713512331979068e-01,8.328233702248529768e-01,8.312915238929625694e-01,8.297569381788227894e-01,8.322396685974817743e-01,8.335769475215982771e-01,8.317017310725041135e-01,8.301212880855795007e-01,8.304493994968830117e-01,8.326664563257351048e-01,8.318041400463386248e-01,8.315911496125781843e-01,8.308757988742989653e-01,8.329280394824557510e-01,8.317498690433947628e-01,8.324688614342767856e-01,8.319333629027889643e-01,8.325066825885394373e-01,8.319756380392052675e-01,8.326003487155005933e-01,8.340205317534690188e-01,8.322830296626384516e-01,8.327476729447721437e-01,8.329905524658994809e-01,8.330937652318277653e-01,8.335916355212336093e-01,8.318542275597958779e-01,8.327951741120287465e-01,8.323862319980379620e-01,8.308829658143406238e-01,8.335717557929912536e-01,8.336983213189680386e-01,8.334052744655024991e-01,8.338632572625722661e-01,8.309970549053988798e-01,8.322179912339484620e-01,8.334830652755752523e-01,8.319748354240203980e-01,8.330470342888328661e-01,8.333056589297896943e-01,8.330475130619694468e-01,8.323072409621136147e-01,8.320096532168030912e-01,8.312594466909618562e-01,8.335441774503299373e-01,8.313276300729163237e-01,8.330981507071956171e-01,8.317831744439247998e-01,8.338953657844456746e-01,8.313618983371757754e-01,8.330841077177436604e-01,8.333154740387223036e-01,8.337236857630437870e-01,8.323689495144876993e-01,8.336001450496045573e-01,8.320712384909677573e-01,8.331365991637830204e-01,8.328907128273820293e-01,8.328121281473502835e-01,8.331713235221581693e-01,8.316327082003550641e-01,8.322624319601230614e-01,8.317744668219936299e-01,8.320876738286467900e-01,8.335033106619795795e-01,8.339405132194843695e-01,8.326930397443235154e-01,8.331686512572501480e-01,8.332354802199543053e-01,8.320679705768492251e-01,8.312255895090756574e-01,8.328721294378914619e-01,8.326674745943668521e-01,8.316698734509521129e-01
8.441495434105865669e-01,8.443460303545982093e-01,8.440190766411425072e-01,8.431283393407781324e-01,8.427298674897980568e-01,8.412422254925818743e-01,8.428816057520966964e-01,8.438714584210543768e-01,8.434919082667809986e-01,8.439764074638723690e-01,8.425618752846922854e-01,8.452806904437292213e-01,8.441773220744052120e-01,8.420787086001730870e-01,8.437823053861919220e-01,8.456690415195413646e-01,8.460394673250712927e-01,8.438129264585745304e-01,8.462347678995263411e-01,8.454491237589490948e-01,8.448613661836048561e-01,8.458221549259730132e-01,8.463980061332382343e-01,8.453887174956364881e-01,8.464723526697400802e-01,8.449892762093224041e-01,8.438289486052581445e-01,8.452768776821614205e-01,8.462452651912246715e-01,8.452006638852620490e-01,8.454042763931198801e-01,8.453939244298496192e-01,8.442316132490494951e-01,8.456467173013187955e-01,8.457422547797475154e-01,8.459243975581541841e-01,8.446131884497564135e-01,8.444602321234901954e-01,8.464743607180088558e-01,8.454530287375777720e-01,8.453151294115093251e-01,8.461462958265955070e-01,8.465267408646625080e-01,8.461120318979241661e-01,8.457625172820320003e-01,8.460756559017780232e-01,8.460038436732192357e-01,8.459411375106938857e-01,8.469432473007907358e-01,8.475225170988929246e-01,8.466592914644948120e-01,8.454246548036671305e-01,8.474400031615142437e-01,8.467277413829483734e-01,8.475273760244006471e-01,8.461723863385793853e-01,8.470854084132628525e-01,8.470841863112756887e-01,8.467811445453301555e-01,8.465961586204485689e-01,8.476106751925630567e-01,8.476827674025676496e-01,8.454174993035252772e-01,8.463124758032765094e-01,8.468355994827408972e-01,8.466939199022843754e-01,8.479037893181982088e-01,8.463326736916048088e-01,8.477749508520168176e-01,8.470889738119811163e-01,8.477775250258647866e-01,8.469249271860032069e-01,8.467845061128024264e-01,8.473708288407018063e-01,8.464278496507230409e-01,8.473890544200244346e-01,8.466943848103671844e-01,8.458306245268866208e-01,8.455733383103898326e-01,8.473391590879054691e-01,8.466134215453132716e-01,8.473463149480953138e-01,8.477377460255565156e-01,8.476303640510248760e-01,8.464018447923145061e-01,8.453891122646937095e-01,8.477689112949730044e-01,8.469765106541303767e-01,8.477565974559653217e-01,8.468774032784847083e-01,8.470984601553722682e-01,8.471494427807856331e-01,8.462820905907034730e-01,8.470151207756226874e-01,8.457873580132121427e-01,8.454200228605602829e-01,8.462765918115618957e-01,8.468745748235337878e-01,8.457128967884056658e-01,8.470495634209741498e-01,8.459002342888135573e-01
8.563194636635378387e-01,8.562201002071810896e-01,8.553407816976672517e-01,8.550775311024573222e-01,8.553929875941961303e-01,8.561758787524682557e-01,8.552893821755663817e-01,8.552148879339204202e-01,8.543912977706423773e-01,8.575479466433076903e-01,8.572060995145256435e-01,8.550413757239624379e-01,8.547691859086355981e-01,8.575019284626853588e-01,8.576004260971663573e-01,8.557995657104462417e-01,8.565768928003706373e-01,8.573772202340902426e-01,8.565315306254041028e-01,8.568351367618489700e-01,8.565380640421176306e-01,8.560772456254532869e-01,8.574715711056155598e-01,8.567891531548559314e-01,8.571741612455745507e-01,8.584465764123094811e-01,8.573064783622834639e-01,8.573932799491237322e-01,8.575624626033612197e-01,8.581435002105084475e-01,8.564374872368141212e-01,8.576409874841701697e-01,8.572765053896733711e-01,8.573582859853456917e-01,8.574109706354119398e-01,8.584324541909151840e-01,8.575004042192801990e-01,8.568864569869915071e-01,8.569961296892906200e-01,8.576407521596816075e-01,8.576837048156717991e-01,8.581191565424876044e-01,8.582473971486797026e-01,8.589996555449250781e-01,8.571915087903759778e-01,8.572612785273168168e-01,8.590161019996368497e-01,8.579168538550825396e-01,8.579472180356251254e-01,8.599752739285111414e-01,8.586686300315090614e-01,8.586995550314575620e-01,8.574893307158417688e-01,8.575114959974708961e-01,8.582221240538878693e-01,8.587383157857906291e-01,8.573768981129405997e-01,8.585996442122429961e-01,8.588659324944245554e-01,8.585968288313522434e-01,8.587911913298910127e-01,8.583380434346399301e-01,8.586719143091730011e-01,8.590433725687636191e-01,8.587692299149431996e-01,8.599669529873547047e-01,8.585091802631302782e-01,8.591050636867950674e-01,8.577083401285954256e-01,8.600070630141374295e-01,8.581119583017485786e-01,8.595033235790114912e-01,8.599434620934610640e-01,8.589037335668314732e-01,8.592836088971668174e-01,8.595017041695208748e-01,8.600061322817645904e-01,8.586829908100704900e-01,8.602552451180494053e-01,8.592211874600701460e-01,8.592616058057838124e-01,8.598807986130816428e-01,8.584823445688495314e-01,8.596029334192044624e-01,8.590415610418585812e-01,8.581671413081762845e-01,8.578109445034081126e-01,8.589544074536741292e-01,8.582019660502894220e-01,8.602788268726797583e-01,8.574751325189605700e-01,8.599711785684333032e-01,8.593224547378705003e-01,8.592643454594590668e-01,8.590981004605515725e-01,8.593356438951056386e-01,8.590526972269245665e-01,8.602779943791906136e-01,8.581158221905050842e-01,8.576321009241383297e-01,8.581723035265932387e-01
8.666949848640033149e-01,8.657546904131607768e-01,8.671679170481647603e-01,8.659847635014468192e-01,8.669720909667669728e-01,8.654881959317753948e-01,8.652395429471841926e-01,8.666984905199422995e-01,8.664566600590191126e-01,8.663132429442375049e-01,8.669038923322699430e-01,8.658686995729044655e-01,8.668595269338739140e-01,8.669893629979693594e-01,8.678607076606759119e-01,8.672902162692028849e-01,8.670760128950820711e-01,8.677725962280484762e-01,8.664861000108128319e-01,8.681925465166117073e-01,8.666157645584807723e-01,8.676339227984661839e-01,8.680363203750494083e-01,8.681275471300494706e-01,8.676472046218413059e-01,8.688214807555221242e-01,8.676451021951495646e-01,8.682248638908647287e-01,8.678119179612140410e-01,8.681177175147561931e-01,8.695733880900258228e-01,8.684994784632985576e-01,8.695978932251149374e-01,8.696299248774309598e-01,8.687273222719419374e-01,8.686873637727401398e-01,8.686501017908647704e-01,8.675715619949353474e-01,8.688949264484173707e-01,8.688723417243028324e-01,8.678272534861420917e-01,8.685901037642974609e-01,8.690321964402888399e-01,8.689882860745373749e-01,8.695101693578493052e-01,8.688145065750357832e-01,8.688658634608225073e-01,8.690823650053247640e-01,8.688029945893841477e-01,8.695664921898876853e-01,8.699854675170328733e-01,8.702885017338476414e-01,8.686398200883637122e-01,8.703088380374923716e-01,8.704762544835770166e-01,8.685807233550917328e-01,8.700066155720453942e-01,8.693754888564104721e-01,8.693252590867581731e-01,8.696189878141918905e-01,8.698943998806609734e-01,8.693406851893874521e-01,8.696648918016788299e-01,8.692806046311895019e-01,8.696801882577815945e-01,8.692244718381713087e-01,8.695106773615983720e-01,8.692526745155482182e-01,8.689429517121652902e-01,8.683424530136020225e-01,8.695205381407717926e-01,8.702054558351687286e-01,8.701354598585865352e-01,8.707224943620123225e-01,8.699334939874302508e-01,8.696114182499633527e-01,8.697699446938059742e-01,8.704998845973419552e-01,8.696236172812430443e-01,8.688615020647136866e-01,8.690083915288524530e-01,8.696433351346547491e-01,8.701566857285293333e-01,8.704786779017760212e-01,8.684187728842883702e-01,8.686738255487950200e-01,8.699825564337752004e-01,8.688881371079369975e-01,8.694081993993912905e-01,8.701094191196705463e-01,8.707900313988214958e-01,8.694582466369582541e-01,8.708139439215391020e-01,8.704563027365194161e-01,8.708266266952046086e-01,8.703705632834132233e-01,8.690394947263765379e-01,8.712121657003695230e-01,8.709198060312337564e-01,8.698405355651257498e-01,8.705054600216983740e-01
8.755700847559185762e-01,8.752758573135436260e-01,8.745525030397012234e-01,8.749457737879167141e-01,8.763508270441494608e-01,8.761078570177437408e-01,8.767905957239523485e-01,8.761815400041146340e-01,8.768826340033364364e-01,8.762324360512780963e-01,8.773356470754862801e-01,8.762396144272257548e-01,8.765559399596754009e-01,8.760094937897581202e-01,8.767304354085370122e-01,8.773722967523502891e-01,8.767925723792783232e-01,8.773022079240613280e-01,8.782561345458139712e-01,8.774384373275933013e-01,8.782498449067831503e-01,8.761958645176531890e-01,8.777796616661425189e-01,8.776375979603214805e-01,8.777117332273224326e-01,8.771633043052040613e-01,8.776252700278811547e-01,8.786125560496368392e-01,8.798623082664859263e-01,8.767872138680081751e-01,8.772540117693273798e-01,8.781179156313476675e-01,8.783750662266650577e-01,8.775131738687989014e-01,8.782787290999888308e-01,8.773491462358944393e-01,8.782678200155915604e-01,8.775348359600860793e-01,8.785006665569806694e-01,8.785008647650803804e-01,8.784043282962287202e-01,8.784973780897865625e-01,8.787817221860163563e-01,8.774525051005048759e-01,8.778419496201397276e-01,8.790672458934131184e-01,8.792267618868859769e-01,8.787195651250547801e-01,8.790636623850340836e-01,8.784041130504967043e-01,8.787746060582484198e-01,8.783140875762979194e-01,8.784273217730808048e-01,8.784786084395258543e-01,8.782580836049362905e-01,8.793089201869030980e-01,8.790391287750631832e-01,8.799854730740386266e-01,8.789793467893537438e-01,8.788335879017913355e-01,8.787428862864268275e-01,8.794641295614034071e-01,8.793934457160272888e-01,8.778478680320742633e-01,8.797005523199824539e-01,8.792224546347019443e-01,8.798939471440887505e-01,8.792741935887178339e-01,8.787193995245528022e-01,8.783868742143752240e-01,8.796322589612302068e-01,8.792498178499296158e-01,8.800200288904153068e-01,8.795588703921786156e-01,8.793475595442140635e-01,8.791509673945419046e-01,8.794259812152415146e-01,8.792265379759485189e-01,8.790451689234584087e-01,8.797529367051010185e-01,8.783637960334069739e-01,8.793995252677164753e-01,8.792672032518999981e-01,8.797057113832272845e-01,8.784046105157097273e-01,8.797569467190103909e-01,8.802033550946859464e-01,8.787401268982470981e-01,8.796329972840979394e-01,8.799092324849708824e-01,8.800635271621360944e-01,8.789909010429934888e-01,8.799967814048101911e-01,8.797625429073627767e-01,8.789859549325291788e-01,8.797237120396877996e-01,8.793982937145634615e-01,8.791787268312777348e-01,8.796158677039422891e-01,8.782617114605247854e-01,8.800132154672497542e-01
8.845362437406711908e-01,8.835979253963293090e-01,8.848054353378357328e-01,8.852867201477476744e-01,8.849214828585624248e-01,8.848744003922422996e-01,8.851290693771582951e-01,8.868988773378413404e-01,8.844897082922001941e-01,8.846661793688235242e-01,8.856736986124296163e-01,8.842117495543958539e-01,8.840509338936578532e-01,8.853238735446042895e-01,8.850736879965603876e-01,8.843516881358844950e-01,8.866115543445577396e-01,8.856758689975062770e-01,8.863627984284981887e-01,8.862889799967141879e-01,8.861049084386481978e-01,8.851318247464557976e-01,8.866491069683190007e-01,8.859851714852667870e-01,8.866128287287611265e-01,8.871496933396305629e-01,8.865446257497781035e-01,8.868332892458782313e-01,8.863611512843414530e-01,8.866637001752354363e-01,8.854404912095887870e-01,8.858815927020259329e-01,8.862298467832823157e-01,8.870364972382754898e-01,8.865711878063106122e-01,8.863799073127929251e-01,8.876724879853314931e-01,8.867334821119063903e-01,8.875182277769986250e-01,8.868876048230760478e-01,8.870223992354329123e-01,8.868606170280327605e-01,8.870712848519103355e-01,8.864360438042109269e-01,8.880162866150572709e-01,8.876485647544779534e-01,8.876143473296298492e-01,8.868039247488066490e-01,8.866157113308078541e-01,8.876594265939177220e-01,8.866485555045064970e-01,8.882325298072073494e-01,8.877337478976875529e-01,8.871805411230537786e-01,8.876307297602085145e-01,8.871736431302633674e-01,8.877464274273434430e-01,8.875157740078171154e-01,8.871710678217561430e-01,8.878698197587658880e-01,8.870813509589074997e-01,8.882101120240810666e-01,8.877139340697598469e-01,8.874236579206187248e-01,8.874348360436203897e-01,8.881821560179906649e-01,8.876312375159690626e-01,8.880542002485453112e-01,8.875643293260782052e-01,8.881652216569443370e-01,8.875668699462895272e-01,8.880870905150310968e-01,8.868918107781287308e-01,8.880711520809932980e-01,8.875209265168741979e-01,8.883048073925937649e-01,8.883642303880167068e-01,8.881507477406443973e-01,8.868881690058540990e-01,8.879056160016435273e-01,8.874546601419676106e-01,8.872564866392969041e-01,8.877440765816612123e-01,8.880624711312443686e-01,8.881048965747219137e-01,8.869035948007334413e-01,8.884556981198713510e-01,8.869209969088188705e-01,8.871888972768456894e-01,8.877882387311121226e-01,8.884446245471429027e-01,8.875990241219298138e-01,8.871815406314863539e-01,8.878068660999770545e-01,8.871802793377938645e-01,8.869188326338977024e-01,8.874653683618712874e-01,8.879015304165009947e-01,8.871946602111467906e-01,8.879408576828647925e-01,8.874880234769562115e-01
8.913156426092517792e-01,8.920671260804036162e-01,8.917606402557624046e-01,8.915440142128220335e-01,8.919771901747119980e-01,8.910694269438098614e-01,8.923986035972447661e-01,8.934617999939524768e-01,8.933277806014943145e-01,8.926840496669646852e-01,8.915203557580025917e-01,8.927263815307352468e-01,8.932835107210179704e-01,8.930293344942664691e-01,8.948949379452710851e-01,8.930911307525281062e-01,8.923810211360563294e-01,8.933488316850602962e-01,8.937200553309423423e-01,8.926382311977747452e-01,8.937543476523290842e-01,8.937392376467560018e-01,8.941308970804133782e-01,8.937863321062831101e-01,8.940648933602558524e-01,8.938914384950794600e-01,8.941922808586584281e-01,8.942733602371348844e-01,8.939603821222824598e-01,8.946584050015542466e-01,8.942343335196319964e-01,8.950042606272953227e-01,8.942600521733307106e-01,8.947336215162349227e-01,8.945742630202541124e-01,8.939382821100488874e-01,8.947675877875893580e-01,8.944228666753797352e-01,8.943845056320256504e-01,8.944007422319050216e-01,8.950571732056795682e-01,8.949928354728171609e-01,8.960149242566828320e-01,8.946459852224947218e-01,8.942075707588490463e-01,8.938196803363851473e-01,8.953363917968321095e-01,8.945915528446997111e-01,8.952824441366508124e-01,8.942933096256798775e-01,8.948914627394253252e-01,8.942660906481866290e-01,8.953715110532525223e-01,8.951792148048116626e-01,8.947329595568683791e-01,8.954280703054717794e-01,8.940632656469099659e-01,8.945427094487790054e-01,8.946243331507826024e-01,8.954920208614407517e-01,8.955790190186055932e-01,8.949469183076689260e-01,8.957724597485536844e-01,8.950694643196112077e-01,8.944318505847548284e-01,8.952292887695547652e-01,8.956479650896932432e-01,8.956844510767154599e-01,8.944707056637072329e-01,8.952362853920114993e-01,8.952794231821683546e-01,8.952409588860669176e-01,8.952458428312026761e-01,8.957411442983130856e-01,8.952623434455557749e-01,8.947715302202874366e-01,8.958950733795012500e-01,8.948129347625081165e-01,8.949309502827610396e-01,8.946746307742250437e-01,8.946150914745502059e-01,8.958941615038767958e-01,8.958977167592864221e-01,8.959010706195443818e-01,8.955323260911990380e-01,8.953146894047372406e-01,8.952731998072320785e-01,8.945605862998013968e-01,8.945289492892541938e-01,8.959372267955697522e-01,8.948918219986032874e-01,8.956948422845866231e-01,8.947385230713595927e-01,8.949513949778210575e-01,8.960575621116049216e-01,8.945765807322554330e-01,8.958809662322514411e-01,8.956653983020275156e-01,8.954383461647297260e-01,8.948625740250100158e-01,8.954407908605953592e-01
8.992371109071791713e-01,8.987619004157346714e-01,8.994219143944036654e-01,8.989279948242945295e-01,8.992019424378295822e-01,8.998959958735619491e-01,9.002955838438040370e-01,8.993371306517207175e-01,8.995846554287091346e-01,8.989485709995925777e-01,9.005503195189998866e-01,9.014401269015537288e-01,8.997288164654494436e-01,8.997461909179753636e-01,8.999616993294102807e-01,8.989412057766783537e-01,9.002415130764811479e-01,9.000231279356292191e-01,9.005396855873919471e-01,9.008846843604999544e-01,8.997546888873328985e-01,9.003747625344769023e-01,9.001415049979435423e-01,9.006314922551930113e-01,9.005528205164072819e-01,9.012982246962767396e-01,9.002829848730710127e-01,9.009092018020956605e-01,9.006236847150055347e-01,9.009651775420285391e-01,9.006971469921321027e-01,9.014905572759153163e-01,9.016856251427418645e-01,9.008767555196467436e-01,9.011230083615779929e-01,9.019950699288059592e-01,9.022018830843012704e-01,9.012223408453172713e-01,9.007886791610197896e-01,9.022047661795886686e-01,9.003825690991209552e-01,9.018325807146685413e-01,9.022380541815258059e-01,9.017080997310082946e-01,9.016616894157407636e-01,9.023805824617978644e-01,9.009938223209110753e-01,9.015863381167251722e-01,9.020031596416282493e-01,9.016549156301957302e-01,9.008329347533912124e-01,9.021188610404439201e-01,9.008077570331696204e-01,9.019591333651564291e-01,9.018204399667844040e-01,9.018950961985586767e-01,9.013017115847883343e-01,9.026258637836253040e-01,9.021810190824938180e-01,9.027531252930749428e-01,9.019256207606280995e-01,9.024674765674661758e-01,9.017665378851753566e-01,9.021970857607215510e-01,9.019328273800413243e-01,9.019706400721818618e-01,9.026861286491518754e-01,9.024502398123643854e-01,9.012131704894094097e-01,9.021510956674173576e-01,9.016649625162083126e-01,9.019862011790275025e-01,9.019337842410775075e-01,9.028341648485109783e-01,9.014792508894504675e-01,9.016575011340264290e-01,9.026721313404713065e-01,9.021359736287652975e-01,9.010215233446270400e-01,9.017363702874869880e-01,9.018805103377149912e-01,9.028658697326492621e-01,9.013256245436287450e-01,9.015019663960700536e-01,9.016444781886084892e-01,9.017532488469208740e-01,9.014797179427109786e-01,9.016092627476299803e-01,9.018418573943409733e-01,9.022266613989690098e-01,9.022660992527403723e-01,9.018204245999186242e-01,9.023776950673922936e-01,9.029434247441407990e-01,9.025920966855304206e-01,9.016213252380262944e-01,9.027311724518665148e-01,9.021879218469061046e-01,9.013483983228403051e-01,9.018580793426458353e-01,9.029752559818183810e-01
9.054736391534532469e-01,9.052285069345434865e-01,9.051705140790968773e-01,9.061457237170792434e-01,9.064030516335229715e-01,9.053743310021618029e-01,9.049549290498762888e-01,9.052169113905474962e-01,9.056259123883181328e-01,9.055898507724218227e-01,9.052536993834074952e-01,9.055679392400878269e-01,9.058771696550355079e-01,9.070525377909646192e-01,9.068859827774135018e-01,9.056317448301214323e-01,9.066454429920276503e-01,9.068428929490324197e-01,9.055477201156980627e-01,9.069735162452778887e-01,9.069397814365057764e-01,9.063244991907426495e-01,9.062593763717236017e-01,9.075735855135173002e-01,9.069021688038426676e-01,9.068762748971406218e-01,9.075294156266815460e-01,9.084254654755028469e-01,9.079300688603667568e-01,9.071072754628317636e-01,9.068793676431650130e-01,9.081486306554825694e-01,9.087905339845299135e-01,9.076025861835984587e-01,9.072880291790587082e-01,9.073910421663654580e-01,9.072764868149946205e-01,9.082712586768098006e-01,9.073302836857195519e-01,9.074567791330898636e-01,9.070543072480596880e-01,9.075199809644226567e-01,9.082118242928142182e-01,9.076038832866114570e-01,9.075424000668852464e-01,9.071610202986302163e-01,9.084753646270222749e-01,9.077383884867438191e-01,9.085274633471525085e-01,9.081722471491098236e-01,9.079707387989566225e-01,9.078316204252717680e-01,9.076690526022133110e-01,9.078921052708304185e-01,9.081682839293711007e-01,9.083338857948498601e-01,9.081985142366733044e-01,9.085638168962765215e-01,9.079903628322945064e-01,9.074589398025274534e-01,9.079694401606164256e-01,9.084230384206708475e-01,9.082712580671591374e-01,9.080589771921552256e-01,9.074119360258963152e-01,9.082455373434751289e-01,9.080737270896932500e-01,9.085700273993289056e-01,9.077719318096637569e-01,9.075766098142818983e-01,9.080918623548472901e-01,9.076366775300876988e-01,9.071960294554159976e-01,9.078287206191580916e-01,9.088494628127148367e-01,9.078657267535903408e-01,9.078884118699812600e-01,9.081103829672110272e-01,9.084426258856156400e-01,9.083534170314985223e-01,9.070952755552893487e-01,9.081745211572496146e-01,9.083785602539787840e-01,9.077889986154100699e-01,9.081873789280708875e-01,9.076398119355397753e-01,9.072246048846372979e-01,9.083644114549526138e-01,9.080081963216491969e-01,9.075221543116203105e-01,9.087798777761244562e-01,9.081802164994602355e-01,9.079926706143817139e-01,9.083562234714809280e-01,9.087626986224712766e-01,9.075543395607088559e-01,9.081320524886089540e-01,9.083426303130596180e-01,9.084787864152005232e-01,9.074391448024964335e-01,9.083026700223407746e-01
9.110724123922108175e-01,9.115002307942401405e-01,9.109317507915168921e-01,9.126079947678076287e-01,9.112496655506625576e-01,9.116375405649839170e-01,9.112217782285872980e-01,9.113306793925514127e-01,9.108819489022244031e-01,9.113253819444675496e-01,9.122297957122589285e-01,9.128221976146672079e-01,9.110674281253057227e-01,9.110792809851888663e-01,9.116211051904314910e-01,9.121352075429278727e-01,9.114159340920147123e-01,9.116852564906511303e-01,9.120372152381025499e-01,9.129033791287177735e-01,9.118502362427656216e-01,9.121766399428633543e-01,9.132303544784525773e-01,9.133414731443784129e-01,9.128419851628750692e-01,9.121486927486944785e-01,9.120624293646788505e-01,9.121098353331782427e-01,9.129044186089941837e-01,9.134059793265898453e-01,9.131384473026759041e-01,9.128859853333080032e-01,9.137344451135450685e-01,9.129831179373592009e-01,9.126877285079223467e-01,9.126795626412789186e-01,9.134457399938057387e-01,9.129604589344253451e-01,9.127764094503761916e-01,9.131895715598151719e-01,9.126491202771026545e-01,9.138259425456938256e-01,9.135243342166634584e-01,9.129091384977560120e-01,9.140934952366174260e-01,9.130022087337450465e-01,9.130961317086810913e-01,9.138961990251508460e-01,9.129080429359490712e-01,9.142002059045835072e-01,9.141397877481787226e-01,9.140888714654848979e-01,9.137420900019113112e-01,9.135884243638419111e-01,9.132580148108128126e-01,9.134789195759648317e-01,9.126914456632519990e-01,9.131367481985138701e-01,9.133892125266447337e-01,9.131706428841391832e-01,9.130912095172409870e-01,9.131903662774213393e-01,9.135695674938929534e-01,9.131252044850886040e-01,9.143426773475111791e-01,9.136275660754182848e-01,9.136308198707036032e-01,9.141479905356127977e-01,9.139594247633689994e-01,9.137650659179251678e-01,9.131595724314800488e-01,9.134083848919771764e-01,9.141802367799121143e-01,9.137451503099822681e-01,9.134324601069223615e-01,9.145454296761318380e-01,9.138669808305803777e-01,9.138761296367472475e-01,9.129028455976296863e-01,9.139121882939604813e-01,9.132029760726403378e-01,9.137388476999594999e-01,9.132991972217190391e-01,9.137554325473038475e-01,9.141634892729874062e-01,9.138952683383437803e-01,9.143693273024244839e-01,9.139763037067782925e-01,9.137268778578413464e-01,9.131009467581817640e-01,9.130845323432691396e-01,9.132322000391834838e-01,9.142749359971825696e-01,9.145935270042425680e-01,9.134345178367924145e-01,9.139225280493422643e-01,9.137477584327931002e-01,9.132822976057108910e-01,9.138443973150728317e-01,9.134224858126990254e-01,9.139134921801520539e-01
9.161795574471716108e-01,9.162464795969811338e-01,9.161823071695348597e-01,9.168622754430478805e-01,9.159285092487864377e-01,9.167533612036397050e-01,9.166036243279722662e-01,9.165054590738744844e-01,9.165832710363451818e-01,9.173476274694337684e-01,9.164952727991102499e-01,9.172455034464196411e-01,9.165804452993120410e-01,9.180081804034933013e-01,9.173507715745020663e-01,9.168261235881997040e-01,9.175432496821491757e-01,9.185053705740233720e-01,9.177242696701591873e-01,9.179367655252318459e-01,9.167654042299346884e-01,9.175372052233078390e-01,9.169761939604683665e-01,9.170449158634411679e-01,9.175747610623931072e-01,9.174927181478098603e-01,9.175519770974477352e-01,9.174006908115478476e-01,9.177810500801476534e-01,9.181547012340263159e-01,9.185201018783487603e-01,9.179037423669299534e-01,9.185947859811948168e-01,9.177713165761797187e-01,9.183887607316962853e-01,9.182718376104557212e-01,9.183697163336781433e-01,9.178374787076808428e-01,9.187407054294935982e-01,9.189962660472229539e-01,9.181941975543981282e-01,9.185314107374208392e-01,9.181623910346228268e-01,9.180648480005068057e-01,9.178606692923476640e-01,9.181605235713874436e-01,9.184242208932447138e-01,9.184366233885213893e-01,9.179485381946154154e-01,9.188303050891468704e-01,9.192355412541443060e-01,9.183926824170444148e-01,9.181291572156546898e-01,9.187933449842847766e-01,9.188934721767069158e-01,9.189042410604781885e-01,9.186139505116633908e-01,9.180922431653700810e-01,9.185810797755742385e-01,9.185932321362699771e-01,9.188091863032280537e-01,9.186331514584463731e-01,9.191793428587138326e-01,9.184315897377477445e-01,9.191212746040052783e-01,9.180788508712004470e-01,9.188209969865553939e-01,9.188536224733261371e-01,9.193793348281772415e-01,9.188662048905009705e-01,9.186791789875260461e-01,9.186071655946084213e-01,9.182930937429802931e-01,9.182989329302556625e-01,9.184597698668541810e-01,9.191490624715971114e-01,9.183145798024842099e-01,9.186460776099617531e-01,9.187615241880187078e-01,9.187685962919488469e-01,9.193472801200512912e-01,9.189539168568967575e-01,9.192071867278839292e-01,9.187748521555866299e-01,9.188015319775277856e-01,9.193189755200943392e-01,9.189685972504313405e-01,9.181478770027143854e-01,9.192293431859743791e-01,9.192500246196118052e-01,9.181645979576213978e-01,9.188812553605361089e-01,9.185167832080424200e-01,9.184715863188074314e-01,9.185252015446445650e-01,9.194633050893296078e-01,9.191503424612389450e-01,9.190185802505669299e-01,9.187945352012334421e-01,9.194829114747882226e-01,9.190667810132927551e-01
9.211047787683497301e-01,9.208789757315011260e-01,9.207383810591660556e-01,9.212606127964536595e-01,9.223852659842287638e-01,9.215758833763879609e-01,9.213809751679117310e-01,9.213303691724198385e-01,9.213821648267332964e-01,9.211776779590624686e-01,9.221829125421909801e-01,9.218669323629132828e-01,9.219745883386383234e-01,9.219623635317861776e-01,9.221384936825455236e-01,9.230182441037695362e-01,9.218045038516978762e-01,9.223110132074308076e-01,9.224888253418653816e-01,9.223083870426043163e-01,9.218357293972013755e-01,9.220969921235270261e-01,9.229444255963238364e-01,9.222191998971175364e-01,9.218379081753595994e-01,9.223910808653493776e-01,9.227295980835465983e-01,9.223609553299277897e-01,9.226225577799996858e-01,9.225227136856601895e-01,9.227350464706056687e-01,9.221106763280212393e-01,9.220050219665492097e-01,9.233492652232061504e-01,9.227420855047904213e-01,9.225113188625280181e-01,9.232438093877299856e-01,9.223943513859268473e-01,9.225890998889662020e-01,9.228055574872715550e-01,9.224406538558234114e-01,9.234964233364442165e-01,9.240232649857305081e-01,9.229276495286191651e-01,9.226945818701368651e-01,9.229694470006754026e-01,9.234918867077481774e-01,9.227285090263636080e-01,9.223442727135184871e-01,9.241517316691121309e-01,9.228562058728951856e-01,9.229373114288378366e-01,9.237640941719216237e-01,9.236402228928927149e-01,9.227949251590124025e-01,9.231684190028671688e-01,9.232005818585679036e-01,9.227508803760438028e-01,9.228579871791623424e-01,9.229699614872227675e-01,9.227537920852617592e-01,9.235867573277896092e-01,9.238634525985198742e-01,9.244304047740385943e-01,9.229326822153524068e-01,9.239427445595473909e-01,9.232918029497335644e-01,9.230127072488960582e-01,9.231457378302403427e-01,9.239451185426185154e-01,9.231264687151738979e-01,9.233094325914040779e-01,9.227695971179475931e-01,9.232267409108484424e-01,9.234616871865309884e-01,9.239140123195153098e-01,9.230261930437366757e-01,9.235294205256230349e-01,9.232293795551348436e-01,9.234802454603999733e-01,9.234861997401816458e-01,9.233460292610515818e-01,9.233482358844168347e-01,9.233384449921316905e-01,9.241342268298788909e-01,9.234111030028390177e-01,9.234019358153046086e-01,9.233199137110968957e-01,9.228826733465271825e-01,9.229075485896542919e-01,9.235404662095398898e-01,9.233854432302169846e-01,9.233902716393426191e-01,9.236486344496495082e-01,9.227620543761788641e-01,9.233322492822747529e-01,9.229650215443458983e-01,9.238376154217607938e-01,9.241018591693196393e-01,9.229721677622140241e-01,9.231493636747353237e-01
9.253593257571435249e-01,9.249823260328068342e-01,9.251635214154064757e-01,9.258976756291141808e-01,9.252545213686386161e-01,9.252319123334402651e-01,9.251424546883364464e-01,9.258488272307809908e-01,9.257571330658788122e-01,9.258684993350420056e-01,9.254951565412690151e-01,9.256023682496612448e-01,9.263559148904673135e-01,9.262832224901642597e-01,9.259946044409683719e-01,9.260899856931017471e-01,9.262908306973597350e-01,9.261724796587729180e-01,9.263829687306684990e-01,9.262548051199794852e-01,9.263511754757299821e-01,9.259144994478480939e-01,9.266856076655813901e-01,9.269919193995569406e-01,9.262219046969072389e-01,9.264970579738652789e-01,9.267086433458944228e-01,9.271539018837055002e-01,9.279503119230433361e-01,9.266113350440606800e-01,9.265071567854219481e-01,9.274042992169967414e-01,9.274281006874858235e-01,9.274956738883147755e-01,9.272736306202891132e-01,9.270763286978714879e-01,9.269673715862242203e-01,9.263945351643192438e-01,9.267523441423398678e-01,9.268082957802036281e-01,9.266836228850980905e-01,9.279393488464546813e-01,9.272761478116390288e-01,9.277082309631612400e-01,9.275853837231641252e-01,9.269883448942303206e-01,9.271436999596395223e-01,9.274378384661922103e-01,9.272047436033165058e-01,9.275346767753913646e-01,9.268426860957977853e-01,9.272828123474826656e-01,9.273774690065653692e-01,9.273071024327060874e-01,9.267512093337220147e-01,9.283777227350049621e-01,9.274731443213422022e-01,9.271739365926973120e-01,9.279417683636438374e-01,9.268821076333958464e-01,9.281624821692022742e-01,9.273001876508257801e-01,9.279107977152969422e-01,9.275845945168383899e-01,9.277845182355580755e-01,9.272611630964132656e-01,9.272690930296785261e-01,9.274651314456737738e-01,9.273936483013034415e-01,9.274884530478589850e-01,9.286156937857390492e-01,9.274905401756867729e-01,9.272092075352325047e-01,9.271260570715559313e-01,9.279508486285564794e-01,9.285465359165350208e-01,9.268408404664495448e-01,9.282043523848472200e-01,9.274782766066386186e-01,9.278871603691979386e-01,9.274002839262442954e-01,9.274354696090623129e-01,9.275432353592657497e-01,9.279142226002728977e-01,9.275245276191513844e-01,9.274343416122851069e-01,9.269764196320765537e-01,9.280440217247943879e-01,9.272433967620566930e-01,9.276933645178125909e-01,9.272435077627854128e-01,9.283436597143307489e-01,9.278548162373493335e-01,9.274639668330538766e-01,9.271229172776258576e-01,9.275431381825367527e-01,9.281750672592449236e-01,9.270470759649481751e-01,9.281589714391089707e-01,9.271746978866991507e-01,9.279318647211014515e-01
9.294337194827058113e-01,9.304636734908672269e-01,9.296435476508413398e-01,9.305785394822697620e-01,9.292497376616891680e-01,9.297109542948188698e-01,9.304209120991694393e-01,9.292133892958256425e-01,9.296808941025851425e-01,9.305794359471900590e-01,9.297273269804178231e-01,9.306143864231281038e-01,9.305599940886790655e-01,9.299902700253585008e-01,9.299229098583968733e-01,9.300305500996155494e-01,9.296610615306046821e-01,9.299556628584225715e-01,9.298089763543109232e-01,9.306459972101481792e-01,9.297707838689612814e-01,9.314078291137093402e-01,9.311094649244232579e-01,9.303264005935051317e-01,9.302362530101785376e-01,9.299930102257107922e-01,9.301514956653877952e-01,9.301554815859518488e-01,9.311314590791224255e-01,9.303242033557017621e-01,9.305160582028357830e-01,9.305732743041477129e-01,9.303053968589616307e-01,9.310719170847978621e-01,9.307835314595175324e-01,9.314186008778031489e-01,9.310905359344807675e-01,9.305743527677390325e-01,9.307674139526048718e-01,9.307770989248033144e-01,9.316079067291886950e-01,9.306346376649635710e-01,9.312870443709883039e-01,9.317556661747110613e-01,9.316333552711593136e-01,9.306748921162503185e-01,9.313118164230965723e-01,9.310737543260226845e-01,9.317366524269142802e-01,9.308133460617139532e-01,9.311186186235070883e-01,9.308926947334543733e-01,9.313817333941329935e-01,9.312655198750783292e-01,9.311904039524168120e-01,9.315820419378946227e-01,9.309020213310588154e-01,9.307353977054922956e-01,9.313619095751096699e-01,9.308460091769525935e-01,9.315617755053626770e-01,9.308627493505349237e-01,9.309429469277756830e-01,9.315882143757225897e-01,9.318467261760635667e-01,9.314164948889310791e-01,9.310281863969112059e-01,9.317084623069900040e-01,9.316820463475091740e-01,9.319505605373660240e-01,9.308223333395956312e-01,9.310222521965135778e-01,9.312055408313915095e-01,9.311033068656280332e-01,9.313570922378952011e-01,9.316900913906195347e-01,9.313448733465066187e-01,9.312961241323121087e-01,9.312426972451993690e-01,9.314130309919466111e-01,9.308034965594768062e-01,9.316526167954490845e-01,9.310320071301521061e-01,9.310826403513001726e-01,9.314123512628036394e-01,9.313942287343585091e-01,9.314833777229180045e-01,9.319903334564244579e-01,9.313510774074305054e-01,9.320030749485060939e-01,9.315613749394858756e-01,9.307214455054443336e-01,9.313895980876532033e-01,9.314793699102840163e-01,9.309273094203101007e-01,9.314661266350842128e-01,9.313162518520121669e-01,9.309859390281530755e-01,9.310094548994970465e-01,9.314482860948775089e-01,9.315423137957811184e-01
9.333319606547909597e-01,9.338921887770917918e-01,9.328556033425070559e-01,9.343967451205799080e-01,9.328988444655113010e-01,9.330822708370234420e-01,9.334149928025052834e-01,9.330199741167589655e-01,9.336893081306051334e-01,9.330946255821797042e-01,9.332295651708570894e-01,9.333193822973717690e-01,9.334839534999765931e-01,9.342902323706421264e-01,9.348378269920339934e-01,9.338593086794685361e-01,9.344411957774946265e-01,9.340045164615298212e-01,9.332710523085708809e-01,9.339413633440897256e-01,9.348202676939326716e-01,9.350891295444594409e-01,9.343309156450498865e-01,9.339451729931376178e-01,9.343755349756358575e-01,9.338841483566971968e-01,9.338630059805745898e-01,9.342926041917709590e-01,9.341114189753535468e-01,9.339494719519140231e-01,9.347693050394444425e-01,9.338399492110395217e-01,9.341690832006083189e-01,9.339897058102851757e-01,9.343967398461029417e-01,9.348649013854180012e-01,9.345015918912613628e-01,9.346521287049600613e-01,9.343009841616398692e-01,9.346334353427048214e-01,9.349904467146227249e-01,9.349955673873943107e-01,9.352542118616917755e-01,9.343433295222582924e-01,9.350304205429886828e-01,9.344093707087723910e-01,9.349072021831102974e-01,9.340905993583313860e-01,9.345063045730808149e-01,9.346742328254157295e-01,9.350535556950879679e-01,9.342859486498247268e-01,9.341456063358237749e-01,9.345747308254210850e-01,9.350642946311330528e-01,9.342753256810593099e-01,9.349176701499828379e-01,9.346596420689003981e-01,9.345749517935547646e-01,9.351578496624561865e-01,9.344609128677090482e-01,9.350437748067967902e-01,9.358072618467420112e-01,9.346868823195870757e-01,9.346705242855278817e-01,9.351273513684396077e-01,9.347027741032877257e-01,9.349308950813963737e-01,9.346637913940185616e-01,9.344660224376001301e-01,9.344661216998316755e-01,9.351036781367335626e-01,9.343355714821517388e-01,9.347329474603023325e-01,9.349853243881746101e-01,9.348634894542408036e-01,9.349492519366154886e-01,9.352230593995922714e-01,9.351730031178362434e-01,9.345094279626376954e-01,9.343978990679877583e-01,9.349606925453960438e-01,9.354629881775415878e-01,9.348611320491816423e-01,9.351956551394686734e-01,9.346549444980665200e-01,9.348734964456397734e-01,9.353284229962324225e-01,9.348082842774378953e-01,9.344569350952963704e-01,9.352541166609436019e-01,9.344090300509296787e-01,9.346337884454993805e-01,9.349071792339997966e-01,9.349934972132168953e-01,9.345352364182653027e-01,9.348359705449088564e-01,9.345118692911401626e-01,9.351647616026635967e-01,9.353810379762481642e-01,9.346423578214188010e-01
9.365497760492952350e-01,9.366372433564016386e-01,9.367052460789667689e-01,9.373057282610811614e-01,9.363400053628967434e-01,9.363462713526297110e-01,9.363037060638541575e-01,9.365754990556497406e-01,9.374187283852677410e-01,9.365670493477938896e-01,9.364156125347498083e-01,9.369254590078626155e-01,9.370308505558619938e-01,9.373802342721759828e-01,9.366913108375934938e-01,9.370430059595691308e-01,9.367711620449082899e-01,9.370567584071427536e-01,9.377879578411203454e-01,9.374972894745630114e-01,9.370017617843248159e-01,9.377014387760744807e-01,9.370379260543897360e-01,9.377522838530574223e-01,9.372035527268053334e-01,9.369839752413242628e-01,9.380503899829606418e-01,9.374864733729586508e-01,9.373481782633606985e-01,9.378131322012951410e-01,9.374709668592648981e-01,9.373074527092487562e-01,9.378123297863613095e-01,9.372920411262828377e-01,9.379898135609487930e-01,9.375153040736710075e-01,9.378861573754609937e-01,9.375124212565296711e-01,9.381036707283705312e-01,9.374032679690125214e-01,9.382046282078081445e-01,9.378528490739788115e-01,9.383765818128850800e-01,9.373875201807166935e-01,9.381817301431319978e-01,9.380847827006607575e-01,9.377880657290527111e-01,9.380138665418007449e-01,9.378151939519290270e-01,9.378956531150046683e-01,9.375605734720980911e-01,9.381451324905047962e-01,9.376713319300200578e-01,9.378709702304010021e-01,9.377766748941902542e-01,9.376290225234975573e-01,9.375995469030510288e-01,9.379003473127321966e-01,9.385286241501319404e-01,9.381234569105652010e-01,9.380574480870527143e-01,9.383509710062147846e-01,9.375045171812752542e-01,9.383485346556240669e-01,9.380832924991920896e-01,9.378438752082624008e-01,9.379530318627309349e-01,9.386962217796380736e-01,9.383640032567862610e-01,9.383678091076325112e-01,9.379116148443299439e-01,9.379827283817766537e-01,9.384359316649170113e-01,9.376326289696504945e-01,9.386608225052518462e-01,9.380588277747614612e-01,9.383836887734031684e-01,9.377103230479139073e-01,9.379894203131067254e-01,9.381989822474668950e-01,9.385438760957984794e-01,9.384048983433278535e-01,9.378581550411412282e-01,9.381079089845859587e-01,9.380392960204203545e-01,9.380740107925337190e-01,9.380077051269253285e-01,9.383955579222177379e-01,9.385436575974470674e-01,9.380021919954668608e-01,9.383614942018811966e-01,9.381852730810217311e-01,9.382486970768010304e-01,9.378706285457603098e-01,9.375075005381916515e-01,9.379660986888851415e-01,9.380055707571863799e-01,9.383344596717770880e-01,9.383187709464987369e-01,9.384181940316987935e-01,9.387472102020333331e-01
9.395506701356072243e-01,9.395389757944017095e-01,9.397491367681567453e-01,9.397073989546272932e-01,9.399462003251463083e-01,9.401252635452855833e-01,9.395071237530706609e-01,9.395962096028221966e-01,9.397903032215585428e-01,9.396646235030670091e-01,9.402463244684436949e-01,9.399186977902540541e-01,9.402563672927629623e-01,9.397033233062626056e-01,9.399396723364138451e-01,9.400903241947683453e-01,9.407087380600337445e-01,9.399389380336610200e-01,9.404500578673153921e-01,9.403323376362777708e-01,9.406595329003316630e-01,9.402414713271218805e-01,9.402172570451473588e-01,9.408733601542329517e-01,9.406750735613615966e-01,9.403382329367534487e-01,9.407183663539103735e-01,9.408837227211602761e-01,9.402301943546761409e-01,9.404883165549842161e-01,9.409155918153813136e-01,9.407382954367833339e-01,9.406190713454855024e-01,9.409480222634144519e-01,9.405755649416236430e-01,9.406538838438784911e-01,9.409175021067045508e-01,9.410570064299474957e-01,9.407671308876766059e-01,9.405636961919870975e-01,9.408252406030587212e-01,9.403368337088935380e-01,9.411852913377287688e-01,9.409756512777539550e-01,9.411611111923889883e-01,9.406498720944094227e-01,9.410572545528974597e-01,9.412478111522242230e-01,9.408850479711500236e-01,9.405785621519671125e-01,9.408182682509506067e-01,9.405415346225454165e-01,9.414536562610996695e-01,9.408528317928894769e-01,9.413277900116429064e-01,9.412135683066381597e-01,9.406446935806533904e-01,9.406109736642591646e-01,9.413059910244954143e-01,9.410305770429948646e-01,9.405012940656911624e-01,9.408215744708487982e-01,9.416184980869466425e-01,9.410451226717526652e-01,9.408638816361323265e-01,9.413593370220769696e-01,9.415826244480292040e-01,9.408375688550556504e-01,9.406166845905329366e-01,9.413796043922052492e-01,9.410284911977027100e-01,9.410813843118276401e-01,9.413223999823636667e-01,9.409513842309040754e-01,9.410616119417177794e-01,9.419027896551949164e-01,9.416121775807098082e-01,9.413474828981776010e-01,9.406428595775223611e-01,9.408806442649038093e-01,9.408844026269054250e-01,9.412553314887412981e-01,9.414625196900885395e-01,9.409799527014675036e-01,9.407563664821467775e-01,9.414903336308161341e-01,9.412083156999346834e-01,9.413074407533420507e-01,9.406335259540131721e-01,9.410601886510012726e-01,9.417158217660320796e-01,9.416361335299471280e-01,9.409682028412248433e-01,9.411142173052141624e-01,9.414442148318957759e-01,9.405435567187919732e-01,9.413011280042726803e-01,9.416277009086823080e-01,9.412025406423148999e-01,9.408597633037460994e-01,9.410772047423133779e-01
9.426376065875811117e-01,9.427112966573349961e-01,9.426818904918059516e-01,9.425192963834763127e-01,9.426099115354423796e-01,9.432189729445477067e-01,9.426398657866610353e-01,9.429772203053784496e-01,9.426605830556062937e-01,9.427370303463831203e-01,9.429502527593425221e-01,9.426153575083137115e-01,9.430688331403956903e-01,9.431906336116040457e-01,9.429240234412860078e-01,9.428138068357335699e-01,9.431855800894457520e-01,9.431446259390645626e-01,9.425775034631002081e-01,9.435923135785272420e-01,9.435773843977812714e-01,9.431371692086333303e-01,9.433359806972256845e-01,9.430417692012744713e-01,9.434703359892566699e-01,9.433210444359748648e-01,9.429769635780138604e-01,9.436737496882318110e-01,9.433325408948073365e-01,9.430821133473125117e-01,9.439426947951941038e-01,9.439834802990715312e-01,9.434869893825177378e-01,9.433285428701574382e-01,9.438150994507523706e-01,9.429787968781749852e-01,9.436354628654509691e-01,9.436763776384688995e-01,9.437060742763335730e-01,9.434682533729037424e-01,9.435755037841866422e-01,9.443529921924905812e-01,9.436033961433583084e-01,9.435503609652819978e-01,9.438540386547166205e-01,9.436225084725896606e-01,9.435308553923824615e-01,9.433421850546451770e-01,9.436225917019953613e-01,9.434553386761274085e-01,9.437000141224316518e-01,9.431811823784839177e-01,9.439670907012995826e-01,9.435075389835754223e-01,9.437814451246572256e-01,9.438805585526851560e-01,9.437031812751414117e-01,9.434601166207126077e-01,9.433981916030883541e-01,9.437116354047951905e-01,9.436382864171599660e-01,9.438374884499216577e-01,9.434124764267045604e-01,9.441417085865595471e-01,9.439349150125377896e-01,9.437404598888796681e-01,9.436256833434356617e-01,9.445676050651476974e-01,9.436968718702281045e-01,9.437753867814023812e-01,9.443253047728384919e-01,9.440537435630946828e-01,9.441955907334670384e-01,9.437821088354667598e-01,9.441699577888962303e-01,9.446046255060533969e-01,9.435220375400771298e-01,9.437880984343627322e-01,9.443810613414808097e-01,9.447076183455825893e-01,9.437476667141433406e-01,9.438075428248439147e-01,9.436083639009431590e-01,9.437247403365768283e-01,9.436125391610172830e-01,9.435398112551116601e-01,9.435413682929396639e-01,9.439052268286396430e-01,9.443045863133473494e-01,9.435068927773948566e-01,9.439151804456691330e-01,9.444639307057989264e-01,9.438718318382973704e-01,9.447460006598603632e-01,9.437636847471840840e-01,9.433809440035136884e-01,9.439394400296227117e-01,9.437203844010606524e-01,9.437481519397559193e-01,9.432900572179809817e-01,9.440654601966538273e-01
9.450882112514077393e-01,9.457439642671618962e-01,9.449312394615806410e-01,9.452326388917193789e-01,9.449950377514730882e-01,9.453556152201119112e-01,9.454237101548425004e-01,9.450305945314226852e-01,9.454200995245291006e-01,9.455678251498573772e-01,9.459113496815160227e-01,9.456774051817375959e-01,9.459970402537524192e-01,9.459513042234450886e-01,9.458947522324163693e-01,9.456690710322195326e-01,9.459507060513943077e-01,9.452816015216634060e-01,9.458642604001720189e-01,9.460473002509393048e-01,9.456275900409434332e-01,9.460835095352065904e-01,9.456257594806350975e-01,9.458256392573141103e-01,9.454666116470346049e-01,9.457661101791717817e-01,9.459631992296002601e-01,9.461038976418210122e-01,9.461194693056939053e-01,9.459219824761714301e-01,9.463300987716527501e-01,9.468314970783482387e-01,9.458803882641579897e-01,9.463401814876425400e-01,9.464057977500226482e-01,9.462103731803876983e-01,9.462276982919846091e-01,9.460957642815429613e-01,9.460197809465711316e-01,9.459353479609436954e-01,9.465115714170155847e-01,9.461331881012873257e-01,9.459970229364337291e-01,9.461218647907628787e-01,9.462870606546863739e-01,9.462979518054168704e-01,9.464428699957084801e-01,9.465836679431904876e-01,9.461504863382306230e-01,9.458200616870123811e-01,9.459226559679088098e-01,9.460572570858457597e-01,9.463382698795157477e-01,9.462288671327985234e-01,9.460940883072441743e-01,9.460660126709916629e-01,9.461068550972129287e-01,9.462351643189734762e-01,9.462753358600791698e-01,9.459944348126171354e-01,9.466008271778839633e-01,9.461454958226502843e-01,9.463081468332055213e-01,9.464639766101715646e-01,9.464385884998091081e-01,9.466029282653976029e-01,9.465693720549785972e-01,9.467014531813984224e-01,9.465025658528635200e-01,9.460985185070808212e-01,9.460529361086145173e-01,9.462718202870746831e-01,9.460408756256866170e-01,9.464748658069006559e-01,9.462421903888872388e-01,9.467270647444655518e-01,9.461864638497846647e-01,9.462778742003967736e-01,9.463358275195935532e-01,9.457375790950218741e-01,9.462049721463802188e-01,9.461338643175722929e-01,9.458588411122176298e-01,9.459521959835354155e-01,9.463103462555088052e-01,9.467661458386235074e-01,9.463607807445516551e-01,9.463576598576031174e-01,9.465817740975789318e-01,9.461883966045411265e-01,9.460630363144554300e-01,9.464422179336449137e-01,9.460479427437402666e-01,9.461934906457287742e-01,9.467260607330416633e-01,9.462192906617531429e-01,9.461904770643297935e-01,9.472406869301382981e-01,9.460342182528335142e-01,9.466017077523853906e-01,9.465438719195862216e-01
9.476652088226620307e-01,9.476231446827836358e-01,9.475362530757359680e-01,9.482200219808400998e-01,9.474316195416692121e-01,9.477034703819205985e-01,9.483345239295772888e-01,9.482921199946250379e-01,9.474890864152084591e-01,9.479102128583453135e-01,9.477963823523496423e-01,9.477758947032535186e-01,9.478255281285933309e-01,9.486882227713600013e-01,9.481538438751739850e-01,9.480039752095547056e-01,9.483309391157532797e-01,9.483837345924162054e-01,9.482116370867872401e-01,9.481762047831494566e-01,9.477892568910619708e-01,9.482626191159710949e-01,9.479764557360569333e-01,9.482308716643346180e-01,9.481242719379912032e-01,9.484948986032455398e-01,9.480690172476892164e-01,9.487959541063437641e-01,9.482689751092836516e-01,9.482447610460613685e-01,9.483617121628834523e-01,9.482835568100288492e-01,9.483657824648070722e-01,9.487488567691981789e-01,9.485647676537152240e-01,9.481033455868274062e-01,9.488134579001911151e-01,9.482264841630976271e-01,9.484557880953528031e-01,9.485750661779833726e-01,9.486241284974380461e-01,9.483169245680872494e-01,9.486098488939259665e-01,9.484636082656490164e-01,9.487328205776881518e-01,9.484973986260292200e-01,9.485892283104526701e-01,9.488734532641036612e-01,9.486976579148415079e-01,9.487398418795569555e-01,9.490084890171402998e-01,9.484361002519249295e-01,9.483208145725634530e-01,9.484552514766942943e-01,9.484554424533344630e-01,9.486375171521470584e-01,9.488756050025947131e-01,9.484722936655518577e-01,9.486091281831354749e-01,9.485034820936121269e-01,9.483669338847450225e-01,9.489326593067296534e-01,9.485989546755768664e-01,9.487553374765036462e-01,9.482666819851920392e-01,9.489639548378343559e-01,9.487983770184896803e-01,9.481673999105757478e-01,9.484263279121316614e-01,9.493825343809442208e-01,9.491283765568587771e-01,9.485468235834427775e-01,9.486265131690915231e-01,9.491755068121274785e-01,9.487893999577124982e-01,9.489497178738441896e-01,9.488012979796277557e-01,9.486624504325189555e-01,9.485490319506516554e-01,9.484441155828590153e-01,9.484309896245096683e-01,9.489760914154843352e-01,9.486741995128921134e-01,9.486003550502789539e-01,9.489548018580186151e-01,9.495149019434103721e-01,9.487018878367140529e-01,9.488474154448514053e-01,9.487046728999143363e-01,9.489786092868857104e-01,9.483930050905540199e-01,9.486179223759039214e-01,9.485477460737201660e-01,9.487107510005035049e-01,9.491924188917211236e-01,9.483017099943819028e-01,9.491265822099107519e-01,9.485604637004704243e-01,9.487493487517925095e-01,9.484139074297067706e-01,9.484260399112207640e-01
9.500179604139117329e-01,9.501901389634244133e-01,9.498714479743394223e-01,9.499631870010198931e-01,9.502776923445743762e-01,9.506365276475006176e-01,9.500876588633124786e-01,9.499357139999843325e-01,9.498980940109403859e-01,9.499597658590173133e-01,9.500784979074288206e-01,9.502334263777943990e-01,9.505009720120622951e-01,9.503916644832774985e-01,9.499190205155793043e-01,9.501765071717298561e-01,9.508145041547103604e-01,9.505728173857046492e-01,9.506199628917161304e-01,9.500872042912982263e-01,9.506569417124048904e-01,9.504979084130158462e-01,9.502894349992903056e-01,9.503082200362520382e-01,9.503292876397739786e-01,9.503352597431106163e-01,9.503610351828265523e-01,9.508479540381132855e-01,9.511913249629735390e-01,9.504461512568600501e-01,9.508089317259168505e-01,9.505771028626038843e-01,9.504171028673433774e-01,9.507450437141534705e-01,9.510051569492027346e-01,9.508748144450547279e-01,9.505628859682029308e-01,9.505633994491178296e-01,9.504130141908316842e-01,9.505604229007650341e-01,9.514313986224616215e-01,9.503813562917371449e-01,9.507007377247017610e-01,9.506339244225928686e-01,9.507447090550096291e-01,9.504828312816664404e-01,9.503372933410844103e-01,9.504045891172768767e-01,9.506276731407371505e-01,9.510226182343487489e-01,9.512599419751769370e-01,9.509777009416678917e-01,9.508084025851473164e-01,9.508738855395972855e-01,9.506504794590737717e-01,9.507074785770961434e-01,9.509510559076584935e-01,9.510234385745605090e-01,9.510542769064035395e-01,9.510711106272392579e-01,9.509659849203130344e-01,9.505140429984347827e-01,9.509723054572066792e-01,9.511939354345767539e-01,9.511895621221654329e-01,9.515856932034609805e-01,9.508613386483488750e-01,9.512725492282261275e-01,9.508866592084546099e-01,9.507894993299496056e-01,9.505029136101902365e-01,9.508356666771411447e-01,9.506904465014127670e-01,9.507587146005286316e-01,9.508791537384485570e-01,9.510646569788846483e-01,9.509101492428396751e-01,9.507706337372247019e-01,9.511275738810334168e-01,9.508658237216712772e-01,9.511951173339485699e-01,9.510527221489057936e-01,9.509683937746546967e-01,9.513465400413033679e-01,9.510367273354686235e-01,9.507381278214603881e-01,9.505152387817061843e-01,9.512474699441756387e-01,9.512287383016458930e-01,9.508905470489941170e-01,9.512951176848548629e-01,9.511437493348009475e-01,9.507763237670238121e-01,9.511464913396814325e-01,9.508833501789116793e-01,9.507028704683730957e-01,9.511503439540818228e-01,9.509143012739833534e-01,9.508813413161356642e-01,9.511340653038883319e-01,9.507824004813827390e-01
9.520593492462983143e-01,9.519951849140394495e-01,9.521653808478776071e-01,9.517379925223026227e-01,9.523580688547030881e-01,9.522804350649428651e-01,9.522341711640782691e-01,9.523884503864280537e-01,9.523136952491350060e-01,9.521768605328984059e-01,9.524873430805114172e-01,9.523827654221155292e-01,9.518792384098495596e-01,9.523192993971310027e-01,9.524212776284882720e-01,9.524891947041501661e-01,9.526042447350708819e-01,9.522312845485378929e-01,9.527840203099809946e-01,9.523354304909923407e-01,9.526721614526083570e-01,9.526211838189246883e-01,9.521218507894648742e-01,9.527874737972661379e-01,9.525589366935016677e-01,9.527412126467854625e-01,9.527091592108156703e-01,9.525917155943949277e-01,9.528400147892850391e-01,9.528711742926386785e-01,9.524598155198827909e-01,9.530637091814810891e-01,9.526219981722476859e-01,9.526083456951277562e-01,9.524263216027035739e-01,9.525510660419732600e-01,9.529065741169818748e-01,9.524586828067250766e-01,9.525852278929280992e-01,9.525421845717587654e-01,9.526214004335211705e-01,9.529108598876132596e-01,9.526210472701234222e-01,9.530073241424602548e-01,9.524501167080373643e-01,9.524344086263603071e-01,9.530480621944309449e-01,9.525917566212414034e-01,9.527986884253252242e-01,9.530316174714354993e-01,9.524028407008736652e-01,9.528182459148365480e-01,9.527213926603486094e-01,9.526754841658169326e-01,9.530171825367829141e-01,9.526856502361646939e-01,9.531550351214306271e-01,9.526536029955895435e-01,9.532901505753451632e-01,9.527785048430379433e-01,9.531767012308040021e-01,9.526930696467106330e-01,9.529385968334644907e-01,9.530691280700404056e-01,9.525209606447786470e-01,9.527275301824204012e-01,9.525257436551689549e-01,9.531352270095928558e-01,9.531383998636451249e-01,9.526528099120575854e-01,9.531045554202453030e-01,9.531865019309209153e-01,9.527101445521131140e-01,9.530881828599052641e-01,9.526404143444523465e-01,9.532713987766372465e-01,9.528945457729538493e-01,9.528085944088005022e-01,9.528463384162848548e-01,9.528550103365144297e-01,9.529325413504742270e-01,9.531144288198851733e-01,9.526672831437865696e-01,9.527923831394113918e-01,9.528705920248250472e-01,9.527335053276061450e-01,9.530766937642596304e-01,9.532190991883262576e-01,9.527821106854296174e-01,9.525115209461284538e-01,9.527882075446487686e-01,9.527527824573108761e-01,9.526575487041313295e-01,9.527401867876735819e-01,9.532008584758290270e-01,9.528880468483527100e-01,9.527581107675056060e-01,9.529806055328018388e-01,9.525535612553518439e-01,9.528835603276739619e-01,9.528904917806755304e-01
9.540697430373191734e-01,9.538704312671988372e-01,9.535814907964308418e-01,9.539815476719752940e-01,9.540005906375441658e-01,9.539515099014533872e-01,9.546279901033543069e-01,9.542578579426822527e-01,9.543775545498786039e-01,9.539584471837259105e-01,9.538379221589198265e-01,9.544296365020334960e-01,9.541443686778187105e-01,9.541638273372103907e-01,9.544320466673513748e-01,9.547770579215381082e-01,9.545108602222401872e-01,9.542163017539659897e-01,9.542908386163717616e-01,9.540562394198491836e-01,9.545846375163939967e-01,9.540738542961677560e-01,9.543820504448825570e-01,9.544805689407396265e-01,9.547756442263407584e-01,9.546895022607592152e-01,9.543470889602813090e-01,9.544206896286834274e-01,9.547308180801633570e-01,9.546747179815221473e-01,9.545282139854002201e-01,9.549193527559168837e-01,9.543223704417117537e-01,9.544478901572989171e-01,9.545591805291209209e-01,9.545347536846012781e-01,9.544868325753769200e-01,9.545661886064351620e-01,9.544428206820133598e-01,9.543832800216471846e-01,9.543496604601924282e-01,9.543481725294644669e-01,9.544778924209182946e-01,9.545512002408161889e-01,9.548907696804161960e-01,9.548513915020596654e-01,9.546621753094685081e-01,9.547106963147963254e-01,9.546648358054804495e-01,9.547639803457590446e-01,9.546686038599604407e-01,9.545977451971745520e-01,9.549523489342469640e-01,9.546982741984995080e-01,9.546038691820976085e-01,9.547086746851561889e-01,9.545843391358687091e-01,9.547792068430638324e-01,9.545519895611158656e-01,9.549312286567377406e-01,9.550801630354202043e-01,9.547350455782229739e-01,9.548508219117023410e-01,9.547287677386587790e-01,9.547386375555294569e-01,9.549309918167273592e-01,9.547529988123946154e-01,9.546858521797151331e-01,9.553305921222349228e-01,9.547349202740400553e-01,9.543500345135449425e-01,9.547127433939125440e-01,9.548386960127905887e-01,9.550272383779363494e-01,9.548624043089035673e-01,9.547940155450135302e-01,9.547862896783858577e-01,9.546506288284766217e-01,9.548813515563836507e-01,9.545753487822590255e-01,9.545936693850678445e-01,9.539774526308738567e-01,9.544671434371587715e-01,9.547363869524277957e-01,9.543384474898958247e-01,9.548694848309408068e-01,9.549385456822598872e-01,9.548404254238838096e-01,9.545997137187043347e-01,9.550682371523850911e-01,9.552020725065298867e-01,9.547253628927697688e-01,9.545264660209299423e-01,9.547518595226890392e-01,9.545837673221876374e-01,9.551225922163553150e-01,9.550470046999010032e-01,9.546219515896811059e-01,9.545062411464325658e-01,9.546104700775568386e-01,9.545182571911751124e-01
9.560202941144219091e-01,9.556927132390670154e-01,9.559334054482963028e-01,9.558049959044840893e-01,9.558335402764415178e-01,9.557327989846630123e-01,9.559535870938953295e-01,9.558236648107910627e-01,9.561069687399239569e-01,9.560771170910313810e-01,9.559607699324249586e-01,9.560176217746422234e-01,9.562131562092913706e-01,9.558890976191858346e-01,9.559749992127888341e-01,9.559106551549035879e-01,9.557114673465483268e-01,9.564105269916467478e-01,9.557867570252173151e-01,9.562815929744615806e-01,9.560491759075466778e-01,9.562273346037324373e-01,9.561462000935714300e-01,9.561727835684544763e-01,9.562683472842846699e-01,9.562189637561977484e-01,9.565953424631277180e-01,9.561313416185116543e-01,9.563382122089818527e-01,9.563142203198775615e-01,9.564082480128049957e-01,9.563812221474483621e-01,9.562518379379588707e-01,9.563185051818788862e-01,9.562742040793940079e-01,9.562973969179534572e-01,9.562817132456084002e-01,9.564231964838458833e-01,9.562837821516059211e-01,9.559524717448266706e-01,9.565918347593955762e-01,9.564812267003744983e-01,9.562211220564281744e-01,9.563506399479052567e-01,9.565993144914017865e-01,9.565079836044065864e-01,9.564008704140161132e-01,9.565266892656777431e-01,9.564864197861838724e-01,9.562596449778039132e-01,9.564705336688474890e-01,9.561387502055528342e-01,9.560634900208091480e-01,9.561871254683904642e-01,9.563234817661208087e-01,9.565854258246057062e-01,9.564781087566009976e-01,9.566279939155185597e-01,9.564769417565816001e-01,9.568397778985540114e-01,9.566766762095849641e-01,9.563303468132821061e-01,9.563605067382487945e-01,9.567253209203540054e-01,9.566149147579071643e-01,9.567388399529808130e-01,9.567280403717185466e-01,9.562395935361081012e-01,9.564312716980697404e-01,9.563817931060686339e-01,9.560823111404601615e-01,9.567466572409435432e-01,9.565528813915936679e-01,9.566119999341334834e-01,9.562653361908534100e-01,9.563172311719465579e-01,9.563580142717864607e-01,9.561814609715655333e-01,9.568266427414442443e-01,9.565913825399264825e-01,9.568222146084603974e-01,9.567487721363392428e-01,9.564226274176331755e-01,9.563686464425726896e-01,9.565053160734663384e-01,9.563124013911786792e-01,9.565029664806452558e-01,9.564820988915266886e-01,9.560901185208973141e-01,9.565645714130576183e-01,9.564931881900797794e-01,9.567002001251632137e-01,9.564535322237894821e-01,9.564129270207086808e-01,9.561125493960332955e-01,9.571521860078293642e-01,9.564093887049445186e-01,9.563633921507982416e-01,9.565897877691651452e-01,9.563212497461460737e-01,9.564554733030253830e-01
9.576334365455235753e-01,9.572376601098318005e-01,9.574906151964984735e-01,9.576738168752788605e-01,9.572599276378808142e-01,9.577982466807084538e-01,9.580491524429939343e-01,9.575327007963668757e-01,9.574791017054409270e-01,9.578216841580430296e-01,9.576618629721045384e-01,9.579043616919509230e-01,9.577389948291741284e-01,9.576153137627433365e-01,9.577288336819442804e-01,9.581226357388408221e-01,9.576907066537154734e-01,9.578954133978905272e-01,9.578384254934221298e-01,9.576874980686370664e-01,9.580217686844832992e-01,9.577926861919459078e-01,9.580105879665206103e-01,9.579754225636025744e-01,9.579244546646288327e-01,9.577347845596713150e-01,9.580112026808466075e-01,9.577746169967212841e-01,9.578621073639294048e-01,9.578738419096333168e-01,9.580906586011695980e-01,9.582075742987063993e-01,9.578281870975919876e-01,9.580149528218122601e-01,9.577371538635103265e-01,9.579229146911575343e-01,9.578386805106575697e-01,9.581029976869439579e-01,9.576914040117386895e-01,9.579483964665566065e-01,9.578837483622555382e-01,9.578931233710625825e-01,9.577237297089808976e-01,9.580836879063535649e-01,9.577624332978754707e-01,9.582226529485875499e-01,9.580254612290671767e-01,9.583511988663536707e-01,9.580311505072086620e-01,9.576883734376625545e-01,9.580443322840439535e-01,9.578695387907097958e-01,9.582173617220592909e-01,9.579267185743580715e-01,9.576812071040143870e-01,9.583502779985866304e-01,9.581699354983203021e-01,9.584381276128302041e-01,9.581439848090169686e-01,9.577780262562076707e-01,9.582469523612195950e-01,9.579521454463554297e-01,9.582059532304054716e-01,9.579037870914247632e-01,9.579389979756836038e-01,9.582720054755213823e-01,9.580406509956249650e-01,9.583785786604220869e-01,9.579457920301318596e-01,9.579324778575016852e-01,9.582261831768624782e-01,9.580957546373056744e-01,9.576932274728022776e-01,9.584124239244939947e-01,9.580268717743501972e-01,9.581254557083035417e-01,9.583293245426404150e-01,9.580698649887797735e-01,9.582631862631572073e-01,9.580798034366947435e-01,9.579977724016373042e-01,9.581062362015623224e-01,9.583673100972298631e-01,9.582408784816438541e-01,9.581185460142989108e-01,9.581587836811192860e-01,9.579913442140634006e-01,9.582661023220111485e-01,9.581680570254349494e-01,9.577068248047769794e-01,9.580006823652402748e-01,9.584381233047440940e-01,9.584943842711456385e-01,9.579494575308052928e-01,9.583583096491952169e-01,9.582252622032528810e-01,9.579755385246386812e-01,9.581691612712108785e-01,9.584211134768932938e-01,9.584457807952273534e-01,9.580874978940469022e-01
9.591560553458464700e-01,9.592016958632072487e-01,9.589734494144726007e-01,9.589822233580860278e-01,9.590762593243998824e-01,9.591794583709970512e-01,9.589888977405692794e-01,9.590714498975497770e-01,9.593839973561193446e-01,9.592394309401081065e-01,9.595505334641112327e-01,9.594727312133770614e-01,9.590976752490886215e-01,9.591112054436795598e-01,9.592065326612012610e-01,9.594421268080247645e-01,9.592849096208779791e-01,9.593007117012691820e-01,9.592073897428818885e-01,9.594599297590764575e-01,9.589912371198852092e-01,9.592857438887121280e-01,9.595880284055412490e-01,9.594462821897933313e-01,9.594820970810320482e-01,9.594631036129126489e-01,9.592692932900089842e-01,9.596502844837843105e-01,9.592700144757456693e-01,9.592856443069486261e-01,9.595008750358579031e-01,9.594590093250283669e-01,9.592261734980169763e-01,9.594282973949447291e-01,9.595227047714683932e-01,9.594428225355682294e-01,9.594687847929952440e-01,9.595515689643400181e-01,9.594723424625684061e-01,9.591320194994318316e-01,9.595723171339075597e-01,9.596679426971150839e-01,9.593677063367169744e-01,9.595518045274538110e-01,9.595521048747118753e-01,9.595079039962880474e-01,9.597092637221481537e-01,9.596634327455078051e-01,9.598805223829799393e-01,9.592618898453263432e-01,9.594296031499440769e-01,9.595871435102562019e-01,9.592871466578702933e-01,9.594132066077136756e-01,9.594408312436439878e-01,9.597217833497324602e-01,9.598067641291432306e-01,9.594944783892799256e-01,9.594228386604345404e-01,9.597953618211029214e-01,9.593996342628412499e-01,9.595158220129965665e-01,9.595574309298997573e-01,9.595892747854958271e-01,9.592024417925658630e-01,9.597610674592539359e-01,9.597754422951243480e-01,9.596366604357439156e-01,9.597778561106242723e-01,9.594754996855410223e-01,9.593021304346635025e-01,9.593588378889100765e-01,9.596556522278659740e-01,9.597514142159255801e-01,9.594273127535446477e-01,9.594705791391450189e-01,9.596724445384293700e-01,9.593899986524607737e-01,9.595730437439032867e-01,9.596508415320492702e-01,9.597882806194568683e-01,9.597299378611026111e-01,9.594090766082072896e-01,9.593710017476294594e-01,9.596766031751866599e-01,9.596096842840704522e-01,9.595571921613037514e-01,9.596603615084743355e-01,9.597713317366830532e-01,9.595559797263413238e-01,9.595978637091723273e-01,9.591169759990637589e-01,9.598945586939825469e-01,9.594837757597136640e-01,9.595435484237314627e-01,9.594457133386079528e-01,9.597190145818643714e-01,9.592012405400826003e-01,9.599598860931902733e-01,9.592956586860741375e-01,9.594796693903202556e-01
9.606126305685686040e-01,9.605754425468735480e-01,9.605790397689983884e-01,9.607369460354411306e-01,9.604988424237383970e-01,9.607045462239001132e-01,9.607578554816571526e-01,9.606963587272044913e-01,9.605523921176083446e-01,9.603861798451046594e-01,9.608089218683238952e-01,9.606669902507316561e-01,9.609459395984302210e-01,9.605828276310260927e-01,9.606685140621362695e-01,9.604220712889184330e-01,9.606354269506541810e-01,9.603207604330340486e-01,9.605273935528302331e-01,9.608665419164863497e-01,9.606818899896905073e-01,9.606200568365911296e-01,9.606955736506637145e-01,9.610598553475350192e-01,9.608476208070411140e-01,9.605662975178809182e-01,9.608193511220993743e-01,9.611529419853129808e-01,9.611143504973415075e-01,9.608085874921731273e-01,9.606065175094877784e-01,9.609841626469889375e-01,9.607462795919246012e-01,9.607513638211719886e-01,9.610459503287728245e-01,9.606231047929617572e-01,9.609146120463865071e-01,9.607865888373053886e-01,9.608968608401809997e-01,9.609144506656531748e-01,9.611385017115416929e-01,9.608013302717361981e-01,9.611125539641307558e-01,9.606091770774082272e-01,9.610449084267593811e-01,9.609947856264018373e-01,9.607047108118004219e-01,9.608337718217296874e-01,9.608264322328663454e-01,9.608375768835947239e-01,9.609318617986870592e-01,9.608697614566168443e-01,9.612303979684537758e-01,9.612839490614476512e-01,9.611661146855725590e-01,9.610507024732142245e-01,9.609586761187191017e-01,9.608509375139948627e-01,9.607145288547457307e-01,9.608179743722047306e-01,9.608431353352162585e-01,9.610455711320295968e-01,9.608064409282994767e-01,9.606315349826830552e-01,9.611452769968128473e-01,9.608472359080684200e-01,9.607574195760482105e-01,9.608718510475711128e-01,9.612408169126601676e-01,9.610644264772838508e-01,9.610497112815269416e-01,9.608246503628566915e-01,9.612629835617277907e-01,9.611807402372722908e-01,9.611181169133579116e-01,9.611245429370862681e-01,9.607685815729948287e-01,9.609646067770475364e-01,9.611945985591974217e-01,9.609354644519112476e-01,9.609690886420242384e-01,9.608897712423331017e-01,9.610349020084351102e-01,9.611076149103159327e-01,9.610469068753044741e-01,9.610855161107653144e-01,9.608944465044509942e-01,9.608663343567360737e-01,9.610753454302150001e-01,9.606342870276052270e-01,9.611309258018693180e-01,9.612175212082698650e-01,9.608793449432743161e-01,9.612117609172166066e-01,9.610480762492648044e-01,9.611362863077963503e-01,9.608606479043415582e-01,9.610548270648177072e-01,9.609493465324160377e-01,9.610849453809513498e-01,9.612896781894068043e-01
9.619526886729896642e-01,9.619935789293718731e-01,9.620723525131746889e-01,9.622522240774148417e-01,9.616773937697362662e-01,9.617974109166419483e-01,9.618809307488318527e-01,9.623367601220251810e-01,9.619098380934494319e-01,9.618942983998226559e-01,9.619996819337558458e-01,9.622870519877377848e-01,9.618513295264680130e-01,9.621367623827785653e-01,9.623526024150088620e-01,9.619447834678714893e-01,9.622266551831087922e-01,9.620576313756168396e-01,9.621963079369230121e-01,9.622871275080636666e-01,9.620080736848615199e-01,9.620219765180192395e-01,9.620630342460170237e-01,9.622428148890038724e-01,9.621039229148471428e-01,9.620158851262670119e-01,9.623730344529195513e-01,9.620586693195519734e-01,9.623113420342929158e-01,9.623766134249368553e-01,9.622456323180706983e-01,9.623260945230995844e-01,9.619532628234336302e-01,9.623974386483594712e-01,9.621491364924216194e-01,9.620918969218391625e-01,9.623066265937759711e-01,9.621887226229739465e-01,9.623834881570968447e-01,9.621705094987288431e-01,9.620198997383820894e-01,9.624900037857667678e-01,9.621084793061011053e-01,9.623270920079215474e-01,9.621008388580457593e-01,9.621317380341927183e-01,9.624186608623809258e-01,9.621794974141724133e-01,9.621247827995762503e-01,9.621767686779965079e-01,9.622756347170807745e-01,9.624115085491805610e-01,9.623885961052028870e-01,9.624089979831194075e-01,9.621339250714399105e-01,9.621433510189373317e-01,9.620038037198008762e-01,9.621547459039276884e-01,9.622048374354855715e-01,9.620243486340633865e-01,9.622725093444602917e-01,9.620747589507504527e-01,9.622502430268080609e-01,9.619663405861073047e-01,9.625141973834510090e-01,9.621530354118245087e-01,9.625845380532487283e-01,9.621776507019380587e-01,9.624393190357387606e-01,9.622729289666753782e-01,9.622705095666505004e-01,9.624418976204084375e-01,9.624862446982196396e-01,9.625417176091037863e-01,9.620729004723886924e-01,9.624983376924324263e-01,9.621064319616992044e-01,9.624963822257456281e-01,9.622569454652960541e-01,9.622634356304238246e-01,9.622664700994600917e-01,9.623460786137895129e-01,9.624052493262663655e-01,9.621884633612673987e-01,9.623378146179816239e-01,9.623946101157447863e-01,9.621618359931057851e-01,9.623051691878887759e-01,9.621929367056316629e-01,9.624125703677024468e-01,9.625000912041644652e-01,9.624941603491895536e-01,9.621969756560474485e-01,9.623397240639749439e-01,9.620938504054561413e-01,9.622465566723283903e-01,9.622028461315936809e-01,9.622342143440932860e-01,9.623119641829700477e-01,9.623751206646121714e-01,9.622349373832495001e-01
9.632413350621493731e-01,9.630487591813526871e-01,9.630378399709107473e-01,9.634487579910711030e-01,9.634751676926168740e-01,9.634793276088002845e-01,9.630593610422545359e-01,9.632272222476211399e-01,9.635379628509253003e-01,9.632296672176070551e-01,9.629771880141139162e-01,9.633183898390008659e-01,9.635426262425059729e-01,9.633511110107647601e-01,9.632643447156872263e-01,9.630071223074164743e-01,9.634996537356044222e-01,9.632860491845349760e-01,9.634312726721386833e-01,9.633732687782112780e-01,9.631695889230570407e-01,9.635880710394824078e-01,9.635553662740032888e-01,9.634201847589014545e-01,9.632794937549347125e-01,9.632616275049603605e-01,9.631576572446735041e-01,9.634383184700445746e-01,9.633613121725892459e-01,9.634853001344216850e-01,9.634808328970316804e-01,9.632902736185022796e-01,9.636242367288684330e-01,9.634226599657848000e-01,9.635635681533273322e-01,9.634831088739042038e-01,9.635592451981497275e-01,9.633279658796982670e-01,9.634470217511144075e-01,9.634139783057658057e-01,9.635096653081887119e-01,9.632966062813146380e-01,9.636536148949009783e-01,9.634497422047679782e-01,9.634447980957354662e-01,9.633587964861848318e-01,9.635552780294557307e-01,9.634453178816846375e-01,9.634312277369848632e-01,9.633584427217365409e-01,9.633929259442485238e-01,9.635178877394983132e-01,9.636231076649229843e-01,9.636534099775343476e-01,9.631537392232070172e-01,9.634403476262675126e-01,9.632476566100206528e-01,9.633538192743287265e-01,9.633466620918178513e-01,9.635074467290953848e-01,9.634887488599701566e-01,9.636110086439694244e-01,9.636343177211837974e-01,9.636077115268940618e-01,9.634594682865976756e-01,9.634180328477532917e-01,9.634294463215243853e-01,9.637735974986818555e-01,9.632422913352050031e-01,9.635060787073195243e-01,9.637268657887386736e-01,9.633110508571622876e-01,9.635852422093956759e-01,9.633866010057150486e-01,9.635505164526477762e-01,9.633004293322821043e-01,9.636930852760814403e-01,9.633886069336179414e-01,9.632815962607057525e-01,9.636429990454880024e-01,9.635023983859487551e-01,9.633229109473827600e-01,9.631975944701071102e-01,9.634725075193779631e-01,9.637372480503125782e-01,9.635256588254474952e-01,9.636939075000796606e-01,9.636719025023743335e-01,9.634475824058990057e-01,9.633319001927256320e-01,9.634394640956349676e-01,9.630733648532451285e-01,9.633681271245549960e-01,9.633564985421194660e-01,9.633437886355912250e-01,9.635543779581721147e-01,9.635849746502910262e-01,9.634416058847312669e-01,9.631466774785273355e-01,9.637552230240836737e-01,9.635836672931887836e-01
9.643469230396242153e-01,9.643101286589822463e-01,9.643540691395429132e-01,9.642986730079559088e-01,9.643775970560927169e-01,9.644353323113399323e-01,9.644037526646576097e-01,9.645957390098243156e-01,9.642482984936782131e-01,9.643727627288726234e-01,9.644912062197712466e-01,9.642938572355703730e-01,9.643472145325762135e-01,9.644301878840257913e-01,9.644910942534790088e-01,9.646942655141512724e-01,9.644363169589463824e-01,9.642427549689955857e-01,9.645386022427113737e-01,9.645914042689462953e-01,9.646874268729621615e-01,9.646949412057986839e-01,9.643163735631199440e-01,9.647293320820804485e-01,9.647322342930969574e-01,9.644070219289534451e-01,9.644137049213686863e-01,9.642420691634987495e-01,9.647171244843600890e-01,9.643325282402281928e-01,9.644321719985662344e-01,9.646827751182156518e-01,9.647128080497694436e-01,9.645582499155779255e-01,9.644781005321974021e-01,9.647962390553675993e-01,9.646367801622678373e-01,9.645084721238474934e-01,9.645456247527224303e-01,9.644486427761846947e-01,9.646122096281223302e-01,9.646984716670883309e-01,9.645382371015230882e-01,9.647891881893548849e-01,9.647030488543524296e-01,9.644599847788414282e-01,9.646849893326332470e-01,9.647928276792200331e-01,9.644711602162280295e-01,9.643672350633898382e-01,9.644869396611622792e-01,9.646001180698888788e-01,9.647441829783087730e-01,9.645139412273016077e-01,9.645411977765797618e-01,9.646161218385518321e-01,9.645879393816046976e-01,9.647418243363226065e-01,9.648205255644023426e-01,9.646500510559141706e-01,9.643747378923390734e-01,9.646010509084821383e-01,9.647250133920902693e-01,9.647155731187553318e-01,9.645529339656306878e-01,9.646710357007548531e-01,9.648297081193679681e-01,9.648310596669097405e-01,9.645984532065554617e-01,9.646189838571040953e-01,9.645075065445536389e-01,9.645333254332907336e-01,9.643365943502518745e-01,9.644817833901327964e-01,9.644505083897267905e-01,9.645712524661689269e-01,9.643935495461763985e-01,9.645938378897085386e-01,9.647613885446415516e-01,9.646511926343757093e-01,9.646464875893070445e-01,9.646023548513024126e-01,9.645385078067828521e-01,9.647764383998223003e-01,9.647198303457645840e-01,9.644677362192229930e-01,9.648949782469798953e-01,9.645733336250603696e-01,9.644876410465316185e-01,9.645661778047919244e-01,9.644253673672464888e-01,9.644827844892059909e-01,9.645584555596383725e-01,9.645191268249417860e-01,9.642157130810619092e-01,9.648232110961147967e-01,9.645018817245766263e-01,9.646087042458393324e-01,9.644614342267807672e-01,9.644078943364607914e-01,9.642854548131637449e-01
9.654823131032181927e-01,9.652365106077064327e-01,9.655317266290549538e-01,9.653976812958799947e-01,9.653758119479155519e-01,9.655891516106309691e-01,9.654732240666610288e-01,9.655013060270500880e-01,9.654191395774520679e-01,9.657420457551831872e-01,9.655743978737308941e-01,9.652971109709922448e-01,9.654729435841866714e-01,9.655633012234240420e-01,9.653172224350876629e-01,9.655413139237216669e-01,9.653262340096747662e-01,9.654945140983834939e-01,9.657411679758547418e-01,9.656161033135720606e-01,9.656751567967301053e-01,9.656797383361066522e-01,9.655193088219669040e-01,9.657426714838724946e-01,9.654089229985857168e-01,9.658524988742827055e-01,9.654899899490865245e-01,9.657974627519197997e-01,9.656698977478328505e-01,9.657963130226900894e-01,9.656782502445746541e-01,9.655771716481749145e-01,9.657884866745054531e-01,9.654249498950983055e-01,9.656176051926803616e-01,9.655183849535249330e-01,9.655803993368970994e-01,9.657546287103849769e-01,9.654982142568258041e-01,9.656381957343498357e-01,9.657077081450929912e-01,9.656112845884879947e-01,9.656943720971600253e-01,9.658307108116133133e-01,9.656405077517092872e-01,9.658320241098717895e-01,9.655997273597997088e-01,9.656418724466697689e-01,9.657296123117313780e-01,9.657898870977429384e-01,9.655484169466697075e-01,9.655852334518472135e-01,9.655966908016412331e-01,9.658120645517727088e-01,9.657942579747981204e-01,9.656375741119620493e-01,9.657340693849835178e-01,9.656320934579453175e-01,9.654510300695235969e-01,9.657876356992156630e-01,9.655598337027185840e-01,9.658601565767978014e-01,9.657097512514800641e-01,9.655749115121352588e-01,9.656353098131476020e-01,9.654811556461680988e-01,9.657580687317660617e-01,9.656754180412093769e-01,9.657353567565466479e-01,9.658716980114471218e-01,9.652958438392126306e-01,9.657149660425433657e-01,9.655848274441011236e-01,9.659278303248852726e-01,9.655886441255856489e-01,9.653779177624403074e-01,9.656211348568548569e-01,9.655627893838436560e-01,9.658037587688732550e-01,9.656936922098698917e-01,9.654950881087718262e-01,9.656529655872345685e-01,9.654399068909873538e-01,9.658045982264249485e-01,9.657608779657097520e-01,9.658183941412984419e-01,9.656068771521018057e-01,9.655410811135125559e-01,9.653778238935188938e-01,9.654461775069865803e-01,9.656427752781751028e-01,9.654674714470528052e-01,9.658284991071209857e-01,9.656995818144806787e-01,9.657417936116842183e-01,9.654471766781566044e-01,9.655391317648676086e-01,9.655672821837509856e-01,9.656627468635902156e-01,9.654469878857736553e-01,9.655375427994041804e-01
9.664891162307861494e-01,9.666448158676388402e-01,9.664451049944133842e-01,9.665367510709400589e-01,9.663540504643772788e-01,9.665559416468114673e-01,9.666097040364758364e-01,9.663329266649338667e-01,9.664067225618108159e-01,9.666013683079320851e-01,9.665834079467197082e-01,9.663096390053325102e-01,9.664969874597650890e-01,9.667755975585869965e-01,9.664393454274441408e-01,9.666070909601370831e-01,9.666519848903676326e-01,9.665201958279275862e-01,9.665235394347800879e-01,9.664166060047172380e-01,9.666298640830904843e-01,9.665399957041764800e-01,9.665957529831804562e-01,9.665329576942991441e-01,9.664145975010066669e-01,9.666156057467151230e-01,9.664883543394644505e-01,9.665934877403068448e-01,9.666475710355397766e-01,9.665633551120706990e-01,9.665635343977418970e-01,9.663860948456617361e-01,9.666683492331636929e-01,9.662814238690716762e-01,9.666804162677933299e-01,9.666674787333220387e-01,9.665051602945103904e-01,9.666863473370397308e-01,9.665052195660485124e-01,9.664756235843796617e-01,9.666779139780834473e-01,9.668409648629571196e-01,9.666867416244480093e-01,9.665146536162345647e-01,9.665106613905884991e-01,9.663727698494041229e-01,9.667409085250815437e-01,9.666689203157862176e-01,9.665847040676035506e-01,9.664613232411666255e-01,9.668023593289664097e-01,9.666935382926291620e-01,9.668314843523759805e-01,9.662964561407529906e-01,9.664771866847408077e-01,9.666311901389929018e-01,9.664937101622568250e-01,9.665298955869490172e-01,9.664501076245189948e-01,9.666045463639737489e-01,9.667423624960963524e-01,9.663731568237614589e-01,9.666083348900190719e-01,9.666531297065898976e-01,9.667990041937852830e-01,9.663714440709826325e-01,9.664554422973991032e-01,9.664394509247107301e-01,9.667704579357727646e-01,9.664852206575937910e-01,9.666387884832555732e-01,9.667879676241668552e-01,9.666870531409620382e-01,9.665558604727635394e-01,9.666196808964155895e-01,9.664401418115113884e-01,9.665917166324069498e-01,9.667000382807482417e-01,9.664835086764910210e-01,9.667580713983121576e-01,9.666203143943394860e-01,9.665240108300736654e-01,9.664682894671288160e-01,9.666533298904508298e-01,9.668196585419570610e-01,9.666282982091983778e-01,9.667594983016281063e-01,9.668078279930141239e-01,9.664418169906966449e-01,9.668081228315099640e-01,9.665500464621478161e-01,9.666863957247112671e-01,9.667787076793860068e-01,9.664535785543360014e-01,9.667163087841538216e-01,9.665732229257966157e-01,9.667499882035935910e-01,9.667231876243240762e-01,9.668008125112814710e-01,9.664782719102672504e-01,9.665508601118785181e-01
9.674876409373114328e-01,9.672136733921046226e-01,9.672167681601997469e-01,9.674850418111663464e-01,9.676833079784362690e-01,9.675793355051485189e-01,9.676482292738697311e-01,9.673751092288902509e-01,9.676458322755792096e-01,9.674985923745401672e-01,9.675261716834786530e-01,9.673581776140838251e-01,9.673088935626634743e-01,9.675218650079273619e-01,9.675614101365554998e-01,9.675196817908429114e-01,9.673896190882669277e-01,9.673772513946825580e-01,9.675935576662233473e-01,9.672193089790931397e-01,9.673568607596747526e-01,9.673491537569089971e-01,9.676195795370804431e-01,9.674080078208194822e-01,9.677120369648952725e-01,9.676401157085845472e-01,9.675196524539402265e-01,9.675299829082533165e-01,9.674896200281873915e-01,9.674040589898522668e-01,9.676689421797141089e-01,9.675266290723359974e-01,9.675406791820315711e-01,9.676553268321120838e-01,9.675845696364292481e-01,9.675662665704948262e-01,9.673573652967316638e-01,9.672887906523405244e-01,9.675422960324304711e-01,9.676068145132304954e-01,9.676145166249762175e-01,9.673955947388804821e-01,9.675934403632149294e-01,9.674415396428345248e-01,9.674445639399792407e-01,9.676086784393232998e-01,9.676013504900130568e-01,9.676954878191564857e-01,9.674966851875734797e-01,9.676845081181846275e-01,9.675260001758121398e-01,9.674903496365263589e-01,9.675380146128884640e-01,9.673652625583164522e-01,9.675032890270507391e-01,9.675475977859274712e-01,9.673947143563144113e-01,9.675785615423060371e-01,9.675823995395225197e-01,9.676194574169091345e-01,9.674204358045024321e-01,9.676646217291434704e-01,9.676125331852790667e-01,9.672995761630730494e-01,9.674864168419047283e-01,9.674066053400872667e-01,9.674549760655176689e-01,9.675032712713311778e-01,9.675051097103224418e-01,9.675682637159819244e-01,9.675797172539302160e-01,9.675331789131778049e-01,9.676432198866440348e-01,9.675515985758927906e-01,9.673121831244639868e-01,9.676088551954704631e-01,9.676086419791047888e-01,9.675071874181095932e-01,9.675633838461280556e-01,9.677752088551231369e-01,9.673801314224809156e-01,9.676823840748863814e-01,9.674024461131881525e-01,9.673045171321205116e-01,9.673807917400081280e-01,9.674715032160472461e-01,9.675088105463597321e-01,9.675897367074836053e-01,9.675618173644684461e-01,9.677086642424183038e-01,9.672115604618385376e-01,9.675228381947051925e-01,9.678053303737326196e-01,9.675485701152104490e-01,9.676305191639106296e-01,9.675747855465046676e-01,9.675101653949198521e-01,9.675093256729243585e-01,9.675017822978643212e-01,9.673815785449265681e-01,9.675702725675239257e-01
9.684157252786690373e-01,9.684273805685273961e-01,9.682283245563300111e-01,9.682748352994525742e-01,9.685413254979881037e-01,9.681426035056385215e-01,9.684827054209832475e-01,9.682379859566015989e-01,9.683169710369928795e-01,9.683996856046732660e-01,9.683871089367758200e-01,9.681674099296654346e-01,9.684246264270839344e-01,9.680900227208184550e-01,9.682962451137430149e-01,9.684027525529423919e-01,9.682451331002579487e-01,9.682882519281476030e-01,9.681543983014584409e-01,9.683959350083384265e-01,9.686544253327707965e-01,9.684580290166189265e-01,9.681840466963973491e-01,9.683473508674947938e-01,9.684409900803966353e-01,9.684955765750136170e-01,9.686634882230211741e-01,9.682846032603359410e-01,9.684076099833780482e-01,9.685598227571919905e-01,9.683713067526364959e-01,9.684412092453942300e-01,9.682940537687452220e-01,9.682416094911409088e-01,9.684506047507146498e-01,9.685367924624292968e-01,9.682381715554275736e-01,9.683651449976179437e-01,9.683461862572638745e-01,9.682871744568910533e-01,9.683810105153802805e-01,9.683607441234913793e-01,9.683463151076976416e-01,9.685556725382449272e-01,9.682891245117540846e-01,9.684548411842169857e-01,9.685505565019645324e-01,9.683575382260581899e-01,9.685265877187583250e-01,9.684500783870416685e-01,9.684550262633829787e-01,9.683319157244446584e-01,9.685454539685960373e-01,9.685514876791685435e-01,9.683827704905516587e-01,9.684082612335339624e-01,9.683553237804797265e-01,9.686075574605496064e-01,9.684805702314642772e-01,9.681668174054866016e-01,9.683653332806818614e-01,9.685610557900748985e-01,9.684383545076313826e-01,9.681662672534975256e-01,9.684153834068761624e-01,9.685217617297362525e-01,9.683570952086730799e-01,9.682387090698384435e-01,9.684551896270255922e-01,9.684769067733625114e-01,9.684843269015758205e-01,9.683478453656013674e-01,9.684017850312648390e-01,9.685829390325246813e-01,9.682936882550619018e-01,9.684800668465669560e-01,9.683598864384020954e-01,9.683948725333308971e-01,9.685378298295229671e-01,9.683414357375014214e-01,9.684055130076041351e-01,9.682521495311062765e-01,9.685673115790663923e-01,9.683620308621546657e-01,9.682452343836261965e-01,9.682226571753055344e-01,9.685244481330763655e-01,9.682504076266433835e-01,9.683116541513869802e-01,9.685120653222426546e-01,9.683992648048058705e-01,9.682582611066240519e-01,9.684670690111528701e-01,9.682916075535608069e-01,9.684187348436864573e-01,9.685518867391615938e-01,9.683788257125479637e-01,9.682691724272115552e-01,9.684036551217843902e-01,9.685301853383788684e-01,9.683424848590825862e-01
9.691629589480073026e-01,9.692778057343324205e-01,9.692224681501500072e-01,9.690156029784046110e-01,9.692826308522345391e-01,9.689843262527026990e-01,9.692144464638705603e-01,9.692407007972987376e-01,9.689878271240237595e-01,9.691297978490589493e-01,9.690801668927911949e-01,9.690799963134356654e-01,9.691431793780803661e-01,9.691081858069051647e-01,9.690481095088457897e-01,9.692982865488591893e-01,9.692784999796143497e-01,9.691806689184362389e-01,9.693478822668288863e-01,9.691751098865128977e-01,9.691974189278366181e-01,9.692277431179594505e-01,9.693214465853046136e-01,9.691152840572661020e-01,9.692076082629322853e-01,9.691751047076500036e-01,9.692664326779896200e-01,9.691664722759674166e-01,9.690123964068569906e-01,9.690930488994508041e-01,9.690957539694839973e-01,9.691931300427049090e-01,9.692271245133454727e-01,9.690464820375802590e-01,9.693158747076162651e-01,9.690737578614858627e-01,9.692778071368158832e-01,9.690379825920872880e-01,9.692781318739029928e-01,9.690184164756354690e-01,9.690689791370794559e-01,9.691308855146502088e-01,9.692329485018837953e-01,9.690709444877996237e-01,9.692498399198828940e-01,9.692608920792790128e-01,9.692063153315363389e-01,9.690904351630982294e-01,9.691483582762693283e-01,9.691640409077544316e-01,9.690729305150773687e-01,9.691586259418031313e-01,9.692648349282768638e-01,9.691724234608365407e-01,9.692399640789869375e-01,9.692242780356142839e-01,9.687937658712687528e-01,9.691608902932870029e-01,9.692090335281110525e-01,9.693050765193932383e-01,9.692017395083740716e-01,9.692116758859580239e-01,9.691407953614195048e-01,9.691477834435693328e-01,9.690763730302380807e-01,9.692500402233733547e-01,9.692213646266004679e-01,9.692858073436039223e-01,9.690670266801074684e-01,9.692829693574036565e-01,9.690894131599084860e-01,9.690985831438571063e-01,9.691455437477094481e-01,9.690729185004245405e-01,9.691241538395933830e-01,9.691736962100491182e-01,9.690758016384657392e-01,9.688980125010084876e-01,9.692436399418248305e-01,9.691697942645466357e-01,9.692444948255601878e-01,9.692506804246033836e-01,9.691175116321011362e-01,9.690470512830732241e-01,9.691676338912321720e-01,9.689531770317360015e-01,9.691950094017204309e-01,9.690432138491246183e-01,9.690450355716646591e-01,9.690232655438404397e-01,9.691791829785526557e-01,9.694122888600699151e-01,9.691570351878817657e-01,9.691928232113571351e-01,9.692123881782178652e-01,9.690858829823055798e-01,9.691379824864299053e-01,9.692074692294145866e-01,9.691171795634013764e-01,9.691873471544640850e-01,9.690700303342001387e-01
9.699241076636236913e-01,9.699824486436878779e-01,9.697617032715168950e-01,9.699463139913830911e-01,9.699014093887490251e-01,9.701178438076165644e-01,9.700885243555538162e-01,9.698338503744176053e-01,9.700532035473173886e-01,9.699873529877727218e-01,9.700519917572683060e-01,9.698954208248661280e-01,9.700574006265472171e-01,9.700866637771877743e-01,9.697545910110803025e-01,9.701095244766648751e-01,9.701088877478170058e-01,9.699419896539948072e-01,9.698224152736737436e-01,9.698046927633160452e-01,9.698047964559972645e-01,9.699490627851073965e-01,9.700884695001650293e-01,9.698108666013303125e-01,9.700140987152906513e-01,9.698086429219082705e-01,9.700712105484505798e-01,9.700583846650697728e-01,9.698263212069957451e-01,9.699081819880334132e-01,9.699080693193568026e-01,9.699533965284381498e-01,9.698171000172706169e-01,9.700188138755235778e-01,9.698765392558663656e-01,9.698703738351349690e-01,9.698607651145622066e-01,9.699688833144454181e-01,9.699665463978345281e-01,9.700218203537096517e-01,9.699189552600501196e-01,9.700272089100764328e-01,9.700264760344694537e-01,9.699049783808877390e-01,9.699296418641611961e-01,9.697613054686624601e-01,9.699033584529556107e-01,9.699350100007636533e-01,9.699437848099192738e-01,9.699889338779069670e-01,9.699104726117292463e-01,9.698478465015353267e-01,9.698974929557706570e-01,9.700436919824056980e-01,9.701048924877656576e-01,9.699661809206463481e-01,9.699658165128220988e-01,9.697810724389631654e-01,9.698432842309816504e-01,9.700530958571872420e-01,9.698709509348557578e-01,9.698222970039114266e-01,9.700590478009226691e-01,9.700407336157593763e-01,9.698028429142655504e-01,9.699363782545816770e-01,9.699541774955389162e-01,9.698971077693069320e-01,9.698170633271382401e-01,9.700011594929296432e-01,9.700407406780890973e-01,9.699163092278755283e-01,9.698751857665339760e-01,9.698267494772920827e-01,9.699223322042718198e-01,9.699165430532322718e-01,9.698918469726254266e-01,9.699537203671694252e-01,9.699510972186241586e-01,9.700334614663412847e-01,9.697108911719614088e-01,9.697471826388748273e-01,9.699567895338816470e-01,9.700043921072329933e-01,9.697384528340967647e-01,9.697250962977395083e-01,9.699739680616048521e-01,9.697574131383421836e-01,9.698512314021967562e-01,9.701831479162541516e-01,9.698060401620560711e-01,9.698002067051965103e-01,9.699465026433489179e-01,9.700359484649527797e-01,9.698846537991715477e-01,9.699371968430929858e-01,9.698150181346008036e-01,9.699609327717664264e-01,9.699000486425737311e-01,9.699068084113747767e-01,9.699748525291334023e-01
9.706822664529862754e-01,9.706436226081472940e-01,9.706060724313835264e-01,9.707353004175749422e-01,9.706220984483827641e-01,9.704265350108651766e-01,9.708192777526750694e-01,9.706716642942125883e-01,9.706641472593636744e-01,9.707741944598375916e-01,9.706938027424283355e-01,9.705799457925958773e-01,9.704764239451192376e-01,9.705729379774885590e-01,9.706261379289857771e-01,9.705201005665132774e-01,9.707905836434216340e-01,9.705859908566814021e-01,9.707340883454916858e-01,9.708930958970697356e-01,9.705247805014445284e-01,9.707303070783046550e-01,9.707185061474764565e-01,9.706515056817534015e-01,9.706253410646324964e-01,9.706126661457722404e-01,9.706019147780529099e-01,9.706869223808854974e-01,9.705488462377257486e-01,9.706866712954869136e-01,9.705839860142694286e-01,9.706241300709048669e-01,9.706986798437736708e-01,9.706821445225579659e-01,9.705237245746992647e-01,9.707519220233404855e-01,9.705137384639033193e-01,9.707064104611075050e-01,9.705729649668350945e-01,9.705931679062369533e-01,9.707159413988322161e-01,9.706750988893598775e-01,9.707499794669749438e-01,9.706218082908855127e-01,9.706965304799635152e-01,9.706752856636603477e-01,9.705120604703778575e-01,9.706265893672291201e-01,9.705882491363894138e-01,9.707278775110207425e-01,9.706326376616203344e-01,9.706233493217581998e-01,9.707497873075765504e-01,9.707195835179363019e-01,9.705020263274783954e-01,9.705566194389644297e-01,9.705034518636861396e-01,9.704629171613621264e-01,9.705092988538481791e-01,9.706220790656527875e-01,9.705523314656051559e-01,9.707083732441965651e-01,9.706880452643753543e-01,9.706214822935862463e-01,9.706536777788770110e-01,9.706011331499254657e-01,9.706165009873416460e-01,9.705479080850494267e-01,9.705984106333344075e-01,9.706460789251855070e-01,9.705741128271051510e-01,9.706053346581993146e-01,9.706340840325389241e-01,9.706241904624883787e-01,9.705153971147033598e-01,9.706994768570409438e-01,9.706881606646462490e-01,9.705992654717846557e-01,9.705206781147733830e-01,9.707110878616430627e-01,9.706074263422524995e-01,9.706203795598483675e-01,9.706725834263835173e-01,9.705626683220356377e-01,9.705825046302082315e-01,9.706312129556762258e-01,9.704106218796585415e-01,9.706340203632458641e-01,9.706658406543902107e-01,9.706193173491913795e-01,9.706671715769765729e-01,9.704946261927966944e-01,9.706622394380641783e-01,9.705520776278970807e-01,9.706676597302299481e-01,9.705267291392977169e-01,9.705190296099509562e-01,9.702584777677489836e-01,9.707385946338772387e-01,9.706866200102419739e-01,9.707227401786149290e-01
9.713351820759603683e-01,9.710945625656448588e-01,9.713495487312008292e-01,9.713224113869006748e-01,9.713267780014698261e-01,9.713146120456164212e-01,9.713836115372478375e-01,9.714153009997804622e-01,9.713610574563458222e-01,9.713731373283152060e-01,9.712866003830302741e-01,9.713965092631571263e-01,9.711873222379400206e-01,9.714347202403357251e-01,9.712463148806471658e-01,9.712436194725091454e-01,9.713399422323902854e-01,9.713613657171502602e-01,9.713832699666359316e-01,9.710916232958283212e-01,9.712608409031527890e-01,9.712027676999407388e-01,9.711424270663390201e-01,9.712512096854736265e-01,9.712922359154160246e-01,9.712691053310484879e-01,9.713727018781542766e-01,9.712911563039452467e-01,9.712321131635267557e-01,9.713104206296566678e-01,9.711807643083513186e-01,9.712280368316905665e-01,9.713470173545427633e-01,9.713431007360733282e-01,9.712008028948873051e-01,9.712162860807909137e-01,9.711786356173875978e-01,9.711314971945416152e-01,9.712744907408729089e-01,9.713130640106811819e-01,9.712206605997373288e-01,9.712167711785959501e-01,9.712987471195514422e-01,9.712397099147898061e-01,9.712867477307134401e-01,9.713150031897325176e-01,9.711558658631281871e-01,9.711593112785754656e-01,9.715038097414111506e-01,9.712203355580502073e-01,9.712244945476561364e-01,9.712560938908140207e-01,9.711867151845730017e-01,9.713760299547194998e-01,9.710833698475692666e-01,9.712721159273667304e-01,9.711464395525960525e-01,9.711845973601680448e-01,9.710887144172304364e-01,9.712444888688629430e-01,9.712905543217282833e-01,9.712790994134536948e-01,9.712632947678980777e-01,9.713387100091407378e-01,9.710722087042751305e-01,9.712569320976595089e-01,9.711209407758033541e-01,9.710917255812251403e-01,9.713732600163805797e-01,9.714919485406926514e-01,9.711141567711750744e-01,9.711690918994995148e-01,9.711564821078713106e-01,9.712428527809443546e-01,9.711430513584438096e-01,9.712425718098675054e-01,9.712362037123487557e-01,9.710206628875091006e-01,9.714282313230095944e-01,9.710682850597512905e-01,9.711725729736926382e-01,9.712775901526893296e-01,9.712432940901696288e-01,9.712348224457207913e-01,9.711286202023373670e-01,9.713406730499403174e-01,9.711770102434320595e-01,9.710763558210868673e-01,9.712599678617058752e-01,9.712757996515715142e-01,9.712537103228174873e-01,9.711210318258020058e-01,9.713377808748273612e-01,9.713031030274967836e-01,9.713003306331893238e-01,9.712300158545785767e-01,9.712235725879801995e-01,9.712362592539530715e-01,9.711714651892368044e-01,9.711663755005182086e-01,9.712324207372293738e-01
